csv_schema_version,run_id,mission_id,mission_version,configuration_sha256,event_id,event_sequence,vehicle_id,operating_mode,source,recorded_at_utc,source_timestamp_s,received_timestamp_s,telemetry_sequence,simulation_timestamp_s,replay_timestamp_s,source_clock_id,source_clock_epoch,frame,state,armed,flying,position_is_estimate,localization_source,localization_quality_percent,position_x_m,position_y_m,position_z_m,ground_truth_x_m,ground_truth_y_m,ground_truth_z_m,velocity_x_m_s,velocity_y_m_s,velocity_z_m_s,roll_rad,pitch_rad,yaw_rad,quaternion_w,quaternion_x,quaternion_y,quaternion_z,battery_percent,battery_open_circuit_voltage_v,battery_voltage_v,battery_current_a,battery_cutoff_active,battery_cutoff_reason,powertrain_current_limited,transport_kind,transport_source_class,transport_delivery_quality_percent,transport_latency_ms,transport_packet_loss_percent,imu_acceleration_x_m_s2,imu_acceleration_y_m_s2,imu_acceleration_z_m_s2,imu_angular_velocity_x_rad_s,imu_angular_velocity_y_rad_s,imu_angular_velocity_z_rad_s,estimator_variance_x_m2,estimator_variance_y_m2,estimator_variance_z_m2,estimator_converged,estimator_quality_metric_id,flow_velocity_x_m_s,flow_velocity_y_m_s,flow_velocity_z_m_s,flow_ground_distance_m,flow_quality_percent,flow_status,flow_source_timestamp_s,range_max_m,range_source_timestamp_s,range_front_m,range_front_status,range_back_m,range_back_status,range_left_m,range_left_status,range_right_m,range_right_status,range_up_m,range_up_status,range_down_m,range_down_status,motor_model_id,motor_model_version,motor_m1_command_percent,motor_m1_requested_thrust_n,motor_m1_applied_pwm_percent,motor_m1_voltage_v,motor_m1_thrust_n,motor_m1_available_thrust_n,motor_m1_current_a,motor_m1_saturated,motor_m1_health_percent,motor_m1_faulted,motor_m2_command_percent,motor_m2_requested_thrust_n,motor_m2_applied_pwm_percent,motor_m2_voltage_v,motor_m2_thrust_n,motor_m2_available_thrust_n,motor_m2_current_a,motor_m2_saturated,motor_m2_health_percent,motor_m2_faulted,motor_m3_command_percent,motor_m3_requested_thrust_n,motor_m3_applied_pwm_percent,motor_m3_voltage_v,motor_m3_thrust_n,motor_m3_available_thrust_n,motor_m3_current_a,motor_m3_saturated,motor_m3_health_percent,motor_m3_faulted,motor_m4_command_percent,motor_m4_requested_thrust_n,motor_m4_applied_pwm_percent,motor_m4_voltage_v,motor_m4_thrust_n,motor_m4_available_thrust_n,motor_m4_current_a,motor_m4_saturated,motor_m4_health_percent,motor_m4_faulted,faults_json
1,child-f9d0c0c9a9ae419f6470a221,py-f996c906ee10788ea67a,f996c906ee10,4b81296e5dd75a57ec2747997355f69bfd8a5d1068302c364c372acc996e4530,evt-85ad098b661a4e36a2e3c8b961fb0852,45412,Alpha,SIM,vehicle-adapter,2026-08-15T05:18:04.525598Z,0.05,0.060000000000000005,7,0.05,,fast-sim-Alpha,1,home,READY,true,false,true,simulated,98.95885315901398,-1.351279029645112,-0.00029020496633396257,0.0,-1.35,0.0,0.0,0.0,0.0,0.0,0.0,0.0,0.0,,,,,99.99955555555553,4.199996444444444,4.193996444444611,0.08,false,,false,modeled_transport,SIMULATED_MODEL,100.0,30.0,0.0,0.0,0.0,0.0,0.0,0.0,0.0,,,,,,,,,-0.0,0.0,UNAVAILABLE,0.05,4.0,0.05,3.3507945201224696,VALID,0.6510444664881009,VALID,2.001206397815309,VALID,2.0004039437499457,VALID,2.4990539654958654,VALID,0.0,CLIPPED,crazyflie-6dof,2.0.0,0.0,0.0,0.0,0.0,0.0,0.12,0.0,false,100.0,false,0.0,0.0,0.0,0.0,0.0,0.12,0.0,false,100.0,false,0.0,0.0,0.0,0.0,0.0,0.12,0.0,false,100.0,false,0.0,0.0,0.0,0.0,0.0,0.12,0.0,false,100.0,false,[]
1,child-f9d0c0c9a9ae419f6470a221,py-f996c906ee10788ea67a,f996c906ee10,4b81296e5dd75a57ec2747997355f69bfd8a5d1068302c364c372acc996e4530,evt-54d4ba11155b483f947f6b89caf7e897,45418,Alpha,SIM,vehicle-adapter,2026-08-15T05:18:04.527055Z,0.07,0.08,9,0.07,,fast-sim-Alpha,1,home,READY,true,false,true,simulated,98.94583310984204,-1.3495892489727337,-0.0009483037838964482,4.8474357805962034e-05,-1.35,0.0,0.0,0.0,0.0,0.0,0.0,0.0,0.0,,,,,99.99937777777774,4.199994666666667,4.193994666666303,0.08,false,,false,modeled_transport,SIMULATED_MODEL,100.0,30.0,0.0,0.0,0.0,0.0,0.0,0.0,0.0,,,,,,,,,-0.0,0.0,UNAVAILABLE,0.07,4.0,0.07,3.351976153631864,VALID,0.6496195817654682,VALID,1.998916378359729,VALID,1.9989221335942136,VALID,2.502668446666838,VALID,0.0,CLIPPED,crazyflie-6dof,2.0.0,0.0,0.0,0.0,0.0,0.0,0.12,0.0,false,100.0,false,0.0,0.0,0.0,0.0,0.0,0.12,0.0,false,100.0,false,0.0,0.0,0.0,0.0,0.0,0.12,0.0,false,100.0,false,0.0,0.0,0.0,0.0,0.0,0.12,0.0,false,100.0,false,[]
1,child-f9d0c0c9a9ae419f6470a221,py-f996c906ee10788ea67a,f996c906ee10,4b81296e5dd75a57ec2747997355f69bfd8a5d1068302c364c372acc996e4530,evt-ea57358c2a704b24bf1c9c1c6477958c,45419,Alpha,SIM,vehicle-adapter,2026-08-15T05:18:04.527728Z,0.08,0.09,10,0.08,,fast-sim-Alpha,1,home,TAKING_OFF,true,true,true,simulated,98.91915213803763,-1.3508968949093119,0.00010910850745116801,0.0027211065327191787,-1.35,0.0,0.0,0.0,0.0,0.0,0.0,0.0,0.0,,,,,99.99720567610053,4.199993777777777,4.053376914567412,1.9548915094867119,false,,false,modeled_transport,SIMULATED_MODEL,100.0,30.0,0.0,0.0,0.0,2.3690568501246343,0.0,0.0,0.0,,,,,,,,,-0.0,0.0,UNAVAILABLE,0.08,4.0,0.08,3.3493721461017847,VALID,0.650471466264345,VALID,1.9961065739185264,VALID,1.99894883906436,VALID,2.502171955358456,VALID,0.00031803168155797524,VALID,crazyflie-6dof,2.0.0,68.00955265121942,0.0816114631814633,61.46342492573669,2.4913442768422835,0.018952454800997078,0.12,0.46872287737167795,false,100.0,false,68.00955265121942,0.0816114631814633,61.46342492573669,2.4913442768422835,0.018952454800997078,0.12,0.46872287737167795,false,100.0,false,68.00955265121942,0.0816114631814633,61.46342492573669,2.4913442768422835,0.018952454800997078,0.12,0.46872287737167795,false,100.0,false,68.00955265121942,0.0816114631814633,61.46342492573669,2.4913442768422835,0.018952454800997078,0.12,0.46872287737167795,false,100.0,false,[]
1,child-f9d0c0c9a9ae419f6470a221,py-f996c906ee10788ea67a,f996c906ee10,4b81296e5dd75a57ec2747997355f69bfd8a5d1068302c364c372acc996e4530,evt-6b4ee61c12864538bfc4a7d01f95d757,45420,Alpha,SIM,vehicle-adapter,2026-08-15T05:18:04.536117Z,0.09,0.09999999999999999,11,0.09,,fast-sim-Alpha,1,home,TAKING_OFF,true,true,true,simulated,98.90629190937892,-1.3493781148690562,0.001881720560863664,0.001440597413192603,-1.349999999198402,-6.482028265866669e-10,0.0,0.0,0.0,0.0,0.0,0.0,0.0,,,,,99.9950262298832,4.1999720567610055,4.052859437089838,1.9615015956061341,false,,false,modeled_transport,SIMULATED_MODEL,100.0,30.0,0.0,8.015981869733693e-06,-6.482028265884182e-06,4.154613444819948,0.0,0.0,0.0,,,,,,,,,-0.0,0.0,UNAVAILABLE,0.09,4.0,0.09,3.3476973124723433,VALID,0.6515467066165329,VALID,1.9984073385336265,VALID,1.9981810644519669,VALID,2.4996489923863865,VALID,0.0009156878906027269,VALID,crazyflie-6dof,2.0.0,67.9438004758388,0.08153256057100655,61.53680786114857,2.494000324684401,0.03323307214876638,0.12,0.47023030002266886,false,100.0,false,67.95957568149984,0.0815514908177998,61.54406038563642,2.494294259307534,0.033237313368275095,0.12,0.47039074919392,false,100.0,false,67.97233211366715,0.08156679853640059,61.54992372582184,2.4945318922435678,0.03324074295451037,0.12,0.47052050183068705,false,100.0,false,67.95655690800612,0.08154786828960733,61.54267266915902,2.4942380171093195,0.03323650176309579,0.12,0.470360044558858,false,100.0,false,[]
1,child-f9d0c0c9a9ae419f6470a221,py-f996c906ee10788ea67a,f996c906ee10,4b81296e5dd75a57ec2747997355f69bfd8a5d1068302c364c372acc996e4530,evt-527b44a699184176afa5b8cda553721d,45421,Alpha,SIM,vehicle-adapter,2026-08-15T05:18:04.546981Z,0.09999999999999999,0.10999999999999999,12,0.09999999999999999,,fast-sim-Alpha,1,home,TAKING_OFF,true,true,true,simulated,98.94295904569134,-1.3508790631303345,-3.126603749865973e-05,0.0014196726543392174,-1.3499999977747588,-4.242868988130771e-09,0.0,0.0,0.0,0.0,5.356956370122192e-06,1.137728060842299e-06,3.2787843625560152e-12,,,,,99.99283192340303,4.199950262298832,4.051834574888005,1.9748758321485127,false,,false,modeled_transport,SIMULATED_MODEL,100.0,30.0,0.0,-4.508989801710349e-08,3.646140899495303e-08,5.507062727500051,0.0005356956370133138,0.00011377280608512035,2.3140457105043856e-11,,,,,,,,,-0.0,0.0,UNAVAILABLE,0.09999999999999999,4.0,0.09999999999999999,0.00024662704614750793,VALID,0.6482319504202196,VALID,1.99810183716855,VALID,0.0011871985031056069,VALID,2.5012059398699105,VALID,0.0,CLIPPED,crazyflie-6dof,2.0.0,68.07631997353243,0.08169158396823892,61.69696961181573,2.4998591463896958,0.044049363575626714,0.12,0.4735576747546497,false,100.0,false,68.07377790269159,0.08168853348322991,61.69580131816931,2.4998118090637935,0.04405186451122271,0.12,0.47353167143577213,false,100.0,false,68.10785160450324,0.08172942192540389,61.71145711855309,2.5004461561967193,0.044063640059596336,0.12,0.4738802395587133,false,100.0,false,68.11039367534408,0.0817324724104129,61.712624782118986,2.5004934679928006,0.04406113913356375,0.12,0.47390624639937756,false,100.0,false,[]
1,child-f9d0c0c9a9ae419f6470a221,py-f996c906ee10788ea67a,f996c906ee10,4b81296e5dd75a57ec2747997355f69bfd8a5d1068302c364c372acc996e4530,evt-665c42ea510b4b93a456aa96512946d0,45422,Alpha,SIM,vehicle-adapter,2026-08-15T05:18:04.558051Z,0.10999999999999999,0.11999999999999998,13,0.10999999999999999,,fast-sim-Alpha,1,home,TAKING_OFF,true,true,true,simulated,98.95066845763215,-1.3488796871471738,-0.0015681547581637791,0.0,-1.3499999931025253,-1.8156352422535785e-08,0.0,0.0,0.0,0.0,1.5828136412855897e-05,4.9855591829692925e-06,4.488509262637509e-11,,,,,99.99062549668733,4.19992831923403,4.050994515926304,1.9857840441165635,false,,false,modeled_transport,SIMULATED_MODEL,100.0,30.0,0.0,-8.007992869403372e-08,2.021999715589608e-07,6.5320622724740565,0.0010471180042701997,0.0003847831122409328,8.479785943449133e-11,,,,,,,,,-0.0,0.0,UNAVAILABLE,0.10999999999999999,4.0,0.10999999999999999,0.001546091261090333,VALID,0.6501399071431844,VALID,1.9987553830802085,VALID,0.00024918990853937565,VALID,2.5002886053248794,VALID,0.0,CLIPPED,crazyflie-6dof,2.0.0,68.15593935920349,0.08178712723104418,61.829081693257834,2.504692708641469,0.05224777374059484,0.12,0.4763185049514519,false,100.0,false,68.17114539098021,0.08180537446917625,61.83607115445866,2.504975851331407,0.05225377476968526,0.12,0.4764749025502086,false,100.0,false,68.18073318159968,0.08181687981791962,61.840477324103894,2.505154345022098,0.052265222606265524,0.12,0.4765735201058687,false,100.0,false,68.16552714902319,0.08179863257882782,61.83348892209734,2.5048712452400617,0.052259221602739395,0.12,0.47641711650903434,false,100.0,false,[]
1,child-f9d0c0c9a9ae419f6470a221,py-f996c906ee10788ea67a,f996c906ee10,4b81296e5dd75a57ec2747997355f69bfd8a5d1068302c364c372acc996e4530,evt-a4c49968dd004f239d02ab6f6f1a2065,45423,Alpha,SIM,vehicle-adapter,2026-08-15T05:18:04.569477Z,0.12,0.13,14,0.12,,fast-sim-Alpha,1,home,TAKING_OFF,true,true,true,simulated,98.96041539981691,-1.3514974977955099,0.002232975646819576,0.0,-1.3499999814142296,-5.300493685593784e-08,0.0,0.0,0.0,0.0,2.8735029117789026e-05,9.630154378861619e-06,1.4992510034433025e-10,,,,,99.98840438995636,4.199906254966874,4.049981550625212,1.9989960578743986,false,,false,modeled_transport,SIMULATED_MODEL,100.0,30.0,0.0,-2.62813133613331e-07,7.826334428294196e-07,7.312804264464064,0.0012906892704344685,0.00046445951971848994,1.5510754290744938e-10,,,,,,,,,-0.0,0.0,UNAVAILABLE,0.12,4.0,0.12,0.0,CLIPPED,0.6553359501607673,VALID,1.9998423006000392,VALID,0.0017961254093140774,VALID,2.499198563674686,VALID,0.0027334758177262387,VALID,crazyflie-6dof,2.0.0,68.32088716158458,0.0819850645939015,61.9966901748805,2.5108545140809335,0.058498606188309,0.12,0.4798527128743683,false,100.0,false,68.3112925194657,0.08197355102335883,61.99228407494889,2.5106760678466014,0.058500505504723556,0.12,0.47975349712110377,false,100.0,false,68.30083067356773,0.08196099680828127,61.98747897322395,2.5104814621132525,0.05850626202883609,0.12,0.47964531818239486,false,100.0,false,68.31042530805531,0.08197251036966637,61.99188579689016,2.5106599376587027,0.05850436274178204,0.12,0.47974452969653175,false,100.0,false,[]
1,child-f9d0c0c9a9ae419f6470a221,py-f996c906ee10788ea67a,f996c906ee10,4b81296e5dd75a57ec2747997355f69bfd8a5d1068302c364c372acc996e4530,evt-f88de58305734bc49c73896b49ffbd8b,45424,Alpha,SIM,vehicle-adapter,2026-08-15T05:18:04.572325Z,0.13,0.14,15,0.13,,fast-sim-Alpha,1,home,TAKING_OFF,true,true,true,simulated,98.93317967964744,-1.3492428255814997,0.0007297361495431938,0.0002457765102792436,-1.3499999559485467,-1.2531047411398422e-07,0.0,0.0,0.0,0.0,4.761505584643046e-05,1.7505697082665705e-05,4.545475307201176e-10,,,,,99.98617166927643,4.199884043899564,4.049175398002669,2.0094486119458868,false,,false,modeled_transport,SIMULATED_MODEL,100.0,30.0,0.0,-6.574666251843919e-07,1.960232871909054e-06,7.907787875661211,0.0018880026725069156,0.0007875542710086024,3.9732529123992375e-10,,,,,,,,,-0.0,0.0,UNAVAILABLE,0.13,4.0,0.13,0.002227572193817212,VALID,0.6499157334097649,VALID,1.9966716860111517,VALID,0.0018477727208108111,VALID,2.502716526681283,VALID,0.0,CLIPPED,crazyflie-6dof,2.0.0,68.36036726626513,0.08203244071951815,62.10322770165554,2.5146686174610147,0.06325184961866986,0.12,0.4820738127999276,false,100.0,false,68.38180223492095,0.08205816268190513,62.113076666210155,2.515067419310718,0.06325913036295575,0.12,0.482296559816835,false,100.0,false,68.41585895573225,0.08209903074687869,62.12871824900552,2.5157007744331263,0.06327275634325835,0.12,0.48265050856587116,false,100.0,false,68.39442396341873,0.08207330875610247,62.11887455687099,2.51530218607296,0.06326547569962991,0.12,0.482427730763253,false,100.0,false,[]
1,child-f9d0c0c9a9ae419f6470a221,py-f996c906ee10788ea67a,f996c906ee10,4b81296e5dd75a57ec2747997355f69bfd8a5d1068302c364c372acc996e4530,evt-f1826129508a4f92b8d1b418b49a1a6f,45425,Alpha,SIM,vehicle-adapter,2026-08-15T05:18:04.591643Z,0.14,0.15000000000000002,16,0.14,,fast-sim-Alpha,1,home,TAKING_OFF,true,true,true,simulated,98.9361181084191,-1.3507806047181716,0.0005994406063740292,0.0009957339685842882,-1.349999908126399,-2.578869334067949e-07,0.0,0.0,0.0,0.0,7.255794489818996e-05,2.6905012536285426e-05,1.024370818709215e-09,,,,,99.9839280653438,4.199861716692764,4.048418451240632,2.019243539355254,false,,false,modeled_transport,SIMULATED_MODEL,100.0,30.0,0.0,-1.4324446544620095e-06,4.067186458733179e-06,8.362645998435903,0.002494288904039953,0.0009399315471690979,5.051315658958756e-10,,,,,,,,,-0.0,0.0,UNAVAILABLE,0.14,4.0,0.14,0.0,CLIPPED,0.6482264636493542,VALID,1.9970233432780327,VALID,0.0014456073908579372,VALID,2.4991351686584182,VALID,0.0012105126660098163,VALID,crazyflie-6dof,2.0.0,68.45122837724983,0.08214147405269981,62.22993518328971,2.5193281781553867,0.0668923154802924,0.12,0.4847728947241612,false,100.0,false,68.44459081370759,0.08213350897644911,62.22688487030836,2.519204688721829,0.0668959676846202,0.12,0.48470358453933704,false,100.0,false,68.4585043487154,0.08215020521845848,62.23327851253116,2.519463530113283,0.06691002047703325,0.12,0.48484887337320537,false,100.0,false,68.46514184157448,0.08215817020988936,62.236328125179256,2.5195869911944198,0.06690636831867972,0.12,0.48491818671855025,false,100.0,false,[]
1,child-f9d0c0c9a9ae419f6470a221,py-f996c906ee10788ea67a,f996c906ee10,4b81296e5dd75a57ec2747997355f69bfd8a5d1068302c364c372acc996e4530,evt-01e73d62d0da4a0fba1eac52e138a9b5,45426,Alpha,SIM,vehicle-adapter,2026-08-15T05:18:04.604151Z,0.16000000000000003,0.17000000000000004,18,0.16000000000000003,,fast-sim-Alpha,1,home,TAKING_OFF,true,true,true,simulated,98.93197319943796,-1.3499505862191112,0.0024063686163768782,0.0,-1.3499996960294225,-8.237392701769781e-07,0.0,0.0,0.0,0.0,0.00013781909967617193,5.5556937171303047e-05,4.097078071648989e-09,,,,,99.97941036480891,4.1998167483423146,4.046965062318364,2.0380224802938494,false,,false,modeled_transport,SIMULATED_MODEL,100.0,30.0,0.0,-4.5747343044809635e-06,1.246837526571701e-05,8.981277699074235,0.003470097008680913,0.001678492319964283,3.1708644936523865e-10,,,,,,,,,-0.0,0.0,UNAVAILABLE,0.16000000000000003,4.0,0.16000000000000003,0.0,CLIPPED,0.6475433274578664,VALID,1.997825771798846,VALID,0.0,CLIPPED,2.499600335198636,VALID,0.0006337431258716622,VALID,crazyflie-6dof,2.0.0,68.57328276166824,0.08228793931400188,62.446037551232735,2.527169322500595,0.07183945006215871,0.12,0.4893682181403196,false,100.0,false,68.59835803707831,0.08231802964449397,62.45756556367543,2.5276358571365303,0.07185071654437707,0.12,0.48963243702778847,false,100.0,false,68.59936273747267,0.08231923528496721,62.45802736626658,2.527654546126051,0.07186099319366059,0.12,0.4896430241466923,false,100.0,false,68.57428715848178,0.08228914459017814,62.44649939611781,2.5271880132017355,0.0718497266333004,0.12,0.489378800979049,false,100.0,false,[]
1,child-f9d0c0c9a9ae419f6470a221,py-f996c906ee10788ea67a,f996c906ee10,4b81296e5dd75a57ec2747997355f69bfd8a5d1068302c364c372acc996e4530,evt-4c985eeb83c341bf91ef4fc39af3a882,45427,Alpha,SIM,vehicle-adapter,2026-08-15T05:18:04.614623Z,0.17000000000000004,0.18000000000000005,19,0.17000000000000004,,fast-sim-Alpha,1,home,TAKING_OFF,true,true,true,simulated,98.92480873245482,-1.3502435945671143,0.0018036003500268845,0.0,-1.349999496417911,-1.3303587473300807e-06,0.0,0.0,0.0,0.0,0.00017879211810629557,7.568679633210688e-05,7.28140954775066e-09,,,,,99.97713344666214,4.199794103648089,4.046102128740726,2.0492263320951216,false,,false,modeled_transport,SIMULATED_MODEL,100.0,30.0,0.0,-7.3557204005918414e-06,1.936081818750511e-05,9.192979668624448,0.0040973018226893925,0.0020129859417571463,-2.338168637919072e-10,,,,,,,,,-0.0,0.0,UNAVAILABLE,0.17000000000000004,4.0,0.17000000000000004,0.0,CLIPPED,0.6505407758192203,VALID,2.001698390373057,VALID,0.00038667512697642103,VALID,2.5012011734565927,VALID,0.0,CLIPPED,crazyflie-6dof,2.0.0,68.69415422321694,0.08243298506786033,62.576955238560316,2.53192751800852,0.07353227821337707,0.12,0.4921740943012264,false,100.0,false,68.69246026404407,0.08243095231685289,62.57617683868937,2.5318960231547716,0.073540275911091,0.12,0.4921561678730361,false,100.0,false,68.71919212265787,0.08246303054718944,62.588458122148616,2.5323929364262527,0.0735553966621777,0.12,0.4924390738922374,false,100.0,false,68.72088549140474,0.08246506258968568,62.58923592476909,2.5324244071146373,0.07354739873792193,0.12,0.49245699602862186,false,100.0,false,[]
1,child-f9d0c0c9a9ae419f6470a221,py-f996c906ee10788ea67a,f996c906ee10,4b81296e5dd75a57ec2747997355f69bfd8a5d1068302c364c372acc996e4530,evt-bd5a4b09c23b44229eacf3bf1a9f4134,45428,Alpha,SIM,vehicle-adapter,2026-08-15T05:18:04.623724Z,0.18000000000000005,0.19000000000000006,20,0.18000000000000005,,fast-sim-Alpha,1,home,TAKING_OFF,true,true,true,simulated,98.93365684874404,-1.3499788675497013,-0.0017716302669667475,0.0,-1.3499992059903732,-2.045933511610604e-06,0.0,0.0,0.0,0.0,0.00022629896541866157,9.823026931387846e-05,1.183409036656953e-08,,,,,99.97484599046949,4.199771334466622,4.0453680414623925,2.058710573374921,false,,false,modeled_transport,SIMULATED_MODEL,100.0,30.0,0.0,-1.1228147132533541e-05,2.8497344743473943e-05,9.359522436157636,0.004750684692540642,0.002254347344879173,-1.3399208768825834e-09,,,,,,,,,-0.0,0.0,UNAVAILABLE,0.18000000000000005,4.0,0.18000000000000005,0.0006945138481197002,VALID,0.6514249524583348,VALID,2.001406763645862,VALID,0.0019432130175833981,VALID,2.497333317461487,VALID,0.0011837835768919683,VALID,crazyflie-6dof,2.0.0,68.78026374258528,0.08253631649110234,62.68906199159572,2.536003279300561,0.07486517153720904,0.12,0.49458876468059343,false,100.0,false,68.78051168909913,0.08253661402691896,62.68917590331047,2.536007887448665,0.074871250450567,0.12,0.49459139948839814,false,100.0,false,68.796991418586,0.08255638970230321,62.696746037996256,2.5363141272579393,0.07488718779112441,0.12,0.4947665276108717,false,100.0,false,68.7967424341575,0.08255609092098899,62.696631678942914,2.536309501013343,0.0748811084198036,0.12,0.4947638815950578,false,100.0,false,[]
1,child-f9d0c0c9a9ae419f6470a221,py-f996c906ee10788ea67a,f996c906ee10,4b81296e5dd75a57ec2747997355f69bfd8a5d1068302c364c372acc996e4530,evt-526b9723e2b14bfea5189b98262d962d,45429,Alpha,SIM,vehicle-adapter,2026-08-15T05:18:04.635174Z,0.19000000000000006,0.20000000000000007,21,0.19000000000000006,,fast-sim-Alpha,1,home,TAKING_OFF,true,true,true,simulated,98.9141324565736,-1.3508719529655688,0.00016534654806881876,0.0014047703035775653,-1.3499988014807718,-3.0182221957269765e-06,0.0,0.0,0.0,0.0,0.00027469390794968777,0.0001219088777984968,1.77328930640747e-08,,,,,99.97254818665414,4.199748459904695,4.044646702367791,2.068023433821506,false,,false,modeled_transport,SIMULATED_MODEL,100.0,30.0,0.0,-1.6336548167122412e-05,4.0251078714830055e-05,9.491984543958964,0.004839494189119289,0.0023678609227387646,-3.2604512176846705e-09,,,,,,,,,-0.0,0.0,UNAVAILABLE,0.19000000000000006,4.0,0.19000000000000006,0.0,CLIPPED,0.6505248131727503,VALID,2.000206924130563,VALID,0.0,CLIPPED,2.499483569286468,VALID,0.0,CLIPPED,crazyflie-6dof,2.0.0,68.88837242807084,0.082666046913685,62.80846855770123,2.540380652326774,0.07593230693625852,0.12,0.49718610028692545,false,100.0,false,68.88403654538077,0.08266084385445692,62.80647764639765,2.5403001269983863,0.07593566810881212,0.12,0.49713983738064527,false,100.0,false,68.85458599549841,0.08262550319459809,62.79295123881828,2.5397530316002785,0.07593944637510788,0.12,0.4968256283464668,false,100.0,false,68.85892020504764,0.08263070424605716,62.79494229823004,2.539833562919118,0.0759360844040537,0.12,0.4968718678074686,false,100.0,false,[]
1,child-f9d0c0c9a9ae419f6470a221,py-f996c906ee10788ea67a,f996c906ee10,4b81296e5dd75a57ec2747997355f69bfd8a5d1068302c364c372acc996e4530,evt-52d035b1cbb54ba6920fb8769a16d5e7,45430,Alpha,SIM,vehicle-adapter,2026-08-15T05:18:04.645666Z,0.20000000000000007,0.21000000000000008,22,0.20000000000000007,,fast-sim-Alpha,1,home,TAKING_OFF,true,true,true,simulated,98.89347382934383,-1.3518817053981487,0.000146016291830376,0.0002772363012166603,-1.3499982582017702,-4.2944946436003035e-06,0.0,0.0,0.0,0.0,0.0003224595635237979,0.0001469730432087795,2.515272278080723e-08,,,,,99.97024312927633,4.199725481866541,4.044134108864572,2.0745516400362884,false,,false,modeled_transport,SIMULATED_MODEL,100.0,30.0,0.0,-2.2753663459163615e-05,5.469123513214937e-05,9.596641900079609,0.004776565458566265,0.002506416651692047,-6.374726185779964e-09,,,,,,,,,-0.0,0.0,UNAVAILABLE,0.20000000000000007,4.0,0.20000000000000007,0.0,CLIPPED,0.6502228954337431,VALID,1.9990903480175042,VALID,0.0031138192229669143,VALID,2.500774959093263,VALID,0.004660399232998293,VALID,crazyflie-6dof,2.0.0,68.89132857616652,0.0826695942913998,62.876884847646586,2.5428255467151755,0.0767709196013977,0.12,0.4986558083322897,false,100.0,false,68.89644768761704,0.08267573722514043,62.87923762189537,2.542920696061075,0.07677487461829394,0.12,0.4987106271816002,false,100.0,false,68.88798689920174,0.08266558427904208,62.87534889139521,2.5427634305845164,0.07677535178491093,0.12,0.4986200240573721,false,100.0,false,68.88286529853205,0.08265943835823847,62.872994661811475,2.5426682223829196,0.07677139546930135,0.12,0.4985651804650265,false,100.0,false,[]
1,child-f9d0c0c9a9ae419f6470a221,py-f996c906ee10788ea67a,f996c906ee10,4b81296e5dd75a57ec2747997355f69bfd8a5d1068302c364c372acc996e4530,evt-bb400f5b594b4c6ca038dbf2a7b5f0a3,45431,Alpha,SIM,vehicle-adapter,2026-08-15T05:18:04.656254Z,0.21000000000000008,0.22000000000000008,23,0.21000000000000008,,fast-sim-Alpha,1,home,TAKING_OFF,true,true,true,simulated,98.89792548130333,-1.3507067947170166,0.0011262472575221873,0.0,-1.3499975485451134,-5.920178652382826e-06,0.0,0.0,0.0,0.0,0.00036822783978388517,0.00017496301643543592,3.4708006556948076e-08,,,,,99.96792576129666,4.1997024312927635,4.043280092665958,2.0856311817092177,false,,false,modeled_transport,SIMULATED_MODEL,100.0,30.0,0.0,-3.055944088275683e-05,7.179031941768107e-05,9.683966492240106,0.004576827472998137,0.0027989974866595778,-1.1087768831873146e-08,,,,,,,,,-0.0,0.0,UNAVAILABLE,0.21000000000000008,4.0,0.21000000000000008,0.0,CLIPPED,0.6480335162546627,VALID,2.0001300164083413,VALID,0.0007194336230307105,VALID,2.500362376743878,VALID,0.0,CLIPPED,crazyflie-6dof,2.0.0,69.0241831253394,0.0828290197504073,63.00224995078965,2.547357430191926,0.07746931284376636,0.12,0.5013788252855972,false,100.0,false,69.03998154642306,0.08284797785570766,63.009502765390366,2.547650681800835,0.07747670652003685,0.12,0.5015486468087833,false,100.0,false,69.02957481347528,0.08283548977617033,63.00472539352132,2.5474575192751012,0.07747415252587701,0.12,0.5014367807625315,false,100.0,false,69.01377288665469,0.08281652746398563,62.99746979216273,2.547164154989766,0.07746675687902616,0.12,0.5012669288523056,false,100.0,false,[]
1,child-f9d0c0c9a9ae419f6470a221,py-f996c906ee10788ea67a,f996c906ee10,4b81296e5dd75a57ec2747997355f69bfd8a5d1068302c364c372acc996e4530,evt-00b9e4aec58d481785b9650bf11e6613,45432,Alpha,SIM,vehicle-adapter,2026-08-15T05:18:04.667056Z,0.22000000000000006,0.23000000000000007,24,0.22000000000000006,,fast-sim-Alpha,1,home,TAKING_OFF,true,true,true,simulated,98.89941176106824,-1.3504274072112645,0.0004559311472707739,0.0001718033628211455,-1.3499966428623704,-7.939004913453694e-06,0.0,0.0,0.0,0.0,0.00041230980017633413,0.00020500139079639523,4.62526792370615e-08,,,,,99.96559799709556,4.199679257612967,4.042555174037803,2.0949877809886046,false,,false,modeled_transport,SIMULATED_MODEL,100.0,30.0,0.0,-3.9918181870477343e-05,9.144471619360744e-05,9.756904721246755,0.004408195820630519,0.0030038376588471345,-1.7836902541813854e-08,,,,,,,,,-0.0,0.0,UNAVAILABLE,0.22000000000000006,4.0,0.22000000000000006,0.0005714718279489228,VALID,0.648147722247677,VALID,2.002963274506004,VALID,3.1069017202535997e-06,VALID,2.500128993310714,VALID,0.0,CLIPPED,crazyflie-6dof,2.0.0,69.12528534967758,0.08295034241961309,63.1106647879762,2.5512834447559856,0.07805342362580527,0.12,0.5037470826686982,false,100.0,false,69.12535951335724,0.08295043141602869,63.110698819424904,2.5512848204960763,0.0780590006134014,0.12,0.5037478827059894,false,100.0,false,69.12526227400872,0.08295031472881047,63.11065419924816,2.5512830167008125,0.07805705406278153,0.12,0.5037468337410296,false,100.0,false,69.1251833055622,0.08295021996667463,63.11061796298241,2.5512815518297765,0.07805147424628678,0.12,0.5037459818728873,false,100.0,false,[]
1,child-f9d0c0c9a9ae419f6470a221,py-f996c906ee10788ea67a,f996c906ee10,4b81296e5dd75a57ec2747997355f69bfd8a5d1068302c364c372acc996e4530,evt-de8f015aaf9a46f7a84d83b23fd749d4,45433,Alpha,SIM,vehicle-adapter,2026-08-15T05:18:04.673283Z,0.23000000000000007,0.24000000000000007,25,0.23000000000000007,,fast-sim-Alpha,1,home,TAKING_OFF,true,true,true,simulated,98.89646148744453,-1.3509024134962582,0.0014540240030920673,0.0,-1.3499955107616863,-1.0391984239490827e-05,1.1602096357412627e-06,0.0,0.0,0.00011602096357412617,0.0004537558509238085,0.00023579795417300397,5.931714571291823e-08,,,,,99.96326093025387,4.199655979970956,4.041903968159128,2.1033601575139995,false,,false,modeled_transport,SIMULATED_MODEL,100.0,30.0,0.0,-5.09446461366349e-05,0.00011355896306585508,9.81825331652899,0.004144604787400303,0.003079656615555181,-2.7145750534252105e-08,,,,,,,,,1.1602097874358139e-06,0.0023180596266061722,UNAVAILABLE,0.23000000000000007,4.0,0.23000000000000007,0.008279389378668095,VALID,0.6515708789598604,VALID,2.002250108029566,VALID,0.0024952891002214548,VALID,2.503118048021871,VALID,0.0009897793709886264,VALID,crazyflie-6dof,2.0.0,69.21067762702138,0.08305281315242564,63.209521255915256,2.554868147897226,0.07854666759046312,0.12,0.5059171717781277,false,100.0,false,69.20579951724018,0.08304695942068822,63.207283612082556,2.5547777044823587,0.0785494866382976,0.12,0.5058643694787959,false,100.0,false,69.19642896065794,0.08303571475278952,63.20298475628062,2.554603948859115,0.07854538844610043,0.12,0.5057629424197735,false,100.0,false,69.20130071127181,0.08304156085352617,63.20521980876504,2.554694287534173,0.07854256548736874,0.12,0.5058156738373023,false,100.0,false,[]
1,child-f9d0c0c9a9ae419f6470a221,py-f996c906ee10788ea67a,f996c906ee10,4b81296e5dd75a57ec2747997355f69bfd8a5d1068302c364c372acc996e4530,evt-4122d39ce0fd48798e692e723fac19f1,45434,Alpha,SIM,vehicle-adapter,2026-08-15T05:18:04.688812Z,0.24000000000000007,0.25000000000000006,26,0.24000000000000007,,fast-sim-Alpha,1,home,TAKING_OFF,true,true,true,simulated,98.88917702350028,-1.3508606702151469,0.0003324492038016253,5.1738222981889956e-05,-1.3499941215273041,-1.3318070671824807e-05,8.768018417363713e-06,0.0,0.0,0.0007607808781622444,0.0004932586808316897,0.00026694014501372766,7.366776811669283e-08,,,,,99.96091412271996,4.1996326093025385,4.041223100763217,2.112126780523357,false,,false,modeled_transport,SIMULATED_MODEL,100.0,30.0,0.0,-6.366323004887084e-05,0.00013794787566752745,9.871127458957176,0.003950282630571588,0.003114219415325693,-3.95432745307717e-08,,,,,,,,,8.768019796402922e-06,0.01751616080722816,UNAVAILABLE,0.24000000000000007,4.0,0.24000000000000007,0.03468326455980915,VALID,0.6509515760852815,VALID,2.001763245864813,VALID,0.017331946942029663,VALID,2.502675333378217,VALID,0.0003124105317664416,VALID,crazyflie-6dof,2.0.0,69.29550830645961,0.08315460996775152,63.30582242067288,2.5583295197923728,0.07896991151889746,0.12,0.5080273691578776,false,100.0,false,69.29487752942973,0.08315385303531568,63.30553320440407,2.558317831917706,0.07897185216437264,0.12,0.5080205190269677,false,100.0,false,69.29630904200704,0.08315557085040844,63.306189560190354,2.558344356719364,0.07896917598419324,0.12,0.5080360650351162,false,100.0,false,69.29693172473954,0.08315631806968744,63.30647505883361,2.558355894356488,0.07896723011806359,0.12,0.5080428273033955,false,100.0,false,[]
1,child-f9d0c0c9a9ae419f6470a221,py-f996c906ee10788ea67a,f996c906ee10,4b81296e5dd75a57ec2747997355f69bfd8a5d1068302c364c372acc996e4530,evt-53e092228577421cad5c7ccff71e9a39,45435,Alpha,SIM,vehicle-adapter,2026-08-15T05:18:04.700151Z,0.25000000000000006,0.26000000000000006,27,0.25000000000000006,,fast-sim-Alpha,1,home,TAKING_OFF,true,true,true,simulated,98.87388709819477,-1.3506162429339408,0.00036303190822654463,0.002457418902492924,-1.3499924446885168,-1.6752795243277616e-05,2.736502732617151e-05,0.0,0.0,0.0018597008908807827,0.0005294937187009578,0.0002978921937203256,8.89408732495146e-08,,,,,99.95855876142231,4.199609141227199,4.040622253634545,2.1198251678796574,false,,false,modeled_transport,SIMULATED_MODEL,100.0,30.0,0.0,-7.801693613592982e-05,0.00016436574224943257,9.91654372111529,0.003623503355986071,0.0030952052477383534,-5.5503782549248915e-08,,,,,,,,,2.73650323764339e-05,0.054661741799822285,UNAVAILABLE,0.25000000000000006,4.0,0.25000000000000006,0.0911126509349842,VALID,0.6484316462929387,VALID,1.998991630561179,VALID,0.05532222833609348,VALID,2.498043614708032,VALID,0.0,CLIPPED,crazyflie-6dof,2.0.0,69.37362313226045,0.08324834775871252,63.39687193042598,2.561628115328985,0.07933821899674821,0.12,0.5100398721498376,false,100.0,false,69.37120588795496,0.08324544706554594,63.395763965957094,2.561583346670093,0.07933899444814797,0.12,0.5100135382498838,false,100.0,false,69.35828376695564,0.08322994052034675,63.389840297628474,2.5613439936093747,0.07933333270334114,0.12,0.5098727667977719,false,100.0,false,69.3606910420793,0.08323282925049515,63.390943913811824,2.561388586570474,0.07933255051446703,0.12,0.5098989906821639,false,100.0,false,[]
1,child-f9d0c0c9a9ae419f6470a221,py-f996c906ee10788ea67a,f996c906ee10,4b81296e5dd75a57ec2747997355f69bfd8a5d1068302c364c372acc996e4530,evt-f29c63b81d72499a8ecdd8a733dbeb49,45436,Alpha,SIM,vehicle-adapter,2026-08-15T05:18:04.712170Z,0.26000000000000006,0.2700000000000001,28,0.26000000000000006,,fast-sim-Alpha,1,home,TAKING_OFF,true,true,true,simulated,98.86737691848192,-1.3498305886150215,0.0022444449275424512,0.0002677746953719558,-1.3499904510682577,-2.0727043584689663e-05,6.053536666057421e-05,0.0,0.0,0.003317033933440268,0.0005614587890707719,0.0003277399247558687,1.0446777473947713e-07,,,,,99.95620045337937,4.199585587614223,4.040399794714501,2.1224772386436337,false,,false,modeled_transport,SIMULATED_MODEL,100.0,30.0,0.0,-9.397931379009515e-05,0.00019261588745844195,9.952385268494155,0.0031965065515471634,0.00298477350706147,-7.543292841309822e-08,,,,,,,,,6.053537945319523e-05,0.12090623333252733,UNAVAILABLE,0.26000000000000006,4.0,0.26000000000000006,0.18644748141801726,VALID,0.6467953045886794,VALID,2.0008251422649153,VALID,0.1063239822006638,VALID,2.4980322027762023,VALID,0.0,CLIPPED,crazyflie-6dof,2.0.0,69.32586013502362,0.08319103216202835,63.42805577589408,2.5627470353606236,0.07963206985643599,0.12,0.5107265703118915,false,100.0,false,69.31941613864919,0.08318329936637901,63.42509735836035,2.562627503464664,0.07963082762954903,0.12,0.5106561744048085,false,100.0,false,69.30622859133184,0.08316747430959821,63.41904207655671,2.5623828458711,0.07962283819151185,0.12,0.510512116080986,false,100.0,false,69.31266066267436,0.08317519279520923,63.42199562395366,2.5625021809940636,0.07962407198371947,0.12,0.5105823778459477,false,100.0,false,[]
1,child-f9d0c0c9a9ae419f6470a221,py-f996c906ee10788ea67a,f996c906ee10,4b81296e5dd75a57ec2747997355f69bfd8a5d1068302c364c372acc996e4530,evt-8fc107209cfb4aec9479759fc89decae,45437,Alpha,SIM,vehicle-adapter,2026-08-15T05:18:04.724391Z,0.28,0.29000000000000004,30,0.28,,fast-sim-Alpha,1,home,TAKING_OFF,true,true,true,simulated,98.91028311922844,-1.3512069617722025,0.001143252681622005,0.0019848012177141995,-1.3499854124306434,-3.0407402863845943e-05,0.00018408140475809548,0.0,0.0,0.007229888996918913,0.0006196311118699163,0.00037797729960179074,1.3182692395930536e-07,,,,,99.95145421031111,4.199538300681704,4.039167895183706,2.138272073333772,false,,false,modeled_transport,SIMULATED_MODEL,100.0,30.0,0.0,-0.00013033977917534722,0.00025373043359166146,10.017169850494025,0.0028372069350325597,0.0023480998441714074,-1.2820373718410732e-07,,,,,,,,,0.00018408145324602578,0.3675844359268884,UNAVAILABLE,0.28,4.0,0.28,0.4898574818762039,VALID,0.6492171318070054,VALID,1.996320612191846,VALID,0.296928746483157,VALID,2.5035586291546577,VALID,0.0015793883468975707,VALID,crazyflie-6dof,2.0.0,69.48921513952428,0.08338705816742913,63.60279597343484,2.5690237153981745,0.08016450762471913,0.12,0.5145925672722989,false,100.0,false,69.48242932331993,0.08337891518798392,63.59968360898935,2.5688980017727117,0.08015832990173123,0.12,0.5145180134314594,false,100.0,false,69.48475407696935,0.08338170489236323,63.60074991112954,2.5689410715064236,0.08015634180982675,0.12,0.5145435546030103,false,100.0,false,69.49152431636062,0.08338982917963274,63.60385501982816,2.569066492060089,0.08016250737797341,0.12,0.5146179380270034,false,100.0,false,[]
1,child-f9d0c0c9a9ae419f6470a221,py-f996c906ee10788ea67a,f996c906ee10,4b81296e5dd75a57ec2747997355f69bfd8a5d1068302c364c372acc996e4530,evt-1103f95bb7b44e9ba1251a304dcdad6c,45438,Alpha,SIM,vehicle-adapter,2026-08-15T05:18:04.734164Z,0.29000000000000004,0.30000000000000004,31,0.29000000000000004,,fast-sim-Alpha,1,home,TAKING_OFF,true,true,true,simulated,98.94433075209581,-1.349426536392324,-0.0009463587420235025,0.00045577964259899974,-1.349982324845489,-3.616541695946872e-05,0.00027992690920188354,0.0,0.0,0.009584550444378798,0.0006460899489737452,0.00039882757263945217,1.434129670009378e-07,,,,,99.94907403315497,4.1995145421031115,4.038852584065387,2.142159440528206,false,,false,modeled_transport,SIMULATED_MODEL,100.0,30.0,0.0,-0.00015037195604974442,0.00028637592866553613,10.042118794367601,0.0026458832605325156,0.00208502761971927,-1.6092741256881972e-07,,,,,,,,,0.00027992698989022323,0.5589172644234979,UNAVAILABLE,0.29000000000000004,4.0,0.29000000000000004,0.7028968805811691,VALID,0.6521660392867171,VALID,2.0001507571481985,VALID,0.43160247768318266,VALID,2.5002786582949583,VALID,0.0,CLIPPED,crazyflie-6dof,2.0.0,69.48330451752521,0.08337996542103025,63.647097064051096,2.5706124244540325,0.08037348819037493,0.12,0.5155758483860997,false,100.0,false,69.48244454395297,0.08337893345274357,63.646702321292636,2.570596481375932,0.08036860076699888,0.12,0.5155663761793465,false,100.0,false,69.47677827329703,0.08337213392795643,63.644101273615696,2.570491428894619,0.08036549245032201,0.12,0.5155039657123638,false,100.0,false,69.47762122865979,0.08337314547439174,63.64448823870331,2.57050705784406,0.08037036589143226,0.12,0.515513250250396,false,100.0,false,[]
1,child-f9d0c0c9a9ae419f6470a221,py-f996c906ee10788ea67a,f996c906ee10,4b81296e5dd75a57ec2747997355f69bfd8a5d1068302c364c372acc996e4530,evt-17e147b49396405fbc8cafe3c5f25843,45439,Alpha,SIM,vehicle-adapter,2026-08-15T05:18:04.744894Z,0.30000000000000004,0.31000000000000005,32,0.30000000000000004,,fast-sim-Alpha,1,home,TAKING_OFF,true,true,true,simulated,98.93934665721191,-1.3498276478743811,0.0004502414576949781,0.0011631892988725205,-1.3499788368460606,-4.2562874914968785e-05,0.0004018003724146589,0.0,0.0,0.012187346321277525,0.0006670087282331269,0.0004147820732472062,1.5191347756161956e-07,,,,,99.94668454635477,4.19949074033155,4.038200381320097,2.150538120172592,false,,false,modeled_transport,SIMULATED_MODEL,100.0,30.0,0.0,-0.00017144038227335373,0.00032029214916352074,10.066932408312423,0.0020918775802095785,0.0015954502751319146,-1.9744080440768893e-07,,,,,,,,,0.0004018004963590132,0.8021829631395095,UNAVAILABLE,0.30000000000000004,4.0,0.30000000000000004,0.9684627968411175,VALID,0.6467925375262212,VALID,2.003399212020179,VALID,0.6030624429878185,VALID,2.5027303440226567,VALID,0.0,CLIPPED,crazyflie-6dof,2.0.0,69.613135804061,0.0835357629648732,63.75169673051477,2.5744212604696792,0.08058915682882717,0.12,0.5179270129186194,false,100.0,false,69.59107525278928,0.08350929030334714,63.74158205373066,2.574012809553214,0.08057918847621712,0.12,0.5176833701184557,false,100.0,false,69.56017738573281,0.08347221286287937,63.72740970593592,2.573440501750525,0.08056803507347791,0.12,0.5173421635029025,false,100.0,false,69.5822197299204,0.08349866367590447,63.73752086144805,2.5738488104709716,0.08057798776063191,0.12,0.5175855736326143,false,100.0,false,[]
1,child-f9d0c0c9a9ae419f6470a221,py-f996c906ee10788ea67a,f996c906ee10,4b81296e5dd75a57ec2747997355f69bfd8a5d1068302c364c372acc996e4530,evt-1380c110ba6141469de135a81d6f91d0,45440,Alpha,SIM,vehicle-adapter,2026-08-15T05:18:04.755227Z,0.31000000000000005,0.32000000000000006,33,0.31000000000000005,,fast-sim-Alpha,1,home,TAKING_OFF,true,true,true,simulated,98.93676512708763,-1.3469157359784694,-0.0006129988005363871,0.0014664184857260622,-1.3499749395701373,-4.961274405126139e-05,0.0005518093700394046,0.0,0.0,0.015000899762474599,0.0006819279618258258,0.0004248660481768479,1.5634216314145725e-07,,,,,99.94429089778963,4.199466845463548,4.037895567318072,2.154283708627404,false,,false,modeled_transport,SIMULATED_MODEL,100.0,30.0,0.0,-0.00019328727477515694,0.0003551820240566125,10.088008275880496,0.0014919231733707002,0.0010083975623377379,-2.3726371842857705e-07,,,,,,,,,0.000551809548146101,1.1015844892693338,UNAVAILABLE,0.31000000000000005,4.0,0.31000000000000005,1.3011288247015076,VALID,0.6479188137935966,VALID,2.001934663030462,VALID,0.8083740398083703,VALID,2.498229612522949,VALID,0.0,CLIPPED,crazyflie-6dof,2.0.0,69.59906852243903,0.08351888222692683,63.7886651654984,2.5757196831690274,0.08077125392915956,0.12,0.518741385424053,false,100.0,false,69.58224916647951,0.08349869899977541,63.780946939366615,2.5754080292581762,0.0807589540003881,0.12,0.5185552026199723,false,100.0,false,69.56827989190963,0.08348193587029154,63.77453506093404,2.5751491243031657,0.08074657840837098,0.12,0.5184005789705327,false,100.0,false,69.58508034734238,0.08350209641681086,63.78224627896101,2.5754604952340627,0.08075886117340074,0.12,0.5185865416128457,false,100.0,false,[]
1,child-f9d0c0c9a9ae419f6470a221,py-f996c906ee10788ea67a,f996c906ee10,4b81296e5dd75a57ec2747997355f69bfd8a5d1068302c364c372acc996e4530,evt-3247f86c79fc4eae9b4acaceb86ab0d5,45441,Alpha,SIM,vehicle-adapter,2026-08-15T05:18:04.765626Z,0.32000000000000006,0.33000000000000007,34,0.32000000000000006,,fast-sim-Alpha,1,home,TAKING_OFF,true,true,true,simulated,98.93774874591269,-1.3490593278649359,0.000948573308588898,0.002073540127512525,-1.3499706353006793,-5.7319888215120484e-05,0.0007318131603987928,0.0,0.0,0.0180003790359388,0.0006890044076149225,0.00042403762303953277,1.5298024943256711e-07,,,,,99.94189259927926,4.199442908977897,4.03755775952715,2.158468659339957,false,,false,modeled_transport,SIMULATED_MODEL,100.0,30.0,0.0,-0.00021564365836682867,0.000390741191854168,10.106600874244613,0.0007076447216096307,-8.284272471748423e-05,-2.7940552425142786e-07,,,,,,,,,0.0007318133998975037,1.4608423275886302,UNAVAILABLE,0.32000000000000006,4.0,0.32000000000000006,1.7256957877947892,VALID,0.651613613781671,VALID,1.998870273595526,VALID,1.0629161008516563,VALID,2.4999249667406294,VALID,0.0,CLIPPED,crazyflie-6dof,2.0.0,69.63312697398368,0.08355975236878041,63.84588552958269,2.577814505338488,0.08094045172011383,0.12,0.5200379418707567,false,100.0,false,69.5829707824712,0.08349956493896543,63.82286055780128,2.5768848588036986,0.08091684268898816,0.12,0.5194814691563235,false,100.0,false,69.55728382137134,0.0834687405856456,63.81106165344972,2.576408471225513,0.08090018531268929,0.12,0.5191965231443841,false,100.0,false,69.60742104852166,0.08352890525822598,63.834087056725494,2.5773381351821367,0.0809237760793603,0.12,0.5197527251684924,false,100.0,false,[]
1,child-f9d0c0c9a9ae419f6470a221,py-f996c906ee10788ea67a,f996c906ee10,4b81296e5dd75a57ec2747997355f69bfd8a5d1068302c364c372acc996e4530,evt-e8a74b6bd09a405db86ff44b59f55b1c,45442,Alpha,SIM,vehicle-adapter,2026-08-15T05:18:04.776184Z,0.33000000000000007,0.3400000000000001,35,0.33000000000000007,,fast-sim-Alpha,1,home,TAKING_OFF,true,true,true,simulated,98.94550303862586,-1.3506178638464301,-0.0011097407286072578,0.0022097937631741717,-1.349965937531693,-6.568233980911762e-05,0.0009434137121044201,0.0,0.0,0.02116005517056271,0.0006895072904586484,0.00041223874751525775,1.4162181798689904e-07,,,,,99.93949063918251,4.199418925992793,4.037286619463444,2.16176408707926,false,,false,modeled_transport,SIMULATED_MODEL,100.0,30.0,0.0,-0.00023794106995345034,0.0004265453144556954,10.122620487640186,5.028875931195945e-05,-0.0011798880550609047,-3.2259844315295446e-07,,,,,,,,,0.0009434140165257393,1.8831630962391825,UNAVAILABLE,0.33000000000000007,4.0,0.33000000000000007,2.290676771065139,VALID,0.6504760554517073,VALID,1.9979708803086105,VALID,1.367018944868815,VALID,2.4996786538570532,VALID,0.0,CLIPPED,crazyflie-6dof,2.0.0,69.60284311628968,0.08352341173954761,63.8718532894587,2.578689786458638,0.08108113587521971,0.12,0.520597334440297,false,100.0,false,69.58048648035391,0.08349658377642469,63.86158112279365,2.578275069648341,0.08105697958569429,0.12,0.5203487759520178,false,100.0,false,69.57473284698014,0.08348967941637617,63.85893693628253,2.5781683162601334,0.08104281109049463,0.12,0.5202848115238132,false,100.0,false,69.59707160195262,0.08351648592234315,63.86920180095246,2.5785827382679587,0.08106694853050557,0.12,0.5205331651631321,false,100.0,false,[]
1,child-f9d0c0c9a9ae419f6470a221,py-f996c906ee10788ea67a,f996c906ee10,4b81296e5dd75a57ec2747997355f69bfd8a5d1068302c364c372acc996e4530,evt-f09c1f5ad42446f181822a8e21df6dea,45443,Alpha,SIM,vehicle-adapter,2026-08-15T05:18:04.783797Z,0.3400000000000001,0.3500000000000001,36,0.3400000000000001,,fast-sim-Alpha,1,home,TAKING_OFF,true,true,true,simulated,98.92969620251655,-1.3510731644320486,-0.0001936308507251458,0.001274352667339155,-1.349960868079912,-7.468933799602342e-05,0.0011880672143081289,0.0,0.0,0.024465350220370857,0.0006814264284169171,0.00039225975087386965,1.242773276873693e-07,,,,,99.93708431721558,4.199394906391825,4.036968173625201,2.165689770233499,false,,false,modeled_transport,SIMULATED_MODEL,100.0,30.0,0.0,-0.0002595805429438996,0.00046227705720028756,10.137182221601917,-0.0008080855064967256,-0.001997900383757361,-3.649545811950541e-07,,,,,,,,,0.0011880675815455412,2.3714720489832373,UNAVAILABLE,0.3400000000000001,4.0,0.3400000000000001,3.02779310295827,VALID,0.6471932955472478,VALID,2.004337822686425,VALID,1.7404615986137273,VALID,2.49583043598802,VALID,0.0,CLIPPED,crazyflie-6dof,2.0.0,69.61594099879449,0.08353912919855337,63.91604995097533,2.58027059435926,0.08121132809609508,0.12,0.5215869279530717,false,100.0,false,69.61492760999752,0.08353791313199703,63.91558422359691,2.5802517930932174,0.08119288395783382,0.12,0.5215756373376751,false,100.0,false,69.58642033463252,0.08350370440155903,63.90248002747684,2.5797227808664407,0.0811740440032857,0.12,0.5212580449555422,false,100.0,false,69.58741808441657,0.08350490170129989,63.90293876955925,2.5797413001383065,0.08119246948343728,0.12,0.5212691599872102,false,100.0,false,[]
1,child-f9d0c0c9a9ae419f6470a221,py-f996c906ee10788ea67a,f996c906ee10,4b81296e5dd75a57ec2747997355f69bfd8a5d1068302c364c372acc996e4530,evt-0a072a87d50d4db48a6a0dd255d6c1ab,45444,Alpha,SIM,vehicle-adapter,2026-08-15T05:18:04.797508Z,0.3500000000000001,0.3600000000000001,37,0.3500000000000001,,fast-sim-Alpha,1,home,TAKING_OFF,true,true,true,simulated,98.91684602890142,-1.3486319187036466,0.0005617726059566623,0.0,-1.3499554538108667,-8.432171930803288e-05,0.001467259746923664,0.0,0.0,0.027919253261553492,0.0006650211946135635,0.00036724386478625016,1.0339125539174031e-07,,,,,99.93467160994845,4.199370843172156,4.036513102640695,2.1714365404094447,false,,false,modeled_transport,SIMULATED_MODEL,100.0,30.0,0.0,-0.00028010266944206424,0.0004974916353717735,10.152042799889394,-0.0016405225872198354,-0.0025015894481786225,-4.044777149241006e-07,,,,,,,,,0.0014672601703171375,2.928753323550771,UNAVAILABLE,0.3500000000000001,4.0,0.3500000000000001,3.3495091877145984,VALID,0.6491336772915642,VALID,1.9987021523456427,VALID,2.000332232855981,VALID,2.4986678782478435,VALID,0.005361573062672549,VALID,crazyflie-6dof,2.0.0,69.66498047283363,0.08359797656740035,63.97519526712151,2.5823671393973298,0.08134166877973917,0.12,0.5229063123401833,false,100.0,false,69.67197062136674,0.08360636474564008,63.97840696862026,2.5824967801491443,0.08132982018171223,0.12,0.5229843529719569,false,100.0,false,69.65653485404633,0.08358784182485558,63.97131437151998,2.5822104865378743,0.08131121999270925,0.12,0.5228120253789665,false,100.0,false,69.64953215250468,0.08357943858300561,63.96809613568936,2.5820805820268973,0.08132305095201536,0.12,0.5227338497183381,false,100.0,false,[]
1,child-f9d0c0c9a9ae419f6470a221,py-f996c906ee10788ea67a,f996c906ee10,4b81296e5dd75a57ec2747997355f69bfd8a5d1068302c364c372acc996e4530,evt-08540d12c8094f3780fbbb1b586efd93,45445,Alpha,SIM,vehicle-adapter,2026-08-15T05:18:04.808673Z,0.36000000000000004,0.37000000000000005,38,0.36000000000000004,,fast-sim-Alpha,1,home,TAKING_OFF,true,true,true,simulated,98.8969828616483,-1.3488818195455945,0.0020520276898081543,0.003546475372894924,-1.349949727794758,-9.455368983216753e-05,0.001782529976433001,0.0,0.0,0.03152702295093382,0.0006420139561477316,0.00033604816024370045,7.861110566084906e-08,,,,,99.93225204809197,4.199346716099485,4.036026290784239,2.1776056708426617,false,,false,modeled_transport,SIMULATED_MODEL,100.0,30.0,0.0,-0.00029927507890663676,0.0005317387371238502,10.167429196494181,-0.002300722975300626,-0.0031195714079793246,-4.3932031650540177e-07,,,,,,,,,0.0017825304444455022,3.5581025800910706,UNAVAILABLE,0.36000000000000004,4.0,0.36000000000000004,3.3513262266943267,VALID,0.653332732741677,VALID,1.9998250936973527,VALID,1.9996039889717996,VALID,2.5017447145968017,VALID,0.00492285155374632,VALID,crazyflie-6dof,2.0.0,69.74504675480128,0.08369405610576153,64.0472001653347,2.584961837184115,0.08147992201552177,0.12,0.5245335613466201,false,100.0,false,69.72544223445516,0.0836705306813462,64.03819696568137,2.5845984656790946,0.08146536838434981,0.12,0.5243142486249746,false,100.0,false,69.72142639381967,0.0836657116725836,64.03635239127232,2.5845240181709928,0.08145023346781773,0.12,0.5242693262903678,false,100.0,false,69.7410219131033,0.08368922629572395,64.04535201486567,2.584887245345292,0.08146477125332591,0.12,0.5244885345806992,false,100.0,false,[]
1,child-f9d0c0c9a9ae419f6470a221,py-f996c906ee10788ea67a,f996c906ee10,4b81296e5dd75a57ec2747997355f69bfd8a5d1068302c364c372acc996e4530,evt-3e8c24c2fea44512b5a8c9735a13e74c,45446,Alpha,SIM,vehicle-adapter,2026-08-15T05:18:04.820214Z,0.37000000000000005,0.38000000000000006,39,0.37000000000000005,,fast-sim-Alpha,1,home,TAKING_OFF,true,true,true,simulated,98.85957628035938,-1.3476591383758703,0.0009066778784821226,0.0013906826054739128,-1.3499437296312395,-0.00010535636299261744,0.0021347111573927556,0.0,0.0,0.03521811809597541,0.0006163317614790988,0.00029857890329922863,5.035826492875085e-08,,,,,99.92983629237627,4.19932252048092,4.036259009670314,2.174180144129021,false,,false,modeled_transport,SIMULATED_MODEL,100.0,30.0,0.0,-0.00031679337937522275,0.0005646181939009979,10.175761458212415,-0.002568218570503568,-0.0037469267311601665,-4.678195766264251e-07,,,,,,,,,0.0021347116579977657,4.2611923138253625,UNAVAILABLE,0.37000000000000005,4.0,0.37000000000000005,3.35096788376206,VALID,0.6511649671398525,VALID,2.0026404199946732,VALID,1.9974355306503861,VALID,2.496727388188437,VALID,0.0006491146243113458,VALID,crazyflie-6dof,2.0.0,69.57672472409008,0.0834920696689081,64.0036988293969,2.583355060523785,0.08155884689785338,0.12,0.5235342437037934,false,100.0,false,69.56266542013111,0.08347519850415733,63.997222275301766,2.5830936500256048,0.08154385098300618,0.12,0.5233767386428859,false,100.0,false,69.57865336075298,0.08349438403290357,64.00458716475552,2.583390916039734,0.08153709346226036,0.12,0.5235558507753209,false,100.0,false,69.59270770552487,0.08351124924662984,64.01105983547919,2.583652169794984,0.08155207602843423,0.12,0.5237133110070207,false,100.0,false,[]
1,child-f9d0c0c9a9ae419f6470a221,py-f996c906ee10788ea67a,f996c906ee10,4b81296e5dd75a57ec2747997355f69bfd8a5d1068302c364c372acc996e4530,evt-c64067fbc5934c14b7165c95413376a6,45447,Alpha,SIM,vehicle-adapter,2026-08-15T05:18:04.832091Z,0.38000000000000006,0.39000000000000007,40,0.38000000000000006,,fast-sim-Alpha,1,home,TAKING_OFF,true,true,true,simulated,98.8048542594098,-1.3486638448778563,0.0008851372107075133,0.001537051200897954,-1.3499375066820083,-0.00011669979103460392,0.0025249480693300395,0.0006124107193290431,-0.0011113448865535665,0.0390236911937284,0.000589319880916006,0.00025328198569788486,1.8167981273468844e-08,,,,,99.92741228204964,4.199298362923763,4.035677665874946,2.1816092939572584,false,,false,modeled_transport,SIMULATED_MODEL,100.0,30.0,0.0,-0.00033237911148506667,0.0005959756769231706,10.187208970131227,-0.0027011871682455987,-0.004529692878792596,-4.884126688001339e-07,,,,,,0.0006124108846656933,-0.0011113450906637475,0.0,0.002524948588774665,5.040327069206938,DEGRADED,0.38000000000000006,4.0,0.38000000000000006,3.350106782712231,VALID,0.6482135918233642,VALID,1.9989725998947376,VALID,2.0036049733230348,VALID,2.498000494815536,VALID,0.004813033890083364,VALID,crazyflie-6dof,2.0.0,69.69761306734891,0.08363713568081868,64.0914471962703,2.586524220235914,0.0816674375482554,0.12,0.525522893997508,false,100.0,false,69.67207124411397,0.08360648549293676,64.07969611763522,2.5860499845799394,0.08164878591595474,0.12,0.5252361868281098,false,100.0,false,69.67613080734438,0.08361135696881325,64.08156411860506,2.5861253710778778,0.08164488115997409,0.12,0.5252817533722479,false,100.0,false,69.70167211915916,0.08364200654299098,64.0933142262793,2.5865995675490034,0.08166352260914932,0.12,0.5255684597593925,false,100.0,false,[]
1,child-f9d0c0c9a9ae419f6470a221,py-f996c906ee10788ea67a,f996c906ee10,4b81296e5dd75a57ec2747997355f69bfd8a5d1068302c364c372acc996e4530,evt-d0b6b059c98c49dfa905c33dd06774c8,45448,Alpha,SIM,vehicle-adapter,2026-08-15T05:18:04.842570Z,0.4000000000000001,0.4100000000000001,42,0.4000000000000001,,fast-sim-Alpha,1,home,TAKING_OFF,true,true,true,simulated,98.81278007096932,-1.3494935253499265,0.0011504315484630095,0.0036815976719071584,-1.3499246135071625,-0.00014088143867981327,0.003423348465525779,0.0006434562550481081,-0.0012079962406888849,0.04690921375079906,0.000530896663684845,0.00014065816850738247,-5.48489465088634e-08,,,,,99.92255796601295,4.199249851904796,4.035412200412111,2.184502019920668,false,,false,modeled_transport,SIMULATED_MODEL,100.0,30.0,0.0,-0.00035618875378832095,0.0006538905599199141,10.204489929973922,-0.0029826409785777045,-0.005963366075370544,-5.001556882196707e-07,,,,,,0.0006434564178777983,-0.001207996375633636,0.0,0.0034233489818283887,6.834300578866156,DEGRADED,0.4000000000000001,4.0,0.4000000000000001,3.3499729325623835,VALID,0.6506127220779918,VALID,1.9987552008774228,VALID,2.0003312204936345,VALID,2.498061663357881,VALID,0.0035441888744136424,VALID,crazyflie-6dof,2.0.0,69.63061728110056,0.08355674073732067,64.12133368535447,2.587560122605755,0.0818393327889548,0.12,0.5261842800262997,false,100.0,false,69.62157053931011,0.08354588464717214,64.11716380891724,2.587391850903265,0.08182269182249764,0.12,0.5260824135265362,false,100.0,false,69.62017286935944,0.08354420744323132,64.1165195348745,2.58736585178994,0.08181889094062493,0.12,0.5260666760857122,false,100.0,false,69.62922922965153,0.08355507507558183,64.12069393449265,2.587534306021425,0.08183552990124628,0.12,0.5261686502821195,false,100.0,false,[]
1,child-f9d0c0c9a9ae419f6470a221,py-f996c906ee10788ea67a,f996c906ee10,4b81296e5dd75a57ec2747997355f69bfd8a5d1068302c364c372acc996e4530,evt-9543894c30e44ac4b8891722305118c3,45449,Alpha,SIM,vehicle-adapter,2026-08-15T05:18:04.854102Z,0.4100000000000001,0.4200000000000001,43,0.4100000000000001,,fast-sim-Alpha,1,home,TAKING_OFF,true,true,true,simulated,98.80262746579099,-1.3510969108201654,0.0006934729187878868,0.001970005474337397,-1.3499180711989451,-0.00015365317358761261,0.003932796987653391,0.0006503325639271352,-0.0012516882957164222,0.050944852212761155,0.0005002439554731842,7.651820128051205e-05,-9.280707223876697e-08,,,,,99.9201293513803,4.19922557966013,4.035294091957054,2.18575316938953,false,,false,modeled_transport,SIMULATED_MODEL,100.0,30.0,0.0,-0.00036363668884778206,0.0006803067870989731,10.210214785465169,-0.003065270409225672,-0.006413997830186397,-4.889459175460925e-07,,,,,,0.0006503327299083545,-0.0012516883919747167,0.0,0.00393279749124623,7.851688420904346,DEGRADED,0.4100000000000001,4.0,0.4100000000000001,3.347015870095097,VALID,0.6516844110081038,VALID,2.001729040254525,VALID,1.9982963789851549,VALID,2.4996465317992302,VALID,0.0028074113389834313,VALID,crazyflie-6dof,2.0.0,69.59412888789005,0.08351295466546806,64.13281303852949,2.5879476155496435,0.08190039198878925,0.12,0.5264343331008441,false,100.0,false,69.5951947568058,0.08351423370816695,64.13330478050752,2.5879674587846306,0.08188819601001118,0.12,0.5264463520689804,false,100.0,false,69.59482361932731,0.08351378834319277,64.13313355598277,2.5879605493714997,0.08188523202445296,0.12,0.5264421670363677,false,100.0,false,69.59377274627765,0.08351252729553317,64.13264872967146,2.587940985204003,0.08189743084788195,0.12,0.5264303171833375,false,100.0,false,[]
1,child-f9d0c0c9a9ae419f6470a221,py-f996c906ee10788ea67a,f996c906ee10,4b81296e5dd75a57ec2747997355f69bfd8a5d1068302c364c372acc996e4530,evt-7ff4dddd36724edcb0ff204c06dab11c,45450,Alpha,SIM,vehicle-adapter,2026-08-15T05:18:04.864293Z,0.4200000000000001,0.4300000000000001,44,0.4200000000000001,,fast-sim-Alpha,1,home,TAKING_OFF,true,true,true,simulated,98.81426346828611,-1.3492424653095518,0.00259487006806398,0.0046097202279914784,-1.349911552966205,-0.00016683312416802365,0.004483427356122631,0.0006511394868005534,-0.001292198872887379,0.05506303684692397,0.00046847935138524474,1.2418183853676748e-05,-1.2850776135270688e-07,,,,,99.9176941909565,4.199201293513803,4.034827964907263,2.1916443814163626,false,,false,modeled_transport,SIMULATED_MODEL,100.0,30.0,0.0,-0.00036764906809500625,0.0007049849919203528,10.218469250706283,-0.0031764602503065167,-0.006410002722978084,-4.653095687422207e-07,,,,,,0.0006511396604259162,-0.001292198931012213,0.0,0.004483427848463782,8.951333208479204,DEGRADED,0.4200000000000001,4.0,0.4200000000000001,3.347723929631616,VALID,0.6470077367097373,VALID,2.000415752430937,VALID,1.9988898243503128,VALID,2.4941258330800786,VALID,0.004524846165651644,VALID,crazyflie-6dof,2.0.0,69.66773287615713,0.08360127945138855,64.19380088499945,2.590109429844844,0.08198000613363521,0.12,0.5278061912899911,false,100.0,false,69.69111397313776,0.08362933676776531,64.20457826501645,2.5905442785876547,0.08197763308193388,0.12,0.5280702702690241,false,100.0,false,69.68629874484226,0.08362355849381072,64.20235903146879,2.590454736331867,0.08197400694514319,0.12,0.5280158822654344,false,100.0,false,69.66293791152442,0.0835955254938293,64.19159019368884,2.590020232253626,0.08197638801718529,0.12,0.5277520375919129,false,100.0,false,[]
1,child-f9d0c0c9a9ae419f6470a221,py-f996c906ee10788ea67a,f996c906ee10,4b81296e5dd75a57ec2747997355f69bfd8a5d1068302c364c372acc996e4530,evt-4ff64959d87f4fe7ba04509533a1316e,45451,Alpha,SIM,vehicle-adapter,2026-08-15T05:18:04.874539Z,0.43000000000000005,0.44000000000000006,45,0.43000000000000005,,fast-sim-Alpha,1,home,TAKING_OFF,true,true,true,simulated,98.79264680995894,-1.348104911282871,0.0025213057506432756,0.004877636460851549,-1.3499051235316457,-0.00018038853448974329,0.005075584151743378,0.0006459544389226279,-0.0013295742615686652,0.05921567956207491,0.0004385076440121002,-5.084718873965161e-05,-1.6148895675728544e-07,,,,,99.91526210421866,4.199176941909565,4.035011087107748,2.188878064047979,false,,false,modeled_transport,SIMULATED_MODEL,100.0,30.0,0.0,-0.0003682255987370347,0.0007277902193481111,10.22191496709147,-0.0029971708009105796,-0.006326538107282862,-4.290757897344206e-07,,,,,,0.0006459546248238587,-0.0013295742850853616,0.0,0.005075584646294101,10.13383718790168,DEGRADED,0.43000000000000005,4.0,0.43000000000000005,3.351052281059495,VALID,0.6481655373755991,VALID,1.9977909536121423,VALID,1.9996316615920913,VALID,2.4949691595394032,VALID,0.003400611652230258,VALID,crazyflie-6dof,2.0.0,69.54372262973152,0.08345246715567782,64.16266107709933,2.588970488244325,0.082022056624003,0.12,0.5270911786660109,false,100.0,false,69.54771467827314,0.08345725761392776,64.16450574167473,2.5890449206644623,0.08202143463564095,0.12,0.5271363154672094,false,100.0,false,69.56641052285076,0.0834796926274209,64.17314329085522,2.5893934467315503,0.08202414838053047,0.12,0.5273477136557926,false,100.0,false,69.56244350524706,0.08347493220629647,64.17131072268789,2.589319502402819,0.08202478367995804,0.12,0.527302856258966,false,100.0,false,[]
1,child-f9d0c0c9a9ae419f6470a221,py-f996c906ee10788ea67a,f996c906ee10,4b81296e5dd75a57ec2747997355f69bfd8a5d1068302c364c372acc996e4530,evt-362687ffe1d84af69bb40a57f7315bcc,45452,Alpha,SIM,vehicle-adapter,2026-08-15T05:18:04.885046Z,0.44000000000000006,0.45000000000000007,46,0.44000000000000006,,fast-sim-Alpha,1,home,TAKING_OFF,true,true,true,simulated,98.82817640813641,-1.3490279573540975,0.001355381141224067,0.00524688992327793,-1.349898847382425,-0.00019429076286976618,0.005709599841096565,0.0006348534071761109,-0.0013640755364208866,0.06340156893531868,0.0004124046084819772,-0.00011416790159681199,-1.9223487225010393e-07,,,,,99.91282808901329,4.199152621042186,4.034856594678667,2.190613684829694,false,,false,modeled_transport,SIMULATED_MODEL,100.0,30.0,0.0,-0.00036545863622118157,0.0007487550029706808,10.225239606439377,-0.002610303806837509,-0.0063320720233814845,-3.8057282215405813e-07,,,,,,0.0006348536093111557,-0.001364075530379216,0.0,0.005709600363844357,11.399755497451352,DEGRADED,0.44000000000000006,4.0,0.44000000000000006,3.3477277257855826,VALID,0.6508462559755731,VALID,1.9991515023193183,VALID,1.9973058527629155,VALID,2.492496150101812,VALID,0.0037941500493556993,VALID,crazyflie-6dof,2.0.0,69.53797223658664,0.08344556668390397,64.1846961655941,2.589760446011939,0.08206598528666308,0.12,0.5275906015685004,false,100.0,false,69.53084276910069,0.08343701132292082,64.1813999034441,2.589627446561202,0.08206344162588544,0.12,0.5275098871677895,false,100.0,false,69.5490545677147,0.08345886548125765,64.18981928682017,2.5899671566065825,0.08207078459869557,0.12,0.5277160722067276,false,100.0,false,69.55621326437384,0.08346745591724859,64.19312813041817,2.5901006637007042,0.0820733467706454,0.12,0.5277971238866765,false,100.0,false,[]
1,child-f9d0c0c9a9ae419f6470a221,py-f996c906ee10788ea67a,f996c906ee10,4b81296e5dd75a57ec2747997355f69bfd8a5d1068302c364c372acc996e4530,evt-db1a20e17fbc4edcb9da25289717e64c,45453,Alpha,SIM,vehicle-adapter,2026-08-15T05:18:04.895613Z,0.45000000000000007,0.4600000000000001,47,0.45000000000000007,,fast-sim-Alpha,1,home,TAKING_OFF,true,true,true,simulated,98.81524103764275,-1.3487078010047344,0.0002223429243382433,0.004821831270829584,-1.349892787612841,-0.0002085149158748848,0.006385773640044782,0.0006179061375498056,-0.0013960553692779836,0.06761737989482164,0.0003898370876540298,-0.00017642056619781584,-2.2040960161727024e-07,,,,,99.91039248639561,4.199128280890133,4.034725104196619,2.192042355918742,false,,false,modeled_transport,SIMULATED_MODEL,100.0,30.0,0.0,-0.0003593253146441412,0.0007680973248122562,10.228231796289993,-0.002256752492253102,-0.006225267091837978,-3.203885859314978e-07,,,,,,0.0006179063588556304,-0.0013960553391668305,0.0,0.006385774224653366,12.749612560434338,DEGRADED,0.45000000000000007,4.0,0.45000000000000007,3.348029112717497,VALID,0.6502153001582592,VALID,2.002625016700367,VALID,1.9959927155946215,VALID,2.4930090981672355,VALID,0.006773223930202226,VALID,crazyflie-6dof,2.0.0,69.52168176624636,0.08342601811949563,64.2007859466759,2.5903252276820674,0.08210781600265442,0.12,0.5279506869458412,false,100.0,false,69.52798520877714,0.08343358225053257,64.20370180599517,2.5904428745900256,0.08210774212560205,0.12,0.5280221388041534,false,100.0,false,69.5322343081283,0.08343868116975395,64.20566720268711,2.590522172943752,0.08211449893120541,0.12,0.5280703050182053,false,100.0,false,69.5259637979035,0.0834311565574842,64.2027667685839,2.5904051484008592,0.08211459632042611,0.12,0.5279992251505418,false,100.0,false,[]
1,child-f9d0c0c9a9ae419f6470a221,py-f996c906ee10788ea67a,f996c906ee10,4b81296e5dd75a57ec2747997355f69bfd8a5d1068302c364c372acc996e4530,evt-9589cfb612a94588abf3e0fe8a039da9,45454,Alpha,SIM,vehicle-adapter,2026-08-15T05:18:04.903424Z,0.4600000000000001,0.4700000000000001,48,0.4600000000000001,,fast-sim-Alpha,1,home,TAKING_OFF,true,true,true,simulated,98.84359671942345,-1.348514933906805,-6.849367805217696e-05,0.007062695778903614,-1.3498870053046321,-0.0002230377556938073,0.007104492051061807,0.0005952626537053015,-0.0014257820365593198,0.07187184110170246,0.0003687369813507637,-0.00023697368211988702,-2.4587039617103525e-07,,,,,99.90795367593597,4.199103924863956,4.034484218836223,2.19492941367605,false,,false,modeled_transport,SIMULATED_MODEL,100.0,30.0,0.0,-0.0003498754671236084,0.0007860836702741156,10.232096896654294,-0.0021100111566721832,-0.00605531212453474,-2.4937809659931515e-07,,,,,,0.0005952628963906308,-0.0014257819871314333,0.0,0.007104492733531747,14.184164716250274,DEGRADED,0.4600000000000001,4.0,0.4600000000000001,3.351447639408943,VALID,0.6503232322965143,VALID,1.9986429126418837,VALID,1.9998845882303657,VALID,2.492552998336769,VALID,0.006284387879554807,VALID,crazyflie-6dof,2.0.0,69.54952498506742,0.0834594299820809,64.23625566884857,2.5916015977309845,0.08215919704802384,0.12,0.5287579242266852,false,100.0,false,69.5543680699814,0.08346524168397766,64.2384958419126,2.5916919771597273,0.08216055471187894,0.12,0.528812892207043,false,100.0,false,69.54500079212976,0.0834540009505557,64.23416284802725,2.5915171632052196,0.08216289898632295,0.12,0.5287065766415078,false,100.0,false,69.54019380792428,0.08344823256950913,64.23193905200525,2.5914274445056527,0.08216156952403564,0.12,0.5286520206008136,false,100.0,false,[]
1,child-f9d0c0c9a9ae419f6470a221,py-f996c906ee10788ea67a,f996c906ee10,4b81296e5dd75a57ec2747997355f69bfd8a5d1068302c364c372acc996e4530,evt-481af71ddd3a430abd73576874153a31,45455,Alpha,SIM,vehicle-adapter,2026-08-15T05:18:04.916911Z,0.4700000000000001,0.4800000000000001,49,0.4700000000000001,,fast-sim-Alpha,1,home,TAKING_OFF,true,true,true,simulated,98.8502900619773,-1.3515859648271409,0.001514994908910745,0.007224183080728101,-1.3498815589709106,-0.00023783551642410881,0.007865793837527418,0.0005671213773774001,-0.001453348271838928,0.07613017864656105,0.00034713813237005956,-0.0002953874314517073,-2.6846456642908127e-07,,,,,99.90551759364882,4.19907953675936,4.034643982378121,2.1924740584226186,false,,false,modeled_transport,SIMULATED_MODEL,100.0,30.0,0.0,-0.0003371969383728153,0.0008028755681325772,10.232484638324287,-0.0021598854995672524,-0.005841375369717394,-1.6856937376142919e-07,,,,,,0.0005671216432649632,-0.0014533482071546577,0.0,0.007865794654620702,15.703501490610604,DEGRADED,0.4700000000000001,4.0,0.4700000000000001,3.353354015300334,VALID,0.6470478675079616,VALID,2.000454452363546,VALID,1.9990130542402311,VALID,2.494191662152838,VALID,0.006611071630857869,VALID,crazyflie-6dof,2.0.0,69.44668584203694,0.08333602301044432,64.2103225305126,2.5906579140429096,0.08218305949358375,0.12,0.5281633834383733,false,100.0,false,69.45138108242861,0.08334165729891432,64.21249851295538,2.5907457071875943,0.08218545142107703,0.12,0.5282167228989709,false,100.0,false,69.43876691943764,0.08332652030332516,64.20665219246254,2.59050982896964,0.08218352796998636,0.12,0.528073424357518,false,100.0,false,69.43411040524016,0.08332093248628819,64.20449373653024,2.5904227429572546,0.08218116854730832,0.12,0.5280205277277565,false,100.0,false,[]
1,child-f9d0c0c9a9ae419f6470a221,py-f996c906ee10788ea67a,f996c906ee10,4b81296e5dd75a57ec2747997355f69bfd8a5d1068302c364c372acc996e4530,evt-3f37fdf9654b43e8bf40d4278d50d2b0,45456,Alpha,SIM,vehicle-adapter,2026-08-15T05:18:04.927615Z,0.4800000000000001,0.4900000000000001,50,0.4800000000000001,,fast-sim-Alpha,1,home,TAKING_OFF,true,true,true,simulated,98.86587541329317,-1.3483307566350835,0.002951111545157616,0.008001691539050048,-1.3498764990896914,-0.0002528852148349376,0.008669766498165022,0.0005338260970749807,-0.0014787468136494646,0.0803972660637603,0.0003261670099114892,-0.0003462538580411712,-2.863800865919617e-07,,,,,99.90307979729857,4.199055175936488,4.034503922294732,2.1940167152218235,false,,false,modeled_transport,SIMULATED_MODEL,100.0,30.0,0.0,-0.0003211841985928327,0.0008184064213411376,10.233359743779186,-0.002097112820700753,-0.005086642975206124,-7.912052551906902e-08,,,,,,0.0005338263855546832,-0.0014787467394304149,0.0,0.008669767479047966,17.307873088903705,DEGRADED,0.4800000000000001,4.0,0.4800000000000001,3.3518585418929514,VALID,0.6517378557908682,VALID,2.0010995796602824,VALID,1.9991491906303613,VALID,2.4892673915990375,VALID,0.005945842841010237,VALID,crazyflie-6dof,2.0.0,69.41074736114498,0.08329289683337399,64.21416453511058,2.590722986837829,0.08220200826285441,0.12,0.528221255346852,false,100.0,false,69.4537232501375,0.083344467900165,64.23409301160589,2.591527002003686,0.08221637199588384,0.12,0.5287099776286823,false,100.0,false,69.4604847212745,0.08335258166552939,64.23722718611464,2.591653450397173,0.08221690363232889,0.12,0.5287868774532193,false,100.0,false,69.4175496339111,0.08330105956069331,64.21731972084727,2.5908502829301314,0.08220257626377236,0.12,0.52829860479307,false,100.0,false,[]
1,child-f9d0c0c9a9ae419f6470a221,py-f996c906ee10788ea67a,f996c906ee10,4b81296e5dd75a57ec2747997355f69bfd8a5d1068302c364c372acc996e4530,evt-7273e027a3044298b71b23d7838e9b37,45457,Alpha,SIM,vehicle-adapter,2026-08-15T05:18:04.939022Z,0.49000000000000005,0.5,51,0.49000000000000005,,fast-sim-Alpha,1,home,TAKING_OFF,true,true,true,simulated,98.84716961095712,-1.3487817657317571,0.001618115690375071,0.010850131720025077,-1.3498718692181801,-0.00026816784240779986,0.0095164347703895,0.0004960627974485257,-0.0015021032697504107,0.08466682722244813,0.00030896883680245324,-0.0003906551392333395,-3.0030553812264453e-07,,,,,99.90064171258459,4.199030797972986,4.034460079779695,2.1942762425826885,false,,false,modeled_transport,SIMULATED_MODEL,100.0,30.0,0.0,-0.00030228532853014255,0.0008325728048729081,10.233607246060762,-0.0017198178240355082,-0.0044401283384460115,1.7497254122844973e-08,,,,,,0.0004960631050866411,-0.0015021031924766308,0.0,0.009516435950775717,18.997297793658554,DEGRADED,0.49000000000000005,4.0,0.49000000000000005,3.35025588503957,VALID,0.653294395634321,VALID,2.001217233967595,VALID,2.0012076901580267,VALID,2.4882367980074993,VALID,0.007670312198584541,VALID,crazyflie-6dof,2.0.0,69.38540688401214,0.08326248826081457,64.22202707940843,2.5910120449440392,0.08222076467240051,0.12,0.5284026540609342,false,100.0,false,69.39047251284472,0.08326856701541367,64.22437840798956,2.591106908356989,0.08223304126739599,0.12,0.5284603136036063,false,100.0,false,69.41462358215956,0.08329754829859147,64.23558614698894,2.591559080112765,0.08224050915178635,0.12,0.5287352307226991,false,100.0,false,69.40960003777748,0.08329152004533298,64.23325522612735,2.591465040041113,0.0822282722038003,0.12,0.5286780441954486,false,100.0,false,[]
1,child-f9d0c0c9a9ae419f6470a221,py-f996c906ee10788ea67a,f996c906ee10,4b81296e5dd75a57ec2747997355f69bfd8a5d1068302c364c372acc996e4530,evt-52c1d115f00d4071a352c70083b1b6ff,45458,Alpha,SIM,vehicle-adapter,2026-08-15T05:18:04.950751Z,0.5,0.51,52,0.5,,fast-sim-Alpha,1,home,TAKING_OFF,true,true,true,simulated,98.83397461897458,-1.3496606600172312,0.0010582474800465709,0.00896922619501889,-1.3498677059313704,-0.0002836684201345096,0.010405455709250585,0.0004544352634013426,-0.0015237693188081942,0.08890209388610844,0.00029570042426409703,-0.00042863402444103617,-3.105907542026072e-07,,,,,99.89820795544362,4.199006417125846,4.034727810108755,2.1903814268792066,false,,false,modeled_transport,SIMULATED_MODEL,100.0,30.0,0.0,-0.0002808442490872774,0.0008455649576002617,10.230177923749014,-0.0013268416751833852,-0.003797888658692072,1.1971173050387526e-07,,,,,,0.000454435585282482,-0.0015237692442829612,0.0,0.010405457120052931,20.771131842144467,DEGRADED,0.5,4.0,0.5,3.350439632819834,VALID,0.6508918513979574,VALID,1.999188690385607,VALID,2.0019924970593603,VALID,2.4910001514453115,VALID,0.01021915243745244,VALID,crazyflie-6dof,2.0.0,69.2586916278652,0.08311042995343824,64.181839570803,2.589562530202575,0.08221222029746651,0.12,0.5274873313525041,false,100.0,false,69.26963625125973,0.08312356350151166,64.18693101820563,2.5897679562468654,0.08222465270420583,0.12,0.5276120000240728,false,100.0,false,69.2776371667552,0.08313316460010624,64.19065250288992,2.5899181080243716,0.08223260895260256,0.12,0.5277031410996228,false,100.0,false,69.2667352375263,0.08312008228503155,64.18558154862842,2.589713508822545,0.08222021885127072,0.12,0.5275789544030064,false,100.0,false,[]
1,child-f9d0c0c9a9ae419f6470a221,py-f996c906ee10788ea67a,f996c906ee10,4b81296e5dd75a57ec2747997355f69bfd8a5d1068302c364c372acc996e4530,evt-ccad9b5046d44233991c16fe7c724a5f,45459,Alpha,SIM,vehicle-adapter,2026-08-15T05:18:04.962865Z,0.51,0.52,53,0.51,,fast-sim-Alpha,1,home,TAKING_OFF,true,true,true,simulated,98.84445482774986,-1.3484504790341654,0.003425336728233152,0.010409328092086844,-1.3498640377747768,-0.0002993753296422631,0.011336928832921946,0.00040955277909284524,-0.0015440977863496826,0.09314731236713591,0.00028549511061864855,-0.0004588107930313883,-3.1710111557281595e-07,,,,,99.89576821081563,4.198982079554437,4.034299317163516,2.1957701651941486,false,,false,modeled_transport,SIMULATED_MODEL,100.0,30.0,0.0,-0.00025712908169029606,0.0008576305435716242,10.231173215054001,-0.001020531653433029,-0.0030176769210761385,2.2589410030744047e-07,,,,,,0.00040955310957629324,-0.0015440977194077015,0.0,0.011336930488197628,22.629677076920636,DEGRADED,0.51,4.0,0.51,3.3463941217487654,VALID,0.6490264007292419,VALID,1.9987152967700839,VALID,1.9984706508373693,VALID,2.486199920503727,VALID,0.012882263673173801,VALID,crazyflie-6dof,2.0.0,69.34703358101231,0.08321644029721477,64.24050525153339,2.5916542647050043,0.08223847799757945,0.12,0.5288141909004678,false,100.0,false,69.36876403760257,0.08324251684512309,64.25060234828594,2.5920616118103452,0.08225419109173798,0.12,0.5290620026652968,false,100.0,false,69.36952215916946,0.08324342659100335,64.25095454945797,2.592075820659824,0.08226039227976055,0.12,0.52907064862514,false,100.0,false,69.34783440586376,0.08321740128703652,64.24087741666737,2.591669278960463,0.08224472349626971,0.12,0.528823323003244,false,100.0,false,[]
1,child-f9d0c0c9a9ae419f6470a221,py-f996c906ee10788ea67a,f996c906ee10,4b81296e5dd75a57ec2747997355f69bfd8a5d1068302c364c372acc996e4530,evt-b90dd78163b047c1b7f7a697126a1d47,45460,Alpha,SIM,vehicle-adapter,2026-08-15T05:18:04.963982Z,0.52,0.53,54,0.52,,fast-sim-Alpha,1,home,TAKING_OFF,true,true,true,simulated,98.83095426520558,-1.3492934013343565,-4.95402453937788e-05,0.012812989319659617,-1.349860886022801,-0.0003152832153198521,0.012310774955197031,0.00036212810625739375,-0.0015633872819367377,0.09738461222750855,0.0002813711702870757,-0.0004821374472964831,-3.2036842823215687e-07,,,,,99.89332980757955,4.198957682108157,4.034365463674561,2.1945629124745603,false,,false,modeled_transport,SIMULATED_MODEL,100.0,30.0,0.0,-0.0002315958331462675,0.0008687710439711223,10.230381447278797,-0.0004123941868764596,-0.0023326654255300923,3.344234619677069e-07,,,,,,0.00036212843711841815,-0.0015633872278087216,0.0,0.012310776873377581,24.572736143235854,DEGRADED,0.52,4.0,0.52,3.3502066234247208,VALID,0.6490698581797262,VALID,2.001130815131168,VALID,1.998917987683095,VALID,2.4856370652316366,VALID,0.010652936883481932,VALID,crazyflie-6dof,2.0.0,69.27586402553023,0.08313103683063627,64.22447918960488,2.591050207650275,0.0822487672630444,0.12,0.5284382422112316,false,100.0,false,69.28306501671008,0.0831396780200521,64.22783010847198,2.5911853959637647,0.08226268819269116,0.12,0.5285204188987083,false,100.0,false,69.31132815091372,0.08317359378109646,64.24097849340747,2.591715849864633,0.08227564112980394,0.12,0.5288429787657019,false,100.0,false,69.30416927558286,0.08316500313069944,64.23764863508856,2.591581511210626,0.0822617658603898,0.12,0.5287612725989181,false,100.0,false,[]
1,child-f9d0c0c9a9ae419f6470a221,py-f996c906ee10788ea67a,f996c906ee10,4b81296e5dd75a57ec2747997355f69bfd8a5d1068302c364c372acc996e4530,evt-0add5ee8ba6f4a12b39ae9470b47500d,45461,Alpha,SIM,vehicle-adapter,2026-08-15T05:18:04.973798Z,0.53,0.54,55,0.53,,fast-sim-Alpha,1,home,TAKING_OFF,true,true,true,simulated,98.81467675735483,-1.3487506428060494,0.0009986735069084254,0.012310553778391974,-1.349858264065421,-0.00033138934665415506,0.013326629838471429,0.0003127900456973894,-0.0015821844257749233,0.10158548832743972,0.00027984941306392945,-0.0004980450683416066,-3.2039523074108145e-07,,,,,99.89089492767087,4.198933298075795,4.034578904241759,2.191391917805157,false,,false,modeled_transport,SIMULATED_MODEL,100.0,30.0,0.0,-0.00020456864551393096,0.0008794886768875693,10.226739134575844,-0.00015217572362821936,-0.001590762042668455,4.437039618197465e-07,,,,,,0.00031279037089428644,-0.0015821843875133369,0.0,0.013326632013141684,26.59970689516165,DEGRADED,0.53,4.0,0.53,3.3503023043429927,VALID,0.6479859068693956,VALID,2.0014669253223656,VALID,2.000802211599545,VALID,2.4874258530523097,VALID,0.013801784372613852,VALID,crazyflie-6dof,2.0.0,69.18322267760306,0.08301986721312365,64.19751680443545,2.5900994700388105,0.08224164670690323,0.12,0.5278327261344841,false,100.0,false,69.20015783467682,0.08304018940161217,64.20541017761504,2.5904179344079474,0.08225708181967863,0.12,0.5280261240983569,false,100.0,false,69.18587307190917,0.08302304768629101,64.19875227421765,2.5901493160420115,0.08226262022789095,0.12,0.5278629924504079,false,100.0,false,69.16897894592283,0.08300277473510739,64.19087627853085,2.5898315527815328,0.0822472314737747,0.12,0.5276700751219081,false,100.0,false,[]
1,child-f9d0c0c9a9ae419f6470a221,py-f996c906ee10788ea67a,f996c906ee10,4b81296e5dd75a57ec2747997355f69bfd8a5d1068302c364c372acc996e4530,evt-abd3272252994bce8b34694a290717c9,45462,Alpha,SIM,vehicle-adapter,2026-08-15T05:18:04.983894Z,0.54,0.55,56,0.54,,fast-sim-Alpha,1,home,TAKING_OFF,true,true,true,simulated,98.82974683034978,-1.347566117397067,0.0006774797889230078,0.014356298012020796,-1.3498561782702236,-0.0003476927012250918,0.014384357885657326,0.0002622157219422717,-0.0016007282859989546,0.10577280471858957,0.0002799121704204419,-0.0005070871341625121,-3.17403652785307e-07,,,,,99.88845722223907,4.198908949276709,4.034363832630607,2.19393488862507,false,,false,modeled_transport,SIMULATED_MODEL,100.0,30.0,0.0,-0.00017646126043524557,0.0008899751327820669,10.225383194728918,6.27588599780548e-06,-0.0009042064629534645,5.522277968757148e-07,,,,,,0.00026221603652489906,-0.0016007282654798343,0.0,0.014384360298548672,28.710362233952726,DEGRADED,0.54,4.0,0.54,3.352827974433668,VALID,0.6502606949626641,VALID,2.0043327505312236,VALID,1.9992670749803674,VALID,2.4857386070117324,VALID,0.016433319566580295,VALID,crazyflie-6dof,2.0.0,69.20873924005325,0.0830504870880639,64.22464637138562,2.591055904842087,0.0822512375144172,0.12,0.5284419187582846,false,100.0,false,69.21862284930793,0.08306234741916951,64.22925257941984,2.591241736033075,0.08226574113331324,0.12,0.5285548834041148,false,100.0,false,69.21603449450812,0.08305924139340976,64.22804635764125,2.5911930726578984,0.08226914248537821,0.12,0.5285252993470956,false,100.0,false,69.20619035743753,0.08304742842892504,64.22345836225236,2.5910079762312863,0.08225468530311349,0.12,0.528412787115575,false,100.0,false,[]
1,child-f9d0c0c9a9ae419f6470a221,py-f996c906ee10788ea67a,f996c906ee10,4b81296e5dd75a57ec2747997355f69bfd8a5d1068302c364c372acc996e4530,evt-19bc678362bb4952814ddc6c226a2fce,45463,Alpha,SIM,vehicle-adapter,2026-08-15T05:18:04.994015Z,0.55,0.56,57,0.55,,fast-sim-Alpha,1,home,TAKING_OFF,true,true,true,simulated,98.85357671293394,-1.3480342104564382,0.0009868722686242322,0.017167700294655214,-1.3498546302856809,-0.0003641924518852055,0.015483603338710917,0.00021104518715875928,-0.0016191719906392232,0.10992454530535967,0.0002802194097915262,-0.0005116831850962033,-3.1210512629829584e-07,,,,,99.8860223213946,4.198884572222391,4.034528765221902,2.191410760013691,false,,false,modeled_transport,SIMULATED_MODEL,100.0,30.0,0.0,-0.00014776996754982397,0.0009003913702035106,10.221825621442584,3.072420700748259e-05,-0.00045960492695136334,6.585722211099115e-07,,,,,,0.00021104548797592733,-0.0016191719883419135,0.0,0.015483605973576143,30.903959567815782,DEGRADED,0.55,4.0,0.55,3.3513638753605774,VALID,0.6500875918064307,VALID,2.0015661794692883,VALID,1.9953422208563116,VALID,2.4841373348803386,VALID,0.015169913319957831,VALID,crazyflie-6dof,2.0.0,69.12794947499141,0.0829535393699897,64.20162663804079,2.590233094452123,0.08224558986295477,0.12,0.5279204266440619,false,100.0,false,69.12301771153395,0.08294762125384073,64.19932453275837,2.590140215352297,0.08225503848197976,0.12,0.5278640263620056,false,100.0,false,69.11608454479591,0.08293930145375508,64.19608789054433,2.5900096320911454,0.0822555553497656,0.12,0.5277847398421959,false,100.0,false,69.12105380071922,0.08294526456086307,64.19840774667334,2.5901032273539815,0.08224615265465134,0.12,0.5278415671654275,false,100.0,false,[]
1,child-f9d0c0c9a9ae419f6470a221,py-f996c906ee10788ea67a,f996c906ee10,4b81296e5dd75a57ec2747997355f69bfd8a5d1068302c364c372acc996e4530,evt-3d68127f0bf3447ea9c5590f938fbc0d,45464,Alpha,SIM,vehicle-adapter,2026-08-15T05:18:05.004180Z,0.56,0.5700000000000001,58,0.56,,fast-sim-Alpha,1,home,TAKING_OFF,true,true,true,simulated,98.83860570868728,-1.3478069584235959,0.0022034239691156796,0.015646964117972294,-1.3498536181795056,-0.00038088740149498456,0.016623726900237577,0.00015969330653479004,-0.0016375440314395533,0.1140123561526659,0.0002802401227122323,-0.0005129486200980485,-3.0484509834994323e-07,,,,,99.88359194336813,4.198860223213947,4.0348097064285895,2.187340223829942,false,,false,modeled_transport,SIMULATED_MODEL,100.0,30.0,0.0,-0.0001187913252631732,0.0009107829633795098,10.215432635481918,2.0716640133650727e-06,-0.000126543291768321,7.614639260665641e-07,,,,,,0.00015969359134609338,-0.0016375440470596282,0.0,0.01662372973999283,33.17921309735406,DEGRADED,0.56,4.0,0.56,3.3558011683991023,VALID,0.649671197240685,VALID,1.9977485471139727,VALID,2.000868673913937,VALID,2.485201777541593,VALID,0.018702193672345747,VALID,crazyflie-6dof,2.0.0,68.99877098944606,0.08279852518733527,64.1550781548076,2.5885353205570247,0.0822148486366777,0.12,0.526853652893179,false,100.0,false,68.99899751266051,0.0827987970151926,64.15518412552252,2.5885395962737165,0.0822220157438955,0.12,0.5268562445813624,false,100.0,false,68.99550247268178,0.08279460296721813,64.15354905545837,2.588473624308061,0.0822213752780627,0.12,0.5268162575604292,false,100.0,false,68.9953111634821,0.08279437339617851,64.15345955349535,2.58847001307417,0.08221425304801487,0.12,0.5268140687949715,false,100.0,false,[]
1,child-f9d0c0c9a9ae419f6470a221,py-f996c906ee10788ea67a,f996c906ee10,4b81296e5dd75a57ec2747997355f69bfd8a5d1068302c364c372acc996e4530,evt-f917bc1e5f7541cda4cc609c4357f8ea,45465,Alpha,SIM,vehicle-adapter,2026-08-15T05:18:05.013547Z,0.5700000000000001,0.5800000000000001,59,0.5700000000000001,,fast-sim-Alpha,1,home,TAKING_OFF,true,true,true,simulated,98.79581240212879,-1.349704744899364,0.00031261666732352304,0.01809580685477534,-1.3498531380970573,-0.0003977777604795366,0.017804541411617882,0.00010847912093458621,-0.0016557956875614748,0.11808145113803038,0.0002815015200505864,-0.0005121096510078991,-2.9601163968697615e-07,,,,,99.8811565485376,4.198835919433682,4.034446768372847,2.1918553474746316,false,,false,modeled_transport,SIMULATED_MODEL,100.0,30.0,0.0,-8.977383214428189e-05,0.0009210376307992331,10.213561029199436,0.00012614018657587645,8.389715381178353e-05,8.597815219961861e-07,,,,,,0.00010847938659516853,-0.0016557957210555172,0.0,0.017804544451738364,35.535669575637016,DEGRADED,0.5700000000000001,4.0,0.5700000000000001,3.3450432204418767,VALID,0.6514784037868576,VALID,1.9998756502034059,VALID,1.996679941906806,VALID,2.4807659331463525,VALID,0.02465615672659742,VALID,crazyflie-6dof,2.0.0,69.07223338610686,0.08288668006332824,64.20235649742835,2.590209896929713,0.08221788215443578,0.12,0.5279170688330279,false,100.0,false,69.06956087921455,0.08288347305505746,64.20110741262273,2.590159503268138,0.08222248106084387,0.12,0.5278864670226333,false,100.0,false,69.08038543517819,0.08289646252221382,64.20616630691252,2.590363601665328,0.0822251874288079,0.12,0.5280104169216221,false,100.0,false,69.08309064650966,0.08289970877581158,64.20743046371118,2.5904146033984388,0.08222063187704115,0.12,0.5280413946973479,false,100.0,false,[]
1,child-f9d0c0c9a9ae419f6470a221,py-f996c906ee10788ea67a,f996c906ee10,4b81296e5dd75a57ec2747997355f69bfd8a5d1068302c364c372acc996e4530,evt-282ad5ae2476407d90804661d14c7dc7,45466,Alpha,SIM,vehicle-adapter,2026-08-15T05:18:05.024505Z,0.5800000000000001,0.5900000000000001,60,0.5800000000000001,,fast-sim-Alpha,1,home,TAKING_OFF,true,true,true,simulated,98.79707547673603,-1.3480897349317613,0.0022066122496113604,0.01848969070895455,-1.3498531817445965,-0.00041486292858490775,0.019025589933941673,5.7550496254476215e-05,-0.0016740770803544622,0.12210485223237896,0.0002820495411670468,-0.0005070642918462935,-2.850641053094744e-07,,,,,99.87872488261519,4.198811565485376,4.0346741157214865,2.1884993301765245,false,,false,modeled_transport,SIMULATED_MODEL,100.0,30.0,0.0,-6.0684527797799474e-05,0.0009313486931599693,10.208991596030181,5.480266951810953e-05,0.0005045362046069087,9.525873785448386e-07,,,,,,5.755074145041966e-05,-0.0016740771305368577,0.0,0.019025593136578017,37.972591607582224,DEGRADED,0.5800000000000001,4.0,0.5800000000000001,3.349240598966183,VALID,0.6475735479383868,VALID,2.0030623869100888,VALID,1.998245607023685,VALID,2.482021138728606,VALID,0.015381923641422065,VALID,crazyflie-6dof,2.0.0,68.96717224731758,0.08276060669678109,64.16578989952613,2.588880516224413,0.08219941138985899,0.12,0.5270806406989489,false,100.0,false,68.98699922361774,0.08278439906834129,64.17507207861945,2.5892550219016655,0.08220871074794836,0.12,0.527307779310957,false,100.0,false,68.97487193673997,0.08276984632408796,64.16939492014968,2.5890259670583777,0.08220717038227793,0.12,0.5271688462771875,false,100.0,false,68.95507499570995,0.08274608999485195,64.16012505036775,2.588651958021725,0.08219791245244791,0.12,0.526942063889431,false,100.0,false,[]
1,child-f9d0c0c9a9ae419f6470a221,py-f996c906ee10788ea67a,f996c906ee10,4b81296e5dd75a57ec2747997355f69bfd8a5d1068302c364c372acc996e4530,evt-a1fc9626a25c4580996b43d779738f6e,45467,Alpha,SIM,vehicle-adapter,2026-08-15T05:18:05.034739Z,0.5900000000000001,0.6000000000000001,61,0.5900000000000001,,fast-sim-Alpha,1,home,TAKING_OFF,true,true,true,simulated,98.75786519662455,-1.3461034057406205,0.001884095243670172,0.01941445300429127,-1.3498537377725206,-0.0004321432255373297,0.02028652850367759,7.3111127896394776e-06,-0.001692287060917396,0.12609385697359166,0.0002834595750540588,-0.0004989430432739313,-2.723773456304292e-07,,,,,99.87629242914697,4.198787248826152,4.034596639719611,2.189208121394661,false,,false,modeled_transport,SIMULATED_MODEL,100.0,30.0,0.0,-3.181448026441918e-05,0.0009415715387149396,10.205551903408297,0.00014100402684987136,0.0008121251834999944,1.0390437546244393e-06,,,,,,7.311335299889048e-06,-0.00169228712691302,0.0,0.02028653184378888,40.489218127999735,DEGRADED,0.5900000000000001,4.0,0.5900000000000001,3.350082120052004,VALID,0.6514273457419046,VALID,2.002039086711039,VALID,1.9996709986520016,VALID,2.4764140845319864,VALID,0.022187184549958095,VALID,crazyflie-6dof,2.0.0,68.95789737845438,0.08274947685414526,64.173237902025,2.589131299994372,0.08218944379099782,0.12,0.5272428561000851,false,100.0,false,68.95785180627328,0.08274942216752794,64.17321655667513,2.589130438795604,0.08219641860952354,0.12,0.5272423337359544,false,100.0,false,68.968208549221,0.0827618502590652,64.17806711481394,2.58932613925128,0.08219831496296874,0.12,0.5273610490191735,false,100.0,false,68.9682812640047,0.08276193751680565,64.17810116785392,2.5893275131540867,0.08219137928039678,0.12,0.5273618825394477,false,100.0,false,[]
1,child-f9d0c0c9a9ae419f6470a221,py-f996c906ee10788ea67a,f996c906ee10,4b81296e5dd75a57ec2747997355f69bfd8a5d1068302c364c372acc996e4530,evt-baf0d17490da43f9a081e20fa186debf,45468,Alpha,SIM,vehicle-adapter,2026-08-15T05:18:05.045072Z,0.6000000000000001,0.6100000000000001,62,0.6000000000000001,,fast-sim-Alpha,1,home,TAKING_OFF,true,true,true,simulated,98.7453116801741,-1.3482237617434034,0.0020401899880671164,0.022474822294107775,-1.349854795941553,-0.00044962046014399525,0.021587016734609457,-4.1853708268140914e-05,-0.0017104876521974789,0.13004882309318652,0.00028632072571081556,-0.0004918378163519435,-2.591690151574731e-07,,,,,99.87386035792902,4.19876292429147,4.034598117079458,2.188864096163881,false,,false,modeled_transport,SIMULATED_MODEL,100.0,30.0,0.0,-3.60865514388662e-06,0.0009517085725582004,10.20214799339664,0.00028611572000388505,0.0007105230396609184,1.118411917736851e-06,,,,,,-4.185351090163185e-05,-0.0017104877331571193,0.0,0.021587020230454473,43.08461638655542,DEGRADED,0.6000000000000001,4.0,0.6000000000000001,3.3463611203024968,VALID,0.6501589536993448,VALID,1.9989956487337124,VALID,1.9978058932230758,VALID,2.4797708438118633,VALID,0.02232027218240628,VALID,crazyflie-6dof,2.0.0,68.94050038721953,0.08272860046466343,64.17636683851661,2.589258488076797,0.08218393808072288,0.12,0.5273198147705834,false,100.0,false,68.91628468474455,0.08269954162169346,64.1650173374504,2.5888005813204815,0.08218203503814019,0.12,0.5270420992230841,false,100.0,false,68.92238797170917,0.082706865566051,64.16787825213454,2.588916007730459,0.08218526078384535,0.12,0.5271120913988767,false,100.0,false,68.94662776620507,0.08273595331944608,64.17923795991013,2.589374326286479,0.08218720034207558,0.12,0.5273900907713369,false,100.0,false,[]
1,child-f9d0c0c9a9ae419f6470a221,py-f996c906ee10788ea67a,f996c906ee10,4b81296e5dd75a57ec2747997355f69bfd8a5d1068302c364c372acc996e4530,evt-e0f8e39e030d46fb959ca275c31cbd6b,45469,Alpha,SIM,vehicle-adapter,2026-08-15T05:18:05.055537Z,0.6100000000000001,0.6200000000000001,63,0.6100000000000001,,fast-sim-Alpha,1,home,TAKING_OFF,true,true,true,simulated,98.73345227053488,-1.3471438566130312,0.0014653416295543065,0.022602454440194226,-1.34985634652248,-0.0004672984421858958,0.022926389136817705,-9.005458969129821e-05,-0.0017287910907706093,0.13393724022082465,0.0002912331495712609,-0.00048532598308209803,-2.4538667213397684e-07,,,,,99.87143338939921,4.19873860357929,4.034918227818206,2.184271676816533,false,,false,modeled_transport,SIMULATED_MODEL,100.0,30.0,0.0,2.4018970206295294e-05,0.0009617899917410103,10.195493054105794,0.000491243059425821,0.0006511836978392647,1.1901873559963075e-06,,,,,,-9.005442042731564e-05,-0.0017287911861839753,0.0,0.022926392809144863,45.75743115929741,DEGRADED,0.6100000000000001,4.0,0.6100000000000001,3.3483929599974322,VALID,0.6460658989094227,VALID,2.0040899437206217,VALID,2.000589194421046,VALID,2.4765158118223956,VALID,0.023412064132477133,VALID,crazyflie-6dof,2.0.0,68.79689339810258,0.0825562720777231,64.11971752591813,2.587178170078816,0.08214736430531128,0.12,0.5260174734412298,false,100.0,false,68.79830092091288,0.08255796110509546,64.12037866945049,2.587204846679715,0.0821463498025658,0.12,0.5260336197396841,false,100.0,false,68.80567776937367,0.0825668133232484,64.12384349460623,2.5873446495414862,0.0821509519931459,0.12,0.5261182443867445,false,100.0,false,68.8042913147798,0.08256514957773577,64.12319232254713,2.5873183752813786,0.08215200015738892,0.12,0.5261023392488743,false,100.0,false,[]
1,child-f9d0c0c9a9ae419f6470a221,py-f996c906ee10788ea67a,f996c906ee10,4b81296e5dd75a57ec2747997355f69bfd8a5d1068302c364c372acc996e4530,evt-c5c1b5ffa930485da2076ca53d7f2dbe,45470,Alpha,SIM,vehicle-adapter,2026-08-15T05:18:05.063584Z,0.6200000000000001,0.6300000000000001,64,0.6200000000000001,,fast-sim-Alpha,1,home,TAKING_OFF,true,true,true,simulated,98.72405168914355,-1.346484757198821,0.00158445455232017,0.02513429597948113,-1.3498583819569827,-0.00048518250761819234,0.024304189267285163,-0.00013730209782265303,-0.0017474033142077336,0.13778001304674536,0.00029759805575483195,-0.00048077405884071323,-2.3150635709781598e-07,,,,,99.86900503743071,4.198714333893992,4.034800576019501,2.185516771650127,false,,false,modeled_transport,SIMULATED_MODEL,100.0,30.0,0.0,5.0998566040484465e-05,0.0009719655089238423,10.190928597880449,0.0006364912888478728,0.00045519281307148903,1.2540155315840708e-06,,,,,,-0.00013730195916988376,-0.0017474034233730396,0.0,0.024304193152411092,48.50664593354171,DEGRADED,0.6200000000000001,4.0,0.6200000000000001,3.3488602528578157,VALID,0.6501080093780781,VALID,2.0037662929793187,VALID,2.001503474787424,VALID,2.4777256673639436,VALID,0.025472894264423143,VALID,crazyflie-6dof,2.0.0,68.81557451232214,0.08257868941478656,64.13844550886478,2.58785836884163,0.08213047950384599,0.12,0.5264446639652636,false,100.0,false,68.80446919207071,0.08256536303048485,64.13322930722825,2.5876479055079527,0.08212643683661101,0.12,0.5263171991948525,false,100.0,false,68.80415719468064,0.08256498863361676,64.13308274804464,2.5876419921371685,0.08212980312046349,0.12,0.5263136182385294,false,100.0,false,68.81528058583669,0.08257833670300403,64.13830746240502,2.5878527989422766,0.08213387642137941,0.12,0.5264412902514817,false,100.0,false,[]
1,child-f9d0c0c9a9ae419f6470a221,py-f996c906ee10788ea67a,f996c906ee10,4b81296e5dd75a57ec2747997355f69bfd8a5d1068302c364c372acc996e4530,evt-e8afc6cce3a842a79aba71c8974cc3e8,45471,Alpha,SIM,vehicle-adapter,2026-08-15T05:18:05.076329Z,0.6300000000000001,0.6400000000000001,65,0.6300000000000001,,fast-sim-Alpha,1,home,TAKING_OFF,true,true,true,simulated,98.72206519881503,-1.3477616197118825,-6.054993220212725e-05,0.026141103187778413,-1.3498608986580796,-0.0005032790184565678,0.025719749628533566,-0.0001837019791469035,-0.001766468053720548,0.14155603612484047,0.0003050583254336242,-0.0004801477680725961,-2.1822041856180367e-07,,,,,99.8665805909988,4.198690050374307,4.03503991621983,2.1820017887376126,false,,false,modeled_transport,SIMULATED_MODEL,100.0,30.0,0.0,7.728090374926715e-05,0.0009823362412817427,10.184253618858046,0.0007460276062200773,6.262947431157165e-05,1.309721733836374e-06,,,,,,-0.0001837018735829983,-0.0017664681760023062,0.0,0.025719753790021175,51.33075770771717,DEGRADED,0.6300000000000001,4.0,0.6300000000000001,3.3489137703675085,VALID,0.6459686854438592,VALID,1.9991955270047193,VALID,1.9986460215981972,VALID,2.4757028628573803,VALID,0.02415551571468925,VALID,crazyflie-6dof,2.0.0,68.71656622847797,0.08245987947417356,64.1014646800081,2.586519686719883,0.0820969358836362,0.12,0.5256032124718091,false,100.0,false,68.69828792854148,0.08243794551424975,64.0928642222139,2.5861726548149093,0.0820884953174666,0.12,0.5253933621766665,false,100.0,false,68.6986565959263,0.08243838791511156,64.09303771500797,2.5861796553184018,0.0820911339719436,0.12,0.5253975946202107,false,100.0,false,68.71695006909299,0.08246034008291157,64.1016452614783,2.586526973254286,0.08209960204336184,0.12,0.5256076194689261,false,100.0,false,[]
1,child-f9d0c0c9a9ae419f6470a221,py-f996c906ee10788ea67a,f996c906ee10,4b81296e5dd75a57ec2747997355f69bfd8a5d1068302c364c372acc996e4530,evt-e9169155de844cc8a9e837e263a669aa,45472,Alpha,SIM,vehicle-adapter,2026-08-15T05:18:05.087187Z,0.6400000000000001,0.6500000000000001,66,0.6400000000000001,,fast-sim-Alpha,1,home,TAKING_OFF,true,true,true,simulated,98.68795947026405,-1.3462740938383113,0.00040594413082517935,0.02765567100042699,-1.3498638963101006,-0.0005215923571197197,0.02717248184527267,-0.00022964801038506937,-0.0017862107475017895,0.14527322167391027,0.0003106072766424696,-0.0004826550613951412,-2.054189030297548e-07,,,,,99.8641566588396,4.198665805909988,4.035050385163876,2.1815389432599304,false,,false,modeled_transport,SIMULATED_MODEL,100.0,30.0,0.0,0.00010313267286514959,0.0009931965083245838,10.17836987317979,0.0005548957371527017,-0.00025072892630332097,1.3573340556524024e-06,,,,,,-0.0002296479379944205,-0.0017862108808398202,0.0,0.027172486321026413,54.22872495642096,DEGRADED,0.6400000000000001,4.0,0.6400000000000001,3.354447625180406,VALID,0.6491089842047675,VALID,2.0017728806867154,VALID,1.9986692034369427,VALID,2.4732250040878405,VALID,0.02379392315597036,VALID,crazyflie-6dof,2.0.0,68.68923264861705,0.08242707917834045,64.09750807251147,2.586366746360321,0.08206934744858002,0.12,0.5255093564377629,false,100.0,false,68.68751120748497,0.08242501344898197,64.09669773114793,2.58633404867801,0.08206249551539538,0.12,0.5254895841024422,false,100.0,false,68.66752580051761,0.08240103096062114,64.08728831368472,2.585954373942419,0.08205856860992004,0.12,0.5252600444263716,false,100.0,false,68.66925971834877,0.08240311166201851,64.08810478400235,2.5859873189311156,0.08206544490249458,0.12,0.5252799582933532,false,100.0,false,[]
1,child-f9d0c0c9a9ae419f6470a221,py-f996c906ee10788ea67a,f996c906ee10,4b81296e5dd75a57ec2747997355f69bfd8a5d1068302c364c372acc996e4530,evt-4f56eee8222146eb8cda9dde2d3b9bed,45473,Alpha,SIM,vehicle-adapter,2026-08-15T05:18:05.098316Z,0.65,0.66,67,0.65,,fast-sim-Alpha,1,home,TAKING_OFF,true,true,true,simulated,98.69304800322958,-1.3486918328251438,-0.0010282695493665265,0.02762225892098967,-1.3498673794675422,-0.0005401234154468924,0.028661781609402047,-0.0002753514523034843,-0.001806522383805017,0.14892997641293926,0.00031278617053124094,-0.0004899210745738632,-1.9371342816003968e-07,,,,,99.86173433127985,4.198641566588396,4.0351344563034175,2.180094803781624,false,,false,modeled_transport,SIMULATED_MODEL,100.0,30.0,0.0,0.00012858322576133393,0.0010045655664573014,10.172326815093248,0.00021788995810048114,-0.0007266009177236304,1.3970265381830562e-06,,,,,,-0.00027535141223358945,-0.0018065225255149918,0.0,0.02866178645120654,57.19925947633561,DEGRADED,0.65,4.0,0.65,3.3513359683625663,VALID,0.6496672411223016,VALID,1.9998495034357735,VALID,1.998968572062657,VALID,2.470723576535313,VALID,0.029141832942100068,VALID,crazyflie-6dof,2.0.0,68.6434129306997,0.08237209551683963,64.08439425850592,2.5858914738383016,0.08204121764454042,0.12,0.5252110829918826,false,100.0,false,68.62516982743509,0.0823502037929221,64.07579818162415,2.5855446105781548,0.0820306713963408,0.12,0.5250014792204337,false,100.0,false,68.61078946615622,0.08233294735938745,64.0690204784232,2.585271121140947,0.08202346601998116,0.12,0.5248362683850207,false,100.0,false,68.62904253460673,0.08235485104152807,64.07762319142148,2.585618252177318,0.08203403352470301,0.12,0.5250459731842867,false,100.0,false,[]
1,child-f9d0c0c9a9ae419f6470a221,py-f996c906ee10788ea67a,f996c906ee10,4b81296e5dd75a57ec2747997355f69bfd8a5d1068302c364c372acc996e4530,evt-3390511e49d348d49de6663c40b79174,45474,Alpha,SIM,vehicle-adapter,2026-08-15T05:18:05.109864Z,0.66,0.67,68,0.66,,fast-sim-Alpha,1,home,TAKING_OFF,true,true,true,simulated,98.6766935596621,-1.3480634558867364,0.0012558068144386412,0.030460829183600973,-1.3498713546163639,-0.0005588663094144893,0.030187274039205705,-0.00032139365593856074,-0.0018272592984528299,0.15254924298036565,0.0003082931176931209,-0.0004989919893521368,-1.822391649294889e-07,,,,,99.8593101524921,4.198617343312798,4.0349852751403645,2.1817609089774535,false,,false,modeled_transport,SIMULATED_MODEL,100.0,30.0,0.0,0.00015412528179873427,0.001016545316761765,10.168578015628242,-0.000449304716460348,-0.0009070910777769375,1.4291139876551948e-06,,,,,,-0.0003213936440506257,-0.0018272594438589241,0.0,0.03018727923198577,60.24198343126094,DEGRADED,0.66,4.0,0.66,3.3481985097100453,VALID,0.649166646698823,VALID,2.0004330992794275,VALID,1.9997683833780908,VALID,2.4663580719044216,VALID,0.030233883471315212,VALID,crazyflie-6dof,2.0.0,68.65901033418679,0.08239081240102414,64.09972959831428,2.586414650696771,0.08202822225925586,0.12,0.5255468057782646,false,100.0,false,68.67147167952778,0.08240576601543334,64.1055992153374,2.5866514888793612,0.0820239846580406,0.12,0.5256900522167944,false,100.0,false,68.64046128974253,0.08236855354769104,64.09099039179841,2.586062025000692,0.0820093931261796,0.12,0.5253335944046155,false,100.0,false,68.62800766806603,0.08235360920167922,64.08512155878637,2.5858252184528334,0.08201364898283758,0.12,0.5251904565777791,false,100.0,false,[]
1,child-f9d0c0c9a9ae419f6470a221,py-f996c906ee10788ea67a,f996c906ee10,4b81296e5dd75a57ec2747997355f69bfd8a5d1068302c364c372acc996e4530,evt-ec33b87ce5b245bda20c6c4e52e3a581,45475,Alpha,SIM,vehicle-adapter,2026-08-15T05:18:05.121892Z,0.67,0.68,69,0.67,,fast-sim-Alpha,1,home,TAKING_OFF,true,true,true,simulated,98.64431183510379,-1.3470232238857924,0.002167688687725428,0.03340290160853283,-1.3498758285429933,-0.0005778097745366078,0.03174831551503103,-0.0003680087899880264,-0.001847734177488257,0.1561041475825325,0.0002985962958110513,-0.0005085289766081879,-1.705933596472517e-07,,,,,99.85689045486718,4.198593101524921,4.035263511842912,2.177727862424372,false,,false,modeled_transport,SIMULATED_MODEL,100.0,30.0,0.0,0.00017996557723133372,0.0010286655121912306,10.162141828543895,-0.0009696816015449291,-0.0009536983283301294,1.4539751525491302e-06,,,,,,-0.00036800880292965307,-0.0018477343226398484,0.0,0.03174832103545211,63.355668226597324,DEGRADED,0.67,4.0,0.67,3.3520772182020844,VALID,0.6521533462873538,VALID,2.0007366186783275,VALID,1.998987668720765,VALID,2.4668503519931875,VALID,0.03202099417256285,VALID,crazyflie-6dof,2.0.0,68.53748569769367,0.0822449828372324,64.05013667378394,2.5845917944827184,0.08199009797949276,0.12,0.5244093324792632,false,100.0,false,68.54362895776015,0.08225235474931218,64.05303632752862,2.584708803152247,0.08198873256780388,0.12,0.5244799566381483,false,100.0,false,68.54142037121463,0.08224970444545755,64.05199389432964,2.584666738225734,0.08197711338968497,0.12,0.524454566057282,false,100.0,false,68.5352827351089,0.08224233928213066,64.0490967946964,2.5845498326213314,0.08197849418507656,0.12,0.5243840072496779,false,100.0,false,[]
1,child-f9d0c0c9a9ae419f6470a221,py-f996c906ee10788ea67a,f996c906ee10,4b81296e5dd75a57ec2747997355f69bfd8a5d1068302c364c372acc996e4530,evt-38c122ab01094c99bb1d6b188da5ca09,45476,Alpha,SIM,vehicle-adapter,2026-08-15T05:18:05.123212Z,0.68,0.6900000000000001,70,0.68,,fast-sim-Alpha,1,home,TAKING_OFF,true,true,true,simulated,98.6324144045437,-1.3475266696781305,0.0015151513042776618,0.034175886436242225,-1.3498808089323806,-0.0005969400585847352,0.033344047765093636,-0.00041520420191997924,-0.0018673165730681955,0.15957322500625967,0.00028646173269997497,-0.0005190991944422087,-1.5896593148183796e-07,,,,,99.85447544760426,4.198568904548672,4.035555914300867,2.1735065366400472,false,,false,modeled_transport,SIMULATED_MODEL,100.0,30.0,0.0,0.00020607680694333368,0.0010404160768776925,10.153559121970424,-0.001213455713688923,-0.0010570213980690155,1.4719521492880647e-06,,,,,,-0.0004152042386953625,-0.0018673167156878015,0.0,0.03334405362571586,66.53841746626594,DEGRADED,0.68,4.0,0.68,3.350545654740334,VALID,0.65147449364943,VALID,1.9987691113108488,VALID,2.001489288882668,VALID,2.464407028940343,VALID,0.0362730271094651,VALID,crazyflie-6dof,2.0.0,68.42373575936925,0.0821084829112431,64.0035088202346,2.582897385555054,0.0819351263313341,0.12,0.5233496788570662,false,100.0,false,68.41831736592674,0.08210198083911209,64.00094620923747,2.582793969955399,0.08193249491502319,0.12,0.5232873830503544,false,100.0,false,68.42842278997561,0.08211410734797074,64.00572535927567,2.582986835227419,0.08192675736183132,0.12,0.5234035673356631,false,100.0,false,68.43384478648163,0.08212061374377795,64.0082892662687,2.5830903031277135,0.08192940140565926,0.12,0.5234659073969635,false,100.0,false,[]
1,child-f9d0c0c9a9ae419f6470a221,py-f996c906ee10788ea67a,f996c906ee10,4b81296e5dd75a57ec2747997355f69bfd8a5d1068302c364c372acc996e4530,evt-4b52ba67c3094099aef5810e1f2232e2,45477,Alpha,SIM,vehicle-adapter,2026-08-15T05:18:05.133183Z,0.6900000000000001,0.7000000000000001,71,0.6900000000000001,,fast-sim-Alpha,1,home,TAKING_OFF,true,true,true,simulated,98.61254507247466,-1.3469098685747651,0.0041835889111600365,0.036213807319024474,-1.3498863040019247,-0.0006162421936074999,0.03497379112931515,-0.00046310480226017695,-0.001885721014779649,0.16297433642215226,0.00027300178829058524,-0.0005301554606814919,-1.4722484533803472e-07,,,,,99.85206027971151,4.198544754476043,4.035520921715694,2.1736511034719386,false,,false,modeled_transport,SIMULATED_MODEL,100.0,30.0,0.0,0.00023255998562814358,0.00105157381817069,10.146762535282551,-0.001345993824989864,-0.0011056262522716426,1.4833872848493122e-06,,,,,,-0.0004631048626432231,-0.0018857211532315376,0.0,0.03497379734756489,69.78885390022559,DEGRADED,0.6900000000000001,4.0,0.6900000000000001,3.3483574027909566,VALID,0.652757539003052,VALID,1.9948484016686254,VALID,2.000276583286956,VALID,2.4610451123145096,VALID,0.03397762462166149,VALID,crazyflie-6dof,2.0.0,68.41374913026354,0.08209649895631624,64.00532723353507,2.5829483715219004,0.08189460790135866,0.12,0.5233849327618272,false,100.0,false,68.41546261005145,0.08209855513206174,64.00613778283638,2.582981081408535,0.08189313826345265,0.12,0.5234046393022311,false,100.0,false,68.4185901717969,0.08210230820615627,64.0076171970524,2.583040783478742,0.08188975351546218,0.12,0.5234406094331497,false,100.0,false,68.41687837524844,0.08210025405029814,64.00680748388797,2.5830081073345856,0.08189123314155569,0.12,0.5234209219747304,false,100.0,false,[]
1,child-f9d0c0c9a9ae419f6470a221,py-f996c906ee10788ea67a,f996c906ee10,4b81296e5dd75a57ec2747997355f69bfd8a5d1068302c364c372acc996e4530,evt-02273b8243d34d259bb97ee1b4d3de36,45478,Alpha,SIM,vehicle-adapter,2026-08-15T05:18:05.144863Z,0.7000000000000001,0.7100000000000001,72,0.7000000000000001,,fast-sim-Alpha,1,home,TAKING_OFF,true,true,true,simulated,98.6065195476774,-1.3469299377757227,0.0017576304373065213,0.03667306899296188,-1.3498923228461057,-0.0006357052906847488,0.036636808995017534,-0.0005117223368489951,-0.0019024974472011472,0.16630178657023792,0.00026344912500501374,-0.0005421567994076383,-1.355579116179394e-07,,,,,99.84964769817554,4.198520602797116,4.035671349118173,2.1713233823611473,false,,false,modeled_transport,SIMULATED_MODEL,100.0,30.0,0.0,0.0002593962965773758,0.001061593870372441,10.13939643652046,-0.0009552657030346546,-0.0012001335165341585,1.4885996145523897e-06,,,,,,-0.0005117224258918267,-0.001902497582590983,0.0,0.03663681565081719,73.10518452333453,DEGRADED,0.7000000000000001,4.0,0.7000000000000001,3.351075219375029,VALID,0.6497700067964398,VALID,1.999654572600907,VALID,1.9984214563619296,VALID,2.4635509275893894,VALID,0.03850938893890595,VALID,crazyflie-6dof,2.0.0,68.33348263487659,0.0820001791618519,63.97358044439812,2.5817634569996413,0.08184577297922829,0.12,0.52265204238689,false,100.0,false,68.32878026128684,0.0819945363135442,63.97135287468382,2.5816735596069,0.0818432743797377,0.12,0.5225979559544863,false,100.0,false,68.3645707875666,0.08203748494507992,63.98830311365757,2.5823576155447707,0.08185134229565316,0.12,0.5230096453526076,false,100.0,false,68.3692730018685,0.0820431276022422,63.99052935140075,2.5824474591835354,0.08185384835247235,0.12,0.5230637386671635,false,100.0,false,[]
1,child-f9d0c0c9a9ae419f6470a221,py-f996c906ee10788ea67a,f996c906ee10,4b81296e5dd75a57ec2747997355f69bfd8a5d1068302c364c372acc996e4530,evt-82da0111422a4cf58f3170754a11defe,45479,Alpha,SIM,vehicle-adapter,2026-08-15T05:18:05.155186Z,0.7100000000000001,0.7200000000000001,73,0.7100000000000001,,fast-sim-Alpha,1,home,TAKING_OFF,true,true,true,simulated,98.62286589740623,-1.3466253605595742,0.0029343447249464264,0.039115459412288195,-1.349898875723172,-0.0006553224035581222,0.03833257029939438,-0.0005611301500306372,-0.001918022964471543,0.16957613043768457,0.00025763130198966887,-0.000555249691699721,-1.2408996364303146e-07,,,,,99.84723415649351,4.198496476981756,4.035582413445308,2.172187513830008,false,,false,modeled_transport,SIMULATED_MODEL,100.0,30.0,0.0,0.000286619103470386,0.0010706991148131475,10.13408585025371,-0.0005817816722861466,-0.0013092888860083106,1.4879170774162673e-06,,,,,,-0.0005611302728946987,-0.0019180230977554726,0.0,0.03833257748054449,76.48629677534989,DEGRADED,0.7100000000000001,4.0,0.7100000000000001,3.3465567204872064,VALID,0.650285935494707,VALID,2.000628874214079,VALID,1.9996865616733075,VALID,2.4624288217077517,VALID,0.040034318958619905,VALID,crazyflie-6dof,2.0.0,68.35613046109006,0.08202735655330806,63.99013523173617,2.5823746437518147,0.08181855614913681,0.12,0.523031423597001,false,100.0,false,68.35282420485213,0.08202338904582254,63.988569453034586,2.5823114554619,0.08181569803016912,0.12,0.522993380572454,false,100.0,false,68.3588176440184,0.08203058117282208,63.99140776923399,2.5824259980512814,0.0818235382544234,0.12,0.5230623437489751,false,100.0,false,68.36212199803272,0.08203454639763927,63.99297249926627,2.5824891440212823,0.08182640141314337,0.12,0.523100365911578,false,100.0,false,[]
1,child-f9d0c0c9a9ae419f6470a221,py-f996c906ee10788ea67a,f996c906ee10,4b81296e5dd75a57ec2747997355f69bfd8a5d1068302c364c372acc996e4530,evt-5f4996a1b218474797688cf50af1db93,45480,Alpha,SIM,vehicle-adapter,2026-08-15T05:18:05.165586Z,0.7200000000000001,0.7300000000000001,74,0.7200000000000001,,fast-sim-Alpha,1,home,TAKING_OFF,true,true,true,simulated,98.62538945006462,-1.3468137695516318,0.0025815177887325356,0.04018037974643071,-1.3499059742986017,-0.0006750921054134183,0.0400603951517773,-0.0006113936948393022,-0.0019325289409993936,0.17278248523829084,0.00025720795680207737,-0.0005698688180745993,-1.1303649100076094e-07,,,,,99.84482400553941,4.198472341564935,4.0357871521632624,2.1691358586928935,false,,false,modeled_transport,SIMULATED_MODEL,100.0,30.0,0.0,0.000314241319519043,0.0010789283688750642,10.1272870028861,-4.233389693586475e-05,-0.0014619123045391243,1.4816720579293187e-06,,,,,,-0.00061139385892826,-0.0019325290740333106,0.0,0.04006040298171091,79.93064602111573,DEGRADED,0.7200000000000001,4.0,0.7200000000000001,3.35149129454879,VALID,0.6534591252630423,VALID,2.001589362694263,VALID,1.9971301113188504,VALID,2.459892076247206,VALID,0.03737800978937069,VALID,crazyflie-6dof,2.0.0,68.26799133246342,0.08192158959895611,63.95397659945405,2.581046370898266,0.08177750354652952,0.12,0.522205769013996,false,100.0,false,68.26223124099047,0.08191467748918856,63.95124464393983,2.5809361149886203,0.08177364682283253,0.12,0.5221394869980408,false,100.0,false,68.2815830944677,0.08193789971336125,63.960422055777954,2.5813064957964844,0.08178527990801608,0.12,0.5223621777650775,false,100.0,false,68.28733965353464,0.08194480758424157,63.963151502109184,2.581416650440845,0.08178913937018131,0.12,0.5224284249157792,false,100.0,false,[]
1,child-f9d0c0c9a9ae419f6470a221,py-f996c906ee10788ea67a,f996c906ee10,4b81296e5dd75a57ec2747997355f69bfd8a5d1068302c364c372acc996e4530,evt-c89b42eb17f84d86bb027da4156dd51e,45481,Alpha,SIM,vehicle-adapter,2026-08-15T05:18:05.174385Z,0.7300000000000001,0.7400000000000001,75,0.7300000000000001,,fast-sim-Alpha,1,home,TAKING_OFF,true,true,true,simulated,98.64974279000666,-1.3471984772913033,0.0001290718517955045,0.041383827522185064,-1.3499136315931686,-0.0006950189727512105,0.041819708926193105,-0.000662662224313897,-0.0019464824032896075,0.1759313774415813,0.0002626256698736251,-0.0005858346046578698,-1.0248400051583737e-07,,,,,99.84241415223988,4.198448240055394,4.035783142339472,2.1688679695695385,false,,false,modeled_transport,SIMULATED_MODEL,100.0,30.0,0.0,0.0003423573367971333,0.0010865210474610358,10.121540820335861,0.0005417719169335383,-0.0015965783301600761,1.4702264691582905e-06,,,,,,-0.000662662438020635,-0.0019464825383285055,0.0,0.04181971754470169,83.43699972113515,DEGRADED,0.7300000000000001,4.0,0.7300000000000001,3.3476474871175537,VALID,0.6501116025631641,VALID,2.0003255274149847,VALID,1.9967424234191153,VALID,2.455816781425765,VALID,0.043204974749126365,VALID,crazyflie-6dof,2.0.0,68.25231129371403,0.08190277355245683,63.95171810743627,2.580952658616373,0.08174520094382881,0.12,0.5221499507479506,false,100.0,false,68.25021028492527,0.08190025234191033,63.95072132068359,2.580912430464643,0.08174167921718407,0.12,0.5221257684644304,false,100.0,false,68.26396282332063,0.08191675538798475,63.95724537106052,2.581175726989953,0.08175450236033996,0.12,0.5222840621995571,false,100.0,false,68.2660588083366,0.08191927057000391,63.958239558511245,2.5812158502394924,0.08175802465385293,0.12,0.5223081881576004,false,100.0,false,[]
1,child-f9d0c0c9a9ae419f6470a221,py-f996c906ee10788ea67a,f996c906ee10,4b81296e5dd75a57ec2747997355f69bfd8a5d1068302c364c372acc996e4530,evt-7ec9e4758c404a32876b1aa643614106,45482,Alpha,SIM,vehicle-adapter,2026-08-15T05:18:05.186313Z,0.7400000000000001,0.7500000000000001,76,0.7400000000000001,,fast-sim-Alpha,1,home,TAKING_OFF,true,true,true,simulated,98.69774860365212,-1.345045013281557,0.002254911481929943,0.04490523388047794,-1.3499218609781323,-0.0007151095490672253,0.04360999821480989,-0.000715127870532957,-0.0019607225917078236,0.1790289288616782,0.0002699830749480694,-0.0006021933489637906,-9.230076947820032e-08,,,,,99.84000485834414,4.198424141522399,4.035796803557938,2.1683645061735737,false,,false,modeled_transport,SIMULATED_MODEL,100.0,30.0,0.0,0.0003711287446653477,0.001094168318773883,10.116406826099183,0.000735741112345875,-0.00163587410144932,1.4539633964822777e-06,,,,,,-0.0007151281380008696,-0.0019607227291740512,0.0,0.04361000771149232,87.00456290392464,DEGRADED,0.7400000000000001,4.0,0.7400000000000001,3.3474802113649407,VALID,0.6489151874732254,VALID,1.9981316312840451,VALID,2.001314804966422,VALID,2.4561064300297817,VALID,0.04511539344738077,VALID,crazyflie-6dof,2.0.0,68.2432397624616,0.08189188771495391,63.952343981786896,2.580986654217333,0.08172145317706417,0.12,0.5221686197198974,false,100.0,false,68.24717605971709,0.0818966112716605,63.95421181144886,2.5810620360271264,0.08171997509216215,0.12,0.522213938123108,false,100.0,false,68.22978035134068,0.08187573642160882,63.94595642020883,2.58072886521134,0.08172444781717414,0.12,0.5220136682469758,false,100.0,false,68.22583768495664,0.08187100522194797,63.944085054105436,2.5806533406779564,0.08172592443707226,0.12,0.5219682800835923,false,100.0,false,[]
1,child-f9d0c0c9a9ae419f6470a221,py-f996c906ee10788ea67a,f996c906ee10,4b81296e5dd75a57ec2747997355f69bfd8a5d1068302c364c372acc996e4530,evt-90eb9a3ed0b74600a6528186112ff964,45483,Alpha,SIM,vehicle-adapter,2026-08-15T05:18:05.196730Z,0.7500000000000001,0.7600000000000001,77,0.7500000000000001,,fast-sim-Alpha,1,home,TAKING_OFF,true,true,true,simulated,98.66252372100033,-1.3461610418971648,0.0005082888420434258,0.04524519568655525,-1.3499306786366851,-0.0007353726870943185,0.0454304401252107,-0.0007686101300312993,-0.0019753906133971612,0.18204419104008077,0.0002797282300965879,-0.0006215802073550205,-8.329671835733582e-08,,,,,99.83760122866683,4.198400048583442,4.036155045366373,2.163266709587642,false,,false,modeled_transport,SIMULATED_MODEL,100.0,30.0,0.0,0.00040030725289859435,0.0011019251494008289,10.108178008957015,0.0009745160658055114,-0.0019386855184957178,1.4332636642321057e-06,,,,,,-0.0007686104574367949,-0.0019753907547049275,0.0,0.0454304506789272,90.6312633826095,DEGRADED,0.7500000000000001,4.0,0.7500000000000001,3.348281908929324,VALID,0.6476648951567586,VALID,2.001699808718289,VALID,1.9984702261862413,VALID,2.44962390322431,VALID,0.04512534582337243,VALID,crazyflie-6dof,2.0.0,68.11477914096159,0.0817377349691539,63.89599895495069,2.5789415856074873,0.0816719365123256,0.12,0.5208942990706635,false,100.0,false,68.09398345982908,0.0817127801517949,63.88610838548385,2.578542386888936,0.08166464983262184,0.12,0.5206549083030206,false,100.0,false,68.10129695327375,0.0817215563439285,63.88958710460888,2.578682793386415,0.08167018295640503,0.12,0.5207390954630708,false,100.0,false,68.12208504161805,0.08174650204994166,63.89947291905439,2.579081800184933,0.08167746627939577,0.12,0.5209784067508867,false,100.0,false,[]
1,child-f9d0c0c9a9ae419f6470a221,py-f996c906ee10788ea67a,f996c906ee10,4b81296e5dd75a57ec2747997355f69bfd8a5d1068302c364c372acc996e4530,evt-31dbbc8522264e77be869db3eb9ca9e5,45484,Alpha,SIM,vehicle-adapter,2026-08-15T05:18:05.207632Z,0.7600000000000001,0.7700000000000001,78,0.7600000000000001,,fast-sim-Alpha,1,home,TAKING_OFF,true,true,true,simulated,98.70570164141763,-1.3478028370959776,0.0020557358528674506,0.045724527297466885,-1.3499401037404934,-0.0007558169701063658,0.04728047703622818,-0.0008233958275173412,-0.0019909255411108264,0.18500369110174814,0.00028919659043340174,-0.000643845644752319,-7.554446441007634e-08,,,,,99.8351961587871,4.198376012286668,4.036033795403242,2.1645628917581208,false,,false,modeled_transport,SIMULATED_MODEL,100.0,30.0,0.0,0.00043006340699750217,0.0011101877283885358,10.102601924625791,0.0009468365241835421,-0.002226543429239668,1.4085931985015545e-06,,,,,,-0.0008233962184843976,-0.0019909256865690214,0.0,0.047280488813132474,94.31605626146327,DEGRADED,0.7600000000000001,4.0,0.7600000000000001,3.3486129993823925,VALID,0.6494259656217205,VALID,2.0034134997491493,VALID,2.001968800535343,VALID,2.454403628194546,VALID,0.04633962518224195,VALID,crazyflie-6dof,2.0.0,68.14017018735228,0.08176820422482273,63.91224305169354,2.5795197289666114,0.08164367381681935,0.12,0.5212568378309876,false,100.0,false,68.13478516331293,0.08176174219597551,63.90968307102519,2.579416407281681,0.08163659861491786,0.12,0.5211948284746329,false,100.0,false,68.12000665777754,0.08174400798933304,63.902656412730394,2.5791328089782155,0.08163636720783174,0.12,0.5210246595458232,false,100.0,false,68.1253830974396,0.08175045971692751,63.90521291037141,2.579235990086986,0.08164343733800616,0.12,0.5210865659066768,false,100.0,false,[]
1,child-f9d0c0c9a9ae419f6470a221,py-f996c906ee10788ea67a,f996c906ee10,4b81296e5dd75a57ec2747997355f69bfd8a5d1068302c364c372acc996e4530,evt-0655684e144245b6b43bba351de251a5,45485,Alpha,SIM,vehicle-adapter,2026-08-15T05:18:05.217774Z,0.7700000000000001,0.7800000000000001,79,0.7700000000000001,,fast-sim-Alpha,1,home,TAKING_OFF,true,true,true,simulated,98.74762524569873,-1.3486297444051336,-0.0004995774101505216,0.04919136201008354,-1.349950155258752,-0.0007764511947969279,0.049159732668496714,-0.0008800078249604784,-0.0020072555776486324,0.18792556322685308,0.00029887648282297117,-0.0006659189238575684,-6.823007945211586e-08,,,,,99.83278990174821,4.198351961587871,4.035929611460974,2.165631335000191,false,,false,modeled_transport,SIMULATED_MODEL,100.0,30.0,0.0,0.0004608633277014395,0.0011188883515447,10.098839261408802,0.0009679897179705654,-0.002207327600150804,1.3804733520788146e-06,,,,,,-0.0008800082826232894,-0.0020072557273428495,0.0,0.04915974576404164,98.05852556268479,DEGRADED,0.7700000000000001,4.0,0.7700000000000001,3.351946478716764,VALID,0.6481459057200206,VALID,2.0015305444718856,VALID,1.9999377819239144,VALID,2.451483151101993,VALID,0.04975376824360504,VALID,crazyflie-6dof,2.0.0,68.13713074719017,0.08176455689662819,63.91486097193466,2.579558800090424,0.08162303990234583,0.12,0.521293744845116,false,100.0,false,68.15356003890386,0.08178427204668463,63.92267079934308,2.5798739992274045,0.0816226033534538,0.12,0.5214829689053047,false,100.0,false,68.15694682426243,0.08178833618911492,63.92428048919382,2.5799389651767433,0.08162343549730541,0.12,0.5215219778925413,false,100.0,false,68.14050819237468,0.08176860983084962,63.916466639877115,2.579623603718375,0.08162386546072364,0.12,0.5213326433572288,false,100.0,false,[]
1,child-f9d0c0c9a9ae419f6470a221,py-f996c906ee10788ea67a,f996c906ee10,4b81296e5dd75a57ec2747997355f69bfd8a5d1068302c364c372acc996e4530,evt-f0046cb120074fcabfd49f3d6632d6d8,45486,Alpha,SIM,vehicle-adapter,2026-08-15T05:18:05.227897Z,0.78,0.79,80,0.78,,fast-sim-Alpha,1,home,TAKING_OFF,true,true,true,simulated,98.7473096595035,-1.347598542685666,0.0014793129727076837,0.04997018045426272,-1.3499608477541736,-0.0007972802645873692,0.051067506642686875,-0.000938755984631505,-0.0020247405174778003,0.190777397419018,0.0003048897343584449,-0.0006840048872693594,-6.01962407108539e-08,,,,,99.83038905493673,4.198327899017483,4.036270739241422,2.160762130333721,false,,false,modeled_transport,SIMULATED_MODEL,100.0,30.0,0.0,0.0004930928284746679,0.0011284456855917121,10.091835567740803,0.0006013256958026589,-0.0018085960162968645,1.3493683319402933e-06,,,,,,-0.0009387565046059634,-0.002024740668095046,0.0,0.05106752096254052,99.7288038840101,DEGRADED,0.78,4.0,0.78,3.348078974686645,VALID,0.648369479724712,VALID,2.000264445389797,VALID,2.000731793139827,VALID,2.447314666480709,VALID,0.05365193316456916,VALID,crazyflie-6dof,2.0.0,68.02564207827209,0.0816307704939265,63.86575227855392,2.5777946716156834,0.08158024293032344,0.12,0.5201918814102771,false,100.0,false,68.05337112158439,0.08166404534590127,63.87895647637295,2.5783276287886046,0.08158815553747227,0.12,0.5205112443464744,false,100.0,false,68.0254110675947,0.08163049328111363,63.86564225000101,2.5777902305653977,0.08158047155796243,0.12,0.5201892209663328,false,100.0,false,67.99767204025476,0.0815972064483057,63.852427441966675,2.577256845135461,0.08157255103110722,0.12,0.5198697836106371,false,100.0,false,[]
1,child-f9d0c0c9a9ae419f6470a221,py-f996c906ee10788ea67a,f996c906ee10,4b81296e5dd75a57ec2747997355f69bfd8a5d1068302c364c372acc996e4530,evt-22ffb4a7088c439688f4ccc705c5a59b,45487,Alpha,SIM,vehicle-adapter,2026-08-15T05:18:05.232904Z,0.79,0.8,81,0.79,,fast-sim-Alpha,1,home,TAKING_OFF,true,true,true,simulated,98.77710339884153,-1.3482633058363909,0.0005924139943523564,0.05349363286312642,-1.3499721905705402,-0.0008183058101375439,0.053003276019075216,-0.0009993670319968723,-0.002042995750932666,0.19357693763883393,0.0003076729472686507,-0.0006969510826461968,-5.100534060854295e-08,,,,,99.8279876164432,4.198303890549368,4.036206792236227,2.161294644184788,false,,false,modeled_transport,SIMULATED_MODEL,100.0,30.0,0.0,0.0005266612537424831,0.0011386179431751718,10.08660623175293,0.0002783219256321259,-0.0012946191954800205,1.3156075497012075e-06,,,,,,-0.000999367608595668,-0.0020429958986034136,0.0,0.05300329140072077,99.72385197291035,DEGRADED,0.79,4.0,0.79,3.35113722170831,VALID,0.6502846346368326,VALID,2.0035076835867565,VALID,2.0002395297363815,VALID,2.446537126928427,VALID,0.051732129224732,VALID,crazyflie-6dof,2.0.0,68.0251802571143,0.08163021630853716,63.869019752319765,2.5778857133778277,0.08154948942285442,0.12,0.5202546658536108,false,100.0,false,68.04083319721457,0.08164899983665748,63.876474646824185,2.578186608336169,0.08156008795464655,0.12,0.5204349686563453,false,100.0,false,68.03716516908618,0.08164459820290342,63.87472787172318,2.5781161048808974,0.08155322340254212,0.12,0.5203927162906522,false,100.0,false,68.0215015409099,0.08162580184909186,63.86726745259542,2.5778149869373332,0.081542615742277,0.12,0.5202122933841795,false,100.0,false,[]
1,child-f9d0c0c9a9ae419f6470a221,py-f996c906ee10788ea67a,f996c906ee10,4b81296e5dd75a57ec2747997355f69bfd8a5d1068302c364c372acc996e4530,evt-85f0b37ac9fa4852b439175e5b130b4b,45488,Alpha,SIM,vehicle-adapter,2026-08-15T05:18:05.250849Z,0.8,0.81,82,0.8,,fast-sim-Alpha,1,home,TAKING_OFF,true,true,true,simulated,98.81947039664836,-1.3488319239989952,0.0017751656226860876,0.05562500684546496,-1.3499841856121977,-0.0008395250023980027,0.05496622931786951,-0.0010615353114556982,-0.0020618174243213915,0.19629532987942896,0.0003061782918094443,-0.0007028586016226394,-4.002513979538456e-08,,,,,99.82559163134412,4.198279876164432,4.0365508819765274,2.1563865891585072,false,,false,modeled_transport,SIMULATED_MODEL,100.0,30.0,0.0,0.0005615010381598944,0.0011493479346924604,10.078491439341922,-0.00014946477741116342,-0.0005907515328103237,1.279336649992729e-06,,,,,,-0.0010615359348391442,-0.002061817563452183,0.0,0.054966245471221,99.72008866341399,DEGRADED,0.8,4.0,0.8,3.3523681155876175,VALID,0.6499517086782662,VALID,2.0011472080368042,VALID,1.9994451557360815,VALID,2.4444044466584893,VALID,0.05679515100632335,VALID,crazyflie-6dof,2.0.0,67.90518356903053,0.08148622028283663,63.81517241504465,2.5759319049543263,0.08149619743663311,0.12,0.5190410516358427,false,100.0,false,67.92874187286866,0.08151449024744238,63.826413595891886,2.57638566093896,0.08151116705140743,0.12,0.5193123880500422,false,100.0,false,67.9148428767282,0.08149781145207384,63.81978200014211,2.5761179732022335,0.08150187563183113,0.12,0.519152300688266,false,100.0,false,67.89127305328115,0.08146952766393738,63.80853283896424,2.575663895087493,0.08148689573051417,0.12,0.5188808487843563,false,100.0,false,[]
1,child-f9d0c0c9a9ae419f6470a221,py-f996c906ee10788ea67a,f996c906ee10,4b81296e5dd75a57ec2747997355f69bfd8a5d1068302c364c372acc996e4530,evt-d7de48fa8d2f4f2f898f328ebdcc7589,45489,Alpha,SIM,vehicle-adapter,2026-08-15T05:18:05.262951Z,0.81,0.8200000000000001,83,0.81,,fast-sim-Alpha,1,home,TAKING_OFF,true,true,true,simulated,98.80385734212663,-1.3484687546424476,-0.00034204747361160073,0.056781388080388094,-1.3499968253646004,-0.0008609319924173255,0.056955559653750897,-0.0011248140787746754,-0.0020806805026947583,0.1989330335881381,0.00030169981610950446,-0.0006995326273403164,-2.6609056806605757e-08,,,,,99.82319795957389,4.198255916313442,4.036683071823402,2.154304593205284,false,,false,modeled_transport,SIMULATED_MODEL,100.0,30.0,0.0,0.0005974812220290926,0.001160266870516625,10.070422525139874,-0.0004478466292649601,0.00033259782063801296,1.2405185609669114e-06,,,,,,-0.0011248147377466986,-0.002080680627319665,0.0,0.05695557618136583,99.71780133910153,DEGRADED,0.81,4.0,0.81,3.350751384562065,VALID,0.645110870477686,VALID,2.000195220324298,VALID,1.995601219760156,VALID,2.4447565453583726,VALID,0.05847949626063446,VALID,crazyflie-6dof,2.0.0,67.84032946007908,0.08140839535209489,63.78713836634944,2.5748846164349986,0.0814399917301749,0.12,0.5183983171503213,false,100.0,false,67.86996667101202,0.08144396000521444,63.80129472956778,2.575456063952619,0.0814600558503779,0.12,0.5187396613100951,false,100.0,false,67.87121612550717,0.08144545935060861,63.80189139134068,2.5754801492974018,0.08145344517624815,0.12,0.5187540528136436,false,100.0,false,67.8415663434536,0.08140987961214431,63.78772930329218,2.5749084706865317,0.08143336958713819,0.12,0.5184125619312241,false,100.0,false,[]
1,child-f9d0c0c9a9ae419f6470a221,py-f996c906ee10788ea67a,f996c906ee10,4b81296e5dd75a57ec2747997355f69bfd8a5d1068302c364c372acc996e4530,evt-482ef44cedce4c0784a12e5576dda10a,45490,Alpha,SIM,vehicle-adapter,2026-08-15T05:18:05.274016Z,0.8300000000000001,0.8400000000000001,85,0.8300000000000001,,fast-sim-Alpha,1,home,TAKING_OFF,true,true,true,simulated,98.86570104963792,-1.34853995745287,0.0006679882055534017,0.060974670933243984,-1.3500239592095464,-0.0009042571108053504,0.06101097247900292,-0.0012513852075551508,-0.0021181108140181574,0.20403519233309889,0.00027468926632908595,-0.0006631476837678687,7.407077762537703e-09,,,,,99.81840962577635,4.1982080436898235,4.036562877284014,2.155268885384062,false,,false,modeled_transport,SIMULATED_MODEL,100.0,30.0,0.0,0.0006710986706505743,0.0011829388864778173,10.059562035560397,-0.0017146310864414969,0.0023059740783659055,1.1540690262153977e-06,,,,,,-0.0012513858842360093,-0.002118110884659223,0.0,0.061010988196013395,99.71867898588397,DEGRADED,0.8300000000000001,4.0,0.8300000000000001,3.350648095968663,VALID,0.6521755169862818,VALID,2.0030666851866807,VALID,1.9963975760237247,VALID,2.4346418397585565,VALID,0.06107732779207844,VALID,crazyflie-6dof,2.0.0,67.87178924621323,0.08144614709545586,63.80742784527994,2.5756269453523535,0.08138052169522818,0.12,0.5188572237850615,false,100.0,false,67.889587222607,0.0814675046671284,63.8159263897114,2.575969994441983,0.08140242490533112,0.12,0.5190622808339962,false,100.0,false,67.86485161702262,0.08143782194042715,63.80411447213351,2.5754931989619387,0.08138604559277132,0.12,0.5187772973078643,false,100.0,false,67.84703802130412,0.08141644562556494,63.79560512434195,2.5751497137878854,0.08136412814174163,0.12,0.51857208345714,false,100.0,false,[]
1,child-f9d0c0c9a9ae419f6470a221,py-f996c906ee10788ea67a,f996c906ee10,4b81296e5dd75a57ec2747997355f69bfd8a5d1068302c364c372acc996e4530,evt-c253db4ddd1e4727a2611401948ba120,45491,Alpha,SIM,vehicle-adapter,2026-08-15T05:18:05.283995Z,0.8400000000000001,0.8500000000000001,86,0.8400000000000001,,fast-sim-Alpha,1,home,TAKING_OFF,true,true,true,simulated,98.87358463365987,-1.3491555287560766,-7.043711023384388e-05,0.0645586523901992,-1.3500383889723468,-0.0009261317585930573,0.06307587865810896,-0.0013128194517764973,-0.0021355990472530797,0.20649061791060389,0.00025117545067056057,-0.0006303238086134519,2.7092975951360535e-08,,,,,99.81602020856482,4.198184096257764,4.036898434478196,2.1504754903803334,false,,false,modeled_transport,SIMULATED_MODEL,100.0,30.0,0.0,0.0007076717891734401,0.0011941360579405464,10.052194125751418,-0.0023513802928035567,0.003282387920107756,1.1055434583992318e-06,,,,,,-0.0013128201085452623,-0.0021355990790514123,0.0,0.06307589317809077,99.72198634623538,DEGRADED,0.8400000000000001,4.0,0.8400000000000001,3.350548880410478,VALID,0.6472559576356783,VALID,2.002591663019121,VALID,1.9996936096384035,VALID,2.438181390494446,VALID,0.0631260920697439,VALID,crazyflie-6dof,2.0.0,67.74571125120052,0.08129485350144063,63.749680324486015,2.5735098470040305,0.08133187468712601,0.12,0.5175503579277357,false,100.0,false,67.76547620612968,0.08131857144735562,63.7591372716677,2.5738916143567576,0.08135421623416013,0.12,0.5177780325667678,false,100.0,false,67.75761571980271,0.08130913886376324,63.75537661750512,2.5737398005677425,0.0813395683789241,0.12,0.5176874843166495,false,100.0,false,67.73783320219285,0.0812853998426314,63.7459100811281,2.573357646108939,0.08131721090327002,0.12,0.5174596155691803,false,100.0,false,[]
1,child-f9d0c0c9a9ae419f6470a221,py-f996c906ee10788ea67a,f996c906ee10,4b81296e5dd75a57ec2747997355f69bfd8a5d1068302c364c372acc996e4530,evt-0d6bcc97ee0741e095c82bdbae423744,45492,Alpha,SIM,vehicle-adapter,2026-08-15T05:18:05.294291Z,0.8500000000000001,0.8600000000000001,87,0.8500000000000001,,fast-sim-Alpha,1,home,TAKING_OFF,true,true,true,simulated,98.88930001999843,-1.350383437922178,-0.00018025551572831546,0.06467331069355436,-1.3500533340281615,-0.0009481079536591834,0.06516438106796016,-0.0013718807448981748,-0.002151446152893647,0.20885024098511987,0.00022108212893616269,-0.0005871387646346405,4.781856486091484e-08,,,,,99.81363611672165,4.198160202085648,4.037234002672001,2.145682658861661,false,,false,modeled_transport,SIMULATED_MODEL,100.0,30.0,0.0,0.0007434773418249305,0.001204769864153577,10.042613581006853,-0.0030093309120355306,0.0043185047680388555,1.052835241866328e-06,,,,,,-0.0013718813635132468,-0.0021514461398707235,0.0,0.06516439389261322,99.72736255113396,DEGRADED,0.8500000000000001,4.0,0.8500000000000001,3.3466092575817434,VALID,0.6504882467009797,VALID,2.001739704575187,VALID,1.9977155088611498,VALID,2.4328566394777864,VALID,0.06567132260194569,VALID,crazyflie-6dof,2.0.0,67.63098132590139,0.08115717759108165,63.696867277058786,2.5715915843462724,0.08126579141294403,0.12,0.5163648351882036,false,100.0,false,67.65529829790367,0.08118635795748441,63.70852348963907,2.5720621729239874,0.081289819621559,0.12,0.5166448994886411,false,100.0,false,67.64068562979085,0.08116882275574902,63.701519526162286,2.571779406528968,0.08127446197149246,0.12,0.5164765982018237,false,100.0,false,67.61634897390601,0.08113961876868722,63.689851156855795,2.571308327155769,0.08125041593218489,0.12,0.5161963259829926,false,100.0,false,[]
1,child-f9d0c0c9a9ae419f6470a221,py-f996c906ee10788ea67a,f996c906ee10,4b81296e5dd75a57ec2747997355f69bfd8a5d1068302c364c372acc996e4530,evt-aade2d8717e148679385dd21cb804d90,45493,Alpha,SIM,vehicle-adapter,2026-08-15T05:18:05.304434Z,0.8600000000000001,0.8700000000000001,88,0.8600000000000001,,fast-sim-Alpha,1,home,TAKING_OFF,true,true,true,simulated,98.8753697597438,-1.3466391914102076,0.0002604508264765227,0.06720262552423016,-1.350068734874902,-0.00097014782203039,0.0672759012173802,-0.0014278244230351332,-0.002165041041136932,0.21115201494200356,0.00018444327245054212,-0.0005316531186726752,6.902431274739846e-08,,,,,99.81124957344186,4.198136361167217,4.037044689781029,2.147888951816565,false,,false,modeled_transport,SIMULATED_MODEL,100.0,30.0,0.0,0.0007782016754352989,0.0012144927393469597,10.036828347153081,-0.0036638844627310497,0.005548564914466226,9.95532479174979e-07,,,,,,-0.0014278249865701215,-0.002165040979408939,0.0,0.06727591186965795,99.73513976837572,DEGRADED,0.8600000000000001,4.0,0.8600000000000001,3.352806382894082,VALID,0.6492280842403845,VALID,2.001151639482796,VALID,1.9981683157508936,VALID,2.435847408730086,VALID,0.06404373509349122,VALID,crazyflie-6dof,2.0.0,67.67299090629452,0.08120758908755342,63.71878040632386,2.572355640786732,0.08122788620029604,0.12,0.5168438593470088,false,100.0,false,67.70870712998445,0.08125044855598133,63.73588825045172,2.5730462920996318,0.0812565747645429,0.12,0.517255291606474,false,100.0,false,67.69529040173869,0.08123434848208642,63.72946286481055,2.5727868964098066,0.0812410399834258,0.12,0.5171007300083658,false,100.0,false,67.6595522840991,0.08119146274091892,63.71234086951594,2.572095673807981,0.08121233150123293,0.12,0.5166890708547165,false,100.0,false,[]
1,child-f9d0c0c9a9ae419f6470a221,py-f996c906ee10788ea67a,f996c906ee10,4b81296e5dd75a57ec2747997355f69bfd8a5d1068302c364c372acc996e4530,evt-dadf30e71eb94b9d90d7f28b80fa9303,45494,Alpha,SIM,vehicle-adapter,2026-08-15T05:18:05.314660Z,0.8700000000000001,0.8800000000000001,89,0.8700000000000001,,fast-sim-Alpha,1,home,TAKING_OFF,true,true,true,simulated,98.88549187986712,-1.3498077839882845,-0.00016251069917273364,0.07001224047860034,-1.3500845253129243,-0.0009922082487561722,0.06940977483464941,-0.0014789152634728385,-0.002175653760479845,0.21338736172692144,0.00014241123035413301,-0.000469231459020341,8.855907252165586e-08,,,,,99.80886587481027,4.198112495734419,4.037212838105106,2.145328768417904,false,,false,modeled_transport,SIMULATED_MODEL,100.0,30.0,0.0,0.0008105656136024892,0.0012228278403585318,10.030185329929372,-0.004203203232657772,0.006242166204530614,9.333356855939535e-07,,,,,,-0.001478915764344689,-0.0021756536515706434,0.0,0.0694097831797569,99.74448573755836,DEGRADED,0.8700000000000001,4.0,0.8700000000000001,3.352801308609168,VALID,0.6542541945195347,VALID,1.99874163784013,VALID,2.0006685404432014,VALID,2.4309334225967474,VALID,0.07112373559675005,VALID,crazyflie-6dof,2.0.0,67.6307620842302,0.08115691450107623,63.70037779570132,2.571719830289508,0.08118961894987851,0.12,0.5164438525074012,false,100.0,false,67.61668626785622,0.08114002352142746,63.69362815405656,2.571447332890499,0.081206986779045,0.12,0.5162817204482318,false,100.0,false,67.61138603458679,0.08113366324150414,63.691086190969145,2.5713447084303946,0.0811937346364449,0.12,0.5162206725109022,false,100.0,false,67.62543774398316,0.08115052529277977,63.697824843970416,2.571616762194477,0.08117634466188317,0.12,0.5163825229513689,false,100.0,false,[]
1,child-f9d0c0c9a9ae419f6470a221,py-f996c906ee10788ea67a,f996c906ee10,4b81296e5dd75a57ec2747997355f69bfd8a5d1068302c364c372acc996e4530,evt-2950e0845a64469885f209993596c49f,45495,Alpha,SIM,vehicle-adapter,2026-08-15T05:18:05.324889Z,0.8800000000000001,0.8900000000000001,90,0.8800000000000001,,fast-sim-Alpha,1,home,TAKING_OFF,true,true,true,simulated,98.84406442004804,-1.3488750802151657,-0.0029702578737618645,0.07119306839207447,-1.3501006317504411,-0.0010142414841173974,0.07156523431442445,-0.0015246122422187644,-0.002182730895667433,0.21554594797750357,9.553671410567215e-05,-0.0003991315158842611,1.0556163494498288e-07,,,,,99.8064855940785,4.1980886587481026,4.037419709354001,2.1422526585973563,false,,false,modeled_transport,SIMULATED_MODEL,100.0,30.0,0.0,0.0008403042883629451,0.0012294315618147336,10.022509016272114,-0.004687450887484599,0.007009994471077561,8.662492041479605e-07,,,,,,-0.0015246126773026058,-0.0021827307446880394,0.0,0.07156524034140667,99.75543671027798,DEGRADED,0.8800000000000001,4.0,0.8800000000000001,3.3476693328455873,VALID,0.6475445326546604,VALID,2.0039771479126105,VALID,1.9973073072375354,VALID,2.429471902458305,VALID,0.07144760077973117,VALID,crazyflie-6dof,2.0.0,67.53984028324251,0.08104780833989102,63.65836953182791,2.570155558131422,0.08113681646796975,0.12,0.5154873562886249,false,100.0,false,67.56070351897782,0.08107284422277337,63.66838587255135,2.5705599598459465,0.08115608136701677,0.12,0.5157276444694296,false,100.0,false,67.55301740913816,0.08106362089096579,63.664696195953205,2.570410992115762,0.08114383364950101,0.12,0.5156391185444645,false,100.0,false,67.53212816233827,0.08103855379480591,63.65466613387516,2.570006036412562,0.08112454436190794,0.12,0.5153985392948371,false,100.0,false,[]
1,child-f9d0c0c9a9ae419f6470a221,py-f996c906ee10788ea67a,f996c906ee10,4b81296e5dd75a57ec2747997355f69bfd8a5d1068302c364c372acc996e4530,evt-242345273d4c4846aa0c868a8037db95,45496,Alpha,SIM,vehicle-adapter,2026-08-15T05:18:05.334107Z,0.8900000000000001,0.9000000000000001,91,0.8900000000000001,,fast-sim-Alpha,1,home,TAKING_OFF,true,true,true,simulated,98.83747183459244,-1.3473366970189034,-0.0017824693253602746,0.07399089863618878,-1.3501169749579969,-0.0010361913506532806,0.07374169307660043,-0.001564039197437843,-0.0021862772366497093,0.21764587621759793,4.0016308031399654e-05,-0.0003229161361044373,1.186732735151149e-07,,,,,99.80410505355898,4.198064855940785,4.0373783708743165,2.1424864675715307,false,,false,modeled_transport,SIMULATED_MODEL,100.0,30.0,0.0,0.0008668353744675588,0.0012345176080151598,10.016643024955322,-0.005552040135492054,0.007621538055969141,7.946025168339586e-07,,,,,,-0.0015640395666863666,-0.0021862770527904902,0.0,0.07374169698034336,99.76762055221636,DEGRADED,0.8900000000000001,4.0,0.8900000000000001,3.350682248233584,VALID,0.6455074269238522,VALID,1.9996724673036332,VALID,1.9954793023678987,VALID,2.4256502133254907,VALID,0.07765536558696123,VALID,crazyflie-6dof,2.0.0,67.5662223752174,0.08107946685026088,63.67241469808622,2.570696299233932,0.08110544520437223,0.12,0.5158139594444989,false,100.0,false,67.5717503172445,0.08108610038069339,63.67506790121502,2.5708034190831897,0.08112156869717728,0.12,0.5158776352581597,false,100.0,false,67.53283664512284,0.08103940397414741,63.65638582942415,2.5700491531574743,0.08110077535496665,0.12,0.515429426908159,false,100.0,false,67.5272812199778,0.08103273746397335,63.653717776855224,2.5699414337801327,0.08108462534915105,0.12,0.5153654459607133,false,100.0,false,[]
1,child-f9d0c0c9a9ae419f6470a221,py-f996c906ee10788ea67a,f996c906ee10,4b81296e5dd75a57ec2747997355f69bfd8a5d1068302c364c372acc996e4530,evt-cd614a4f72d64cf39ed1fc01adeae679,45497,Alpha,SIM,vehicle-adapter,2026-08-15T05:18:05.345370Z,0.9000000000000001,0.9100000000000001,92,0.9000000000000001,,fast-sim-Alpha,1,home,TAKING_OFF,true,true,true,simulated,98.79506575179079,-1.3480966877075156,-0.0018636127447035219,0.07599554500545948,-1.350133474301932,-0.0010579930085294865,0.0759384533431019,-0.0015961503915124958,-0.002185529871304765,0.21967602665014638,-2.4418149630238114e-05,-0.0002448328953175291,1.2647322786064977e-07,,,,,99.8017277884157,4.19804105053559,4.0375756533643,2.1395386289410783,false,,false,modeled_transport,SIMULATED_MODEL,100.0,30.0,0.0,0.0008893316895205335,0.0012376692930460382,10.00966515872828,-0.006443445546972272,0.007808324092556179,7.190976661257067e-07,,,,,,-0.0015961507026967512,-0.002185529670086012,0.0,0.07593845564173587,99.77937195691511,DEGRADED,0.9000000000000001,4.0,0.9000000000000001,3.3469503843901633,VALID,0.6507010420043718,VALID,2.0015877556620048,VALID,1.9982912479258983,VALID,2.4211285970011933,VALID,0.07528152745951824,VALID,crazyflie-6dof,2.0.0,67.49722958346072,0.08099667550015285,63.64062470027774,2.5695383685473607,0.08106408308152459,0.12,0.5151009365078588,false,100.0,false,67.48012329755473,0.08097614795706568,63.63240361290726,2.5692064359252487,0.08107110372903359,0.12,0.5149039218673037,false,100.0,false,67.45968481763288,0.08095162178115944,63.622578161398756,2.5688097258873084,0.08104938958545617,0.12,0.5146685503762575,false,100.0,false,67.47676276999061,0.08097211532398874,63.63078831708885,2.569141217134555,0.08104234057430686,0.12,0.5148652201896583,false,100.0,false,[]
1,child-f9d0c0c9a9ae419f6470a221,py-f996c906ee10788ea67a,f996c906ee10,4b81296e5dd75a57ec2747997355f69bfd8a5d1068302c364c372acc996e4530,evt-939a5ea3073e486882a2429d75aae813,45498,Alpha,SIM,vehicle-adapter,2026-08-15T05:18:05.355810Z,0.91,0.92,93,0.91,,fast-sim-Alpha,1,home,TAKING_OFF,true,true,true,simulated,98.78193203685726,-1.3487821614594737,0.001102354233887102,0.07982163653828594,-1.3501500501526422,-0.0010795733506102204,0.07815486208475254,-0.0016205273377138752,-0.002179632406494954,0.22164087416506695,-9.744681426568857e-05,-0.0001671971406105865,1.2815121024275502e-07,,,,,99.79935198456539,4.198017277884158,4.037650517986795,2.1382234652873975,false,,false,modeled_transport,SIMULATED_MODEL,100.0,30.0,0.0,0.0009074280636551847,0.0012383844307544225,10.003134907761751,-0.007302866432221791,0.007763575455132836,6.408521570564241e-07,,,,,,-0.001620527604174849,-0.0021796322091711612,0.0,0.07815486354823227,99.78730764169644,DEGRADED,0.91,4.0,0.91,3.3484134241948613,VALID,0.6523579680432902,VALID,1.9979431869717705,VALID,1.9981511767817024,VALID,2.4234186171640086,VALID,0.07535320019947785,VALID,crazyflie-6dof,2.0.0,67.45988475082454,0.08095186170098945,63.62380054066791,2.5689067120931632,0.08102330446559719,0.12,0.5147165401185412,false,100.0,false,67.44889644030575,0.08093867572836688,63.6185166926997,2.568693368778305,0.08102530664482874,0.12,0.5145899919754132,false,100.0,false,67.43199532215809,0.08091839438658971,63.610387793579385,2.568365152240867,0.08100395371526024,0.12,0.5143953607988481,false,100.0,false,67.44295526345395,0.08093154631614474,63.61565942659075,2.568578002358457,0.08100192176980418,0.12,0.514521572394595,false,100.0,false,[]
1,child-f9d0c0c9a9ae419f6470a221,py-f996c906ee10788ea67a,f996c906ee10,4b81296e5dd75a57ec2747997355f69bfd8a5d1068302c364c372acc996e4530,evt-b78657441d0c44feb78a70ec7c737d1f,45499,Alpha,SIM,vehicle-adapter,2026-08-15T05:18:05.366383Z,0.92,0.93,94,0.92,,fast-sim-Alpha,1,home,TAKING_OFF,true,true,true,simulated,98.77450583840945,-1.346458204964897,-0.0008346520631506067,0.07829456378064106,-1.3501666247885526,-0.0011008569933291528,0.08039002121119958,-0.001637136246379171,-0.0021670886434001398,0.2235159126447018,-0.00017325125655020577,-9.094368359293943e-05,1.2344397383575437e-07,,,,,99.7969816329268,4.197993519845654,4.0379947842411426,2.1333164747241518,false,,false,modeled_transport,SIMULATED_MODEL,100.0,30.0,0.0,0.0009210535273446542,0.0012354938756894808,9.994154169572388,-0.007580444292838178,0.007625345704803018,5.613595503285325e-07,,,,,,-0.0016371364865184897,-0.002167088473829181,0.0,0.08039002275013597,99.78696177321189,DEGRADED,0.92,4.0,0.92,3.347627118184915,VALID,0.6497006380697894,VALID,2.000904685350502,VALID,2.0013024131559893,VALID,2.42259521059703,VALID,0.08112232844208066,VALID,crazyflie-6dof,2.0.0,67.32048105902969,0.08078457727083563,63.5577105768803,2.5664570380775076,0.08095510548119572,0.12,0.5132214386020472,false,100.0,false,67.31519650788098,0.08077823580945717,63.555163838659986,2.566354200921003,0.08095503518318048,0.12,0.5131605990197321,false,100.0,false,67.33919974784081,0.08080703969740896,63.56672977767005,2.566821232934978,0.08094614233372133,0.12,0.5134369536526241,false,100.0,false,67.34445680873999,0.08081334817048799,63.56926229354295,2.566923495793836,0.08094618207038358,0.12,0.5134974834497482,false,100.0,false,[]
1,child-f9d0c0c9a9ae419f6470a221,py-f996c906ee10788ea67a,f996c906ee10,4b81296e5dd75a57ec2747997355f69bfd8a5d1068302c364c372acc996e4530,evt-f214cacb42d54edca94612075d2d3fc5,45500,Alpha,SIM,vehicle-adapter,2026-08-15T05:18:05.377167Z,0.93,0.9400000000000001,95,0.93,,fast-sim-Alpha,1,home,TAKING_OFF,true,true,true,simulated,98.78303247663979,-1.3468438070965574,-0.00022672367047049463,0.08196625669015854,-1.350183127355227,-0.0011217677594459335,0.08264368785323584,-0.001645542591050566,-0.0021474671102954196,0.22536666420362708,-0.0002502172360018387,-2.0917381596435606e-05,1.1344120439442283e-07,,,,,99.794604774757,4.197969816329268,4.037531889869613,2.1391723528138815,false,,false,modeled_transport,SIMULATED_MODEL,100.0,30.0,0.0,0.0009296935112771962,0.0012286640020395638,9.991725758848615,-0.007696598004908704,0.00700263026252123,4.824196963973919e-07,,,,,,-0.001645542823782199,-0.0021474669908480926,0.0,0.08264369045842122,99.77860722567527,DEGRADED,0.93,4.0,0.93,3.348630543152971,VALID,0.6485647170353255,VALID,2.0026288361131037,VALID,2.0000924769878092,VALID,2.4180857311258417,VALID,0.08293062200080631,VALID,crazyflie-6dof,2.0.0,67.48147230730237,0.08097776676876284,63.63589249217334,2.5693194527746415,0.080947745267245,0.12,0.5149765757345449,false,100.0,false,67.44548802957961,0.08093458563549552,63.6185911125736,2.5686209040559143,0.0809369719534585,0.12,0.5145621329186509,false,100.0,false,67.4496222515678,0.08093954670188136,63.62057936892042,2.5687011805399695,0.0809315208523217,0.12,0.5146097446289475,false,100.0,false,67.4855808489491,0.08098269701873892,63.63786726152804,2.5693991847170885,0.0809422635490044,0.12,0.5150238995317383,false,100.0,false,[]
1,child-f9d0c0c9a9ae419f6470a221,py-f996c906ee10788ea67a,f996c906ee10,4b81296e5dd75a57ec2747997355f69bfd8a5d1068302c364c372acc996e4530,evt-00ce1bf9df5d4301a8ae5212f6a24fcd,45501,Alpha,SIM,vehicle-adapter,2026-08-15T05:18:05.388169Z,0.9400000000000001,0.9500000000000001,96,0.9400000000000001,,fast-sim-Alpha,1,home,TAKING_OFF,true,true,true,simulated,98.76469596035018,-1.3478934677646601,0.0002666642500125274,0.08420849526909263,-1.3501994968426514,-0.0011422315397551246,0.08491530409963265,-0.0016459903990246963,-0.0021203609819081884,0.2271616246396794,-0.00032568526386088,3.980291162946077e-05,1.000157265292144e-07,,,,,99.79223291111255,4.19794604774757,4.037845251744466,2.1346772800240075,false,,false,modeled_transport,SIMULATED_MODEL,100.0,30.0,0.0,0.00093331525764002,0.0012175171393893282,9.98614701481171,-0.007546802776808606,0.006072029463632441,4.059006783029238e-07,,,,,,-0.001645990639884689,-0.0021203609297375378,0.0,0.08491530867041829,99.76743381338602,DEGRADED,0.9400000000000001,4.0,0.9400000000000001,3.3488137940381906,VALID,0.6477267426107616,VALID,2.000151787657931,VALID,1.9990752925927202,VALID,2.4157481520361768,VALID,0.08556175190929881,VALID,crazyflie-6dof,2.0.0,67.36783864087926,0.0808414063690551,63.58224376199081,2.5673526106961377,0.08091204526649799,0.12,0.5137705755445844,false,100.0,false,67.33534213234263,0.08080241055881116,63.56659104698919,2.5667205782866755,0.08089426513029858,0.12,0.5133963939505273,false,100.0,false,67.35026223196286,0.08082031467835543,63.57377867947449,2.5670108037636963,0.0808946150681051,0.12,0.5135681847223228,false,100.0,false,67.38273561943498,0.08085928274332196,63.589416521298126,2.5676422356172472,0.08091236530546106,0.12,0.513942125806573,false,100.0,false,[]
1,child-f9d0c0c9a9ae419f6470a221,py-f996c906ee10788ea67a,f996c906ee10,4b81296e5dd75a57ec2747997355f69bfd8a5d1068302c364c372acc996e4530,evt-aad01bd98ae04b758e6195ff665d6cf1,45502,Alpha,SIM,vehicle-adapter,2026-08-15T05:18:05.393626Z,0.9500000000000001,0.9600000000000001,97,0.9500000000000001,,fast-sim-Alpha,1,home,TAKING_OFF,true,true,true,simulated,98.75838431377144,-1.3486948787427946,-5.7726434016600135e-05,0.08545431243829495,-1.3502156825792164,-0.001162179417989289,0.08720430148225704,-0.0016393326814102905,-0.0020855465459564486,0.22889973826244034,-0.00039650155637576117,9.06908902246917e-05,8.497562891354524e-08,,,,,99.78986283971534,4.197922329111125,4.0379425098011765,2.1330642574879417,false,,false,modeled_transport,SIMULATED_MODEL,100.0,30.0,0.0,0.0009323720997402939,0.0012017517789828062,9.980462748905358,-0.007081629156315646,0.005088798075139021,3.3352167237186664e-07,,,,,,-0.0016393329403668697,-0.002085546570591135,0.0,0.08720430869572415,99.75668540990137,DEGRADED,0.9500000000000001,4.0,0.9500000000000001,3.34949969092271,VALID,0.6499935365753907,VALID,2.000364906254036,VALID,2.0000165699790684,VALID,2.4107690052034147,VALID,0.08580578272733815,VALID,crazyflie-6dof,2.0.0,67.31848964302604,0.08078218757163125,63.559200550355946,2.566483977912606,0.08087190930912759,0.12,0.5132440218736372,false,100.0,false,67.29858439437957,0.08075830127325548,63.549605984398916,2.5660965548551964,0.08085261534926318,0.12,0.5130148432611579,false,100.0,false,67.32232738740964,0.08078679286489157,63.56105003652566,2.5665586591008656,0.08085995471808115,0.12,0.5132882100758034,false,100.0,false,67.34221252910525,0.0808106550349263,63.57063126384428,2.566945543551725,0.08087922021651249,0.12,0.5135171822773431,false,100.0,false,[]
1,child-f9d0c0c9a9ae419f6470a221,py-f996c906ee10788ea67a,f996c906ee10,4b81296e5dd75a57ec2747997355f69bfd8a5d1068302c364c372acc996e4530,evt-5e93f890860245669d641366c2aac101,45503,Alpha,SIM,vehicle-adapter,2026-08-15T05:18:05.411202Z,0.9600000000000001,0.9700000000000001,98,0.9600000000000001,,fast-sim-Alpha,1,home,TAKING_OFF,true,true,true,simulated,98.72142943879484,-1.3490126592043883,0.0021076069322553963,0.08828005423649081,-1.350231643119347,-0.0011815496278546182,0.08951026257423152,-0.0016266671400278958,-0.0020432383302882553,0.2305961091974477,-0.0004606229764354379,0.00013275717394059644,6.96144128621115e-08,,,,,99.7874923021364,4.197898628397153,4.037887341820068,2.133483821039903,false,,false,modeled_transport,SIMULATED_MODEL,100.0,30.0,0.0,0.000927541048156282,0.0011813759292515656,9.97628890707297,-0.006412141836542948,0.004206628646390014,2.666806792426899e-07,,,,,,-0.0016266674215473802,-0.0020432384338093207,0.0,0.08951027285887182,99.7475503157435,DEGRADED,0.9600000000000001,4.0,0.9600000000000001,3.350397807807952,VALID,0.6507391597943717,VALID,2.001509958665339,VALID,1.9997366609026401,VALID,2.412466552090173,VALID,0.08822194148165592,VALID,crazyflie-6dof,2.0.0,67.32348090847921,0.08078817709017504,63.56222581730702,2.5665710704561273,0.08084308195329241,0.12,0.5133025670493303,false,100.0,false,67.31358182645452,0.08077629819174544,63.55745506054268,2.566378432672631,0.08082563267878344,0.12,0.5131885890428917,false,100.0,false,67.33536741727161,0.08080244090072593,63.567953392736534,2.566802343499389,0.08083764097976387,0.12,0.5134394351658473,false,100.0,false,67.34524957815023,0.08081429949378026,63.57271433201473,2.566994584863855,0.0808550638228119,0.12,0.5135532297818338,false,100.0,false,[]
1,child-f9d0c0c9a9ae419f6470a221,py-f996c906ee10788ea67a,f996c906ee10,4b81296e5dd75a57ec2747997355f69bfd8a5d1068302c364c372acc996e4530,evt-1367757707ed43bf9f056aab6a2c607a,45504,Alpha,SIM,vehicle-adapter,2026-08-15T05:18:05.424280Z,0.9800000000000001,0.9900000000000001,100,0.9800000000000001,,fast-sim-Alpha,1,home,TAKING_OFF,true,true,true,simulated,98.72961657526506,-1.3473455166847206,0.0011953410083823082,0.09498158031421189,-1.3502627628170427,-0.001218370982711792,0.09417067648667707,-0.0015870655179954438,-0.0019374693414280072,0.23380362720825645,-0.0005545820574633569,0.0001936190889990106,4.2353953030692e-08,,,,,99.78276187986033,4.197851247708238,4.038356107672892,2.126601867137449,false,,false,modeled_transport,SIMULATED_MODEL,100.0,30.0,0.0,0.0009085154278473512,0.0011267567194954056,9.963238836886498,-0.004177167187306175,0.0026267531606842857,1.5322795725776166e-07,,,,,,-0.0015870658378441306,-0.0019374695721547895,0.0,0.09417069273345682,99.73703307614979,DEGRADED,0.9800000000000001,4.0,0.9800000000000001,3.3481846092906644,VALID,0.6501343674339088,VALID,2.003184423148109,VALID,1.9949000240377153,VALID,2.4085143401346074,VALID,0.09393615843679375,VALID,crazyflie-6dof,2.0.0,67.17231696227964,0.08060678035473556,63.49038573452127,2.5639678700951185,0.08074902190029554,0.12,0.5117048951064336,false,100.0,false,67.15270268065174,0.08058324321678209,63.48090896793261,2.5635851645127756,0.08073203680799491,0.12,0.5114791334152029,false,100.0,false,67.16286460408696,0.08059543752490436,63.48581913978584,2.5637834547377074,0.08075293752877379,0.12,0.5115960952711811,false,100.0,false,67.18246809209576,0.08061896171051491,63.49528914508876,2.564165887275255,0.08076990139203653,0.12,0.511821743344631,false,100.0,false,[]
1,child-f9d0c0c9a9ae419f6470a221,py-f996c906ee10788ea67a,f996c906ee10,4b81296e5dd75a57ec2747997355f69bfd8a5d1068302c364c372acc996e4530,evt-318265da6d3b412292521ee2dd54ce35,45505,Alpha,SIM,vehicle-adapter,2026-08-15T05:18:05.434593Z,0.9900000000000001,1.0,101,0.9900000000000001,,fast-sim-Alpha,1,home,TAKING_OFF,true,true,true,simulated,98.71844953445701,-1.3473829380118638,0.0005868666892536534,0.09605238529406648,-1.3502778820339343,-0.0012357589846895133,0.0965235308373896,-0.0015613810718936535,-0.001876050763490287,0.23528543507125277,-0.0005833398708041242,0.00021021142130998521,3.3987053946431396e-08,,,,,99.78040257429701,4.197827618798604,4.03857449327484,2.123375006985867,false,,false,modeled_transport,SIMULATED_MODEL,100.0,30.0,0.0,0.0008949066552855125,0.0010936086813932277,9.954833526053251,-0.002875781165334478,0.001659233438790275,1.0734913201337e-07,,,,,,-0.001561381400203095,-0.0018760510296199262,0.0,0.09652354939279822,99.73594033211148,DEGRADED,0.9900000000000001,4.0,0.9900000000000001,3.350152883816498,VALID,0.649318866078173,VALID,2.001157332642905,VALID,1.9976048999110874,VALID,2.4018350443906016,VALID,0.09536419292852263,VALID,crazyflie-6dof,2.0.0,67.08597429125001,0.08050316914950001,63.44886470833225,2.562429666383168,0.08068741114680421,0.12,0.5107704288236997,false,100.0,false,67.06081237514199,0.08047297485017038,63.43669008172594,2.5619379850183943,0.0806671435714552,0.12,0.5104808868636047,false,100.0,false,67.09871897021034,0.0805184627642524,63.455029357001216,2.562678630311913,0.08069415430881341,0.12,0.5109170966667895,false,100.0,false,67.12387263841104,0.08054864716609325,63.467192570446784,2.563169850747688,0.0807144034713151,0.12,0.5112065946317729,false,100.0,false,[]
1,child-f9d0c0c9a9ae419f6470a221,py-f996c906ee10788ea67a,f996c906ee10,4b81296e5dd75a57ec2747997355f69bfd8a5d1068302c364c372acc996e4530,evt-054c33d79e33416182b4de013df1ae8e,45506,Alpha,SIM,vehicle-adapter,2026-08-15T05:18:05.445094Z,1.0,1.01,102,1.0,,fast-sim-Alpha,1,home,TAKING_OFF,true,true,true,simulated,98.73532872147206,-1.3479337099222461,0.0009483987230356878,0.09947081818778254,-1.3502926980239087,-0.0012524459017525934,0.09889062672941919,-0.0015328272329724105,-0.001810339197614349,0.23670958920295865,-0.0005984054838998901,0.0002164193918981807,3.100218291371429e-08,,,,,99.77804222408014,4.19780402574297,4.0384803861059035,2.124315195180653,false,,false,modeled_transport,SIMULATED_MODEL,100.0,30.0,0.0,0.0008790986463965713,0.0010572725962674648,9.949068250422668,-0.001506561245933178,0.0006207971268374171,6.832495451929106e-08,,,,,,-0.001532827559444475,-0.0018103394742247855,0.0,0.0988906467511388,99.73785429762574,DEGRADED,1.0,4.0,1.0,3.3501497617559015,VALID,0.6487400492204961,VALID,1.9980740388549465,VALID,1.9978388011724515,VALID,2.4029811882207763,VALID,0.10124794484306292,VALID,crazyflie-6dof,2.0.0,67.11179845690303,0.08053415814828364,63.461395054126676,2.562875992010088,0.08064792617679725,0.12,0.511045300935416,false,100.0,false,67.08843680244031,0.08050612416292836,63.45009634077478,2.5624196956874887,0.08062572924657135,0.12,0.5107764579179394,false,100.0,false,67.11762140746276,0.0805411456889553,63.46421062534417,2.5629896983014633,0.08065472987942794,0.12,0.5111123152633137,false,100.0,false,67.14097666658165,0.08056917199989798,63.47550094350187,2.5634456555857907,0.08067691106565278,0.12,0.5113811210639839,false,100.0,false,[]
1,child-f9d0c0c9a9ae419f6470a221,py-f996c906ee10788ea67a,f996c906ee10,4b81296e5dd75a57ec2747997355f69bfd8a5d1068302c364c372acc996e4530,evt-f1fecf991c004558a75baca40bd8bf88,45507,Alpha,SIM,vehicle-adapter,2026-08-15T05:18:05.453241Z,1.01,1.02,103,1.01,,fast-sim-Alpha,1,home,TAKING_OFF,true,true,true,simulated,98.74567802978898,-1.3456679040919397,-0.001293274122517955,0.10074973802432681,-1.3503072161510226,-0.0012684354755156662,0.10127122411497495,-0.0015025024578477302,-0.0017415538772713303,0.23805973855557638,-0.0005989979504860718,0.00021292991841019083,3.344335202343876e-08,,,,,99.77568598606352,4.197780422240801,4.038734356120629,2.1206142149610017,false,,false,modeled_transport,SIMULATED_MODEL,100.0,30.0,0.0,0.0008617508847062203,0.0010183948399816439,9.941667737671962,-5.924671102386196e-05,-0.00034894743241356823,3.520149714126897e-08,,,,,,-0.0015025027722780126,-0.0017415541394561467,0.0,0.10127124457873765,99.74275013838572,DEGRADED,1.01,4.0,1.01,3.3530383611178096,VALID,0.6493476905677931,VALID,2.0016956295578763,VALID,1.9993065167629303,VALID,2.3978203899459385,VALID,0.10253225932582814,VALID,crazyflie-6dof,2.0.0,67.02016509773858,0.0804241981172863,63.41716329156936,2.5612507615337314,0.08059345355617177,0.12,0.5100562568881525,false,100.0,false,67.00539784998138,0.08040647741997764,63.410011142539844,2.560961905233676,0.08057236867554422,0.12,0.5098863559910619,false,100.0,false,67.03707893944436,0.08044449472733323,63.42535299922552,2.5615815220705067,0.08060361100618832,0.12,0.5102508692150372,false,100.0,false,67.05184077675582,0.08046220893210698,63.43249887961064,2.561870125196668,0.08062468244193083,0.12,0.5104207328667502,false,100.0,false,[]
1,child-f9d0c0c9a9ae419f6470a221,py-f996c906ee10788ea67a,f996c906ee10,4b81296e5dd75a57ec2747997355f69bfd8a5d1068302c364c372acc996e4530,evt-55f3e6bc3dca4d24a00b141a80b95cf3,45508,Alpha,SIM,vehicle-adapter,2026-08-15T05:18:05.466247Z,1.02,1.03,104,1.02,,fast-sim-Alpha,1,home,TAKING_OFF,true,true,true,simulated,98.73257287672762,-1.347949645291209,0.0013326010270184182,0.10406522255404729,-1.3503214544153368,-0.0012837422875740892,0.10366479874744056,-0.0014709351092319078,-0.0016715854320078956,0.2393574632465601,-0.0005886800140850099,0.00019681414265463858,4.307988061012607e-08,,,,,99.77332905534583,4.197756859860635,4.038664036414031,2.121237645927469,false,,false,modeled_transport,SIMULATED_MODEL,100.0,30.0,0.0,0.0008429997797985297,0.0009782425507135926,9.93642512503716,0.0010317934426898258,-0.0016115778637089749,6.635137448312576e-09,,,,,,-0.0014709354034033672,-0.0016715856582793,0.0,0.10366481871742858,99.75009782075509,DEGRADED,1.02,4.0,1.02,3.3497140189400474,VALID,0.6494740425428935,VALID,1.99845436352297,VALID,1.9969421091002386,VALID,2.398020443439127,VALID,0.104524153292039,VALID,crazyflie-6dof,2.0.0,67.06324449972807,0.08047589339967368,63.437928579708434,2.562044806994703,0.08056463138118408,0.12,0.5105324599702126,false,100.0,false,67.0228402798119,0.08042740833577428,63.41836936693417,2.561254876102583,0.08053673655490522,0.12,0.5100675583423184,false,100.0,false,67.02447721364668,0.08042937265637601,63.41916203503162,2.5612868893039624,0.08056070265055033,0.12,0.5100863916393453,false,100.0,false,67.06487614769735,0.08047785137723681,63.438718174152406,2.562076696061545,0.08058858579686787,0.12,0.5105512359755928,false,100.0,false,[]
1,child-f9d0c0c9a9ae419f6470a221,py-f996c906ee10788ea67a,f996c906ee10,4b81296e5dd75a57ec2747997355f69bfd8a5d1068302c364c372acc996e4530,evt-31dd7e7fe01041a3ac62ba397dc9a0f3,45509,Alpha,SIM,vehicle-adapter,2026-08-15T05:18:05.476805Z,1.0299999999999998,1.0399999999999998,105,1.0299999999999998,,fast-sim-Alpha,1,home,TAKING_OFF,true,true,true,simulated,98.77149107840305,-1.3488384475222353,-0.00051374857813696,0.1050260123396264,-1.3503354413097761,-0.0012983932875722391,0.1060706745309395,-0.001439633727987038,-0.0016012890949791687,0.24058757834989727,-0.0005660713200525352,0.0001701853762840256,5.8262933047818516e-08,,,,,99.77097590588502,4.197733290553458,4.038895701949613,2.11783451471573,false,,false,modeled_transport,SIMULATED_MODEL,100.0,30.0,0.0,0.0008238159223541812,0.0009372229461328888,9.929663915781372,0.002260869124735162,-0.002662877070169449,-1.9175124045727392e-08,,,,,,-0.0014396339963944316,-0.0016012892676578315,0.0,0.10607069306147836,99.75982153258838,DEGRADED,1.0299999999999998,4.0,1.0299999999999998,3.353115351721724,VALID,0.6460853456629123,VALID,2.00257796171325,VALID,2.0006884013323827,VALID,2.3954140092901053,VALID,0.10379733546609675,VALID,crazyflie-6dof,2.0.0,66.95388493170256,0.08034466191804307,63.38492828531499,2.5600511441994316,0.08051257487539279,0.12,0.5093306535708843,false,100.0,false,66.94459273114953,0.08033351127737942,63.380423234184555,2.559869189882954,0.080488840782516,0.12,0.5092237652111329,false,100.0,false,66.97613644381416,0.08037136373257697,63.395713534669305,2.560486749172048,0.08051625991241364,0.12,0.5095866319260043,false,100.0,false,66.98542238896155,0.08038250686675386,63.400213263369,2.5606684885210993,0.08053998336223367,0.12,0.5096934640077083,false,100.0,false,[]
1,child-f9d0c0c9a9ae419f6470a221,py-f996c906ee10788ea67a,f996c906ee10,4b81296e5dd75a57ec2747997355f69bfd8a5d1068302c364c372acc996e4530,evt-547ccffbf11c423e8e3f1171af17d01f,45510,Alpha,SIM,vehicle-adapter,2026-08-15T05:18:05.487926Z,1.0399999999999998,1.0499999999999998,106,1.0399999999999998,,fast-sim-Alpha,1,home,TAKING_OFF,true,true,true,simulated,98.76564000810606,-1.348420395438892,1.438060779251427e-05,0.11106938514669334,-1.3503492121462692,-0.0013124249500142667,0.1084884330038999,-0.001410098325300205,-0.001532196762131567,0.24177584729603968,-0.0005336804422585326,0.00013655137166371494,7.631569309047985e-08,,,,,99.76862126130757,4.19770975905885,4.038771250081745,2.119180119711506,false,,false,modeled_transport,SIMULATED_MODEL,100.0,30.0,0.0,0.0008052424348681453,0.0008963417589881902,9.925478988929465,0.003239087502811218,-0.0033634009469821744,-4.4176989352316716e-08,,,,,,-0.0014100985670359328,-0.0015321968727151105,0.0,0.10848844946491104,99.77112553455888,DEGRADED,1.0399999999999998,4.0,1.0399999999999998,3.3490645060110538,VALID,0.6496779314429558,VALID,2.0052874627550206,VALID,1.9967850356096797,VALID,2.3895786999012287,VALID,0.11071993804332285,VALID,crazyflie-6dof,2.0.0,66.99201524793206,0.08039041829751846,63.403200548145286,2.5607102353701636,0.08048349920511612,0.12,0.5097337136227402,false,100.0,false,66.9967370733489,0.08039608448801867,63.405488113530964,2.5608026249032867,0.08046707189421297,0.12,0.5097880350679322,false,100.0,false,67.00267888486458,0.08040321466183749,63.40836647368337,2.5609188752855965,0.08048944893899075,0.12,0.5098563933323998,false,100.0,false,66.9979490019234,0.08039753880230809,63.4060752240266,2.560826336953191,0.08050586584865524,0.12,0.5098019776884338,false,100.0,false,[]
1,child-f9d0c0c9a9ae419f6470a221,py-f996c906ee10788ea67a,f996c906ee10,4b81296e5dd75a57ec2747997355f69bfd8a5d1068302c364c372acc996e4530,evt-5fe6ed641afc430e99e02576a120453c,45511,Alpha,SIM,vehicle-adapter,2026-08-15T05:18:05.499245Z,1.0499999999999998,1.0599999999999998,107,1.0499999999999998,,fast-sim-Alpha,1,home,TAKING_OFF,true,true,true,simulated,98.78497909585418,-1.3485661985052282,-8.496972798630108e-05,0.1108175235827793,-1.3503628068247717,-0.001325882246676657,0.11091705919459581,-0.0013833151870014009,-0.0014654381165475489,0.24286261906959045,-0.000492907723791084,9.819309554236628e-05,9.530345534979222e-08,,,,,99.76627637106913,4.197686212613076,4.039406121516651,2.1104012146007456,false,,false,modeled_transport,SIMULATED_MODEL,100.0,30.0,0.0,0.0007879637785686834,0.0008563157173185594,9.915328929117846,0.004077271624446087,-0.003835828082718526,-7.013156754430602e-08,,,,,,-0.0013833154042589963,-0.0014654381627328017,0.0,0.11091707320341673,99.78348759193327,DEGRADED,1.0499999999999998,4.0,1.0499999999999998,3.3501208014152626,VALID,0.6492940810282475,VALID,2.000146301782842,VALID,1.9966057364562024,VALID,2.389901483485336,VALID,0.10832474061785244,VALID,crazyflie-6dof,2.0.0,66.78726446131152,0.08014471735357383,63.30373633130082,2.5570950005153255,0.08040662549719099,0.12,0.5075324931789137,false,100.0,false,66.78948283111144,0.08014737939733373,63.30481463622885,2.5571385576305965,0.08039494271184547,0.12,0.5075580002881953,false,100.0,false,66.79906442902896,0.08015887731483474,63.30947161375589,2.5573266718659013,0.08041461772004686,0.12,0.5076681738040311,false,100.0,false,66.79683577765108,0.0801562029331813,63.3083884789477,2.557282919652155,0.08042628962103665,0.12,0.5076425473296053,false,100.0,false,[]
1,child-f9d0c0c9a9ae419f6470a221,py-f996c906ee10788ea67a,f996c906ee10,4b81296e5dd75a57ec2747997355f69bfd8a5d1068302c364c372acc996e4530,evt-2361fb1b85ce457a8b8de6a8e34754d5,45512,Alpha,SIM,vehicle-adapter,2026-08-15T05:18:05.511253Z,1.0599999999999998,1.0699999999999998,108,1.0599999999999998,,fast-sim-Alpha,1,home,TAKING_OFF,true,true,true,simulated,98.80712948075035,-1.3480563556936394,0.0011428599969924994,0.11170305655742431,-1.3503762673930741,-0.0013388163706860175,0.11335607929953637,-0.0013600492906602902,-0.0014020395133022014,0.2439020104940554,-0.00044537318923812945,5.7369404241160185e-05,1.1347119988430248e-07,,,,,99.7639271974029,4.197662763710691,4.039093541241256,2.1142562996070184,false,,false,modeled_transport,SIMULATED_MODEL,100.0,30.0,0.0,0.0007725379975120066,0.0008178152845614642,9.910590550227564,0.00475345331487952,-0.004082369534913013,-9.843019900156157e-08,,,,,,-0.0013600494878127397,-0.0014020394980281342,0.0,0.11335609072858048,99.79636359497577,DEGRADED,1.0599999999999998,4.0,1.0599999999999998,3.348298562789321,VALID,0.6492847655319411,VALID,2.0010773717780164,VALID,2.000318127855682,VALID,2.386532934376412,VALID,0.11368723650330016,VALID,crazyflie-6dof,2.0.0,66.87892687036508,0.08025471224443809,63.347677108797576,2.558671934627808,0.08037283749035957,0.12,0.5084960489909349,false,100.0,false,66.88522829884906,0.08026227395861887,63.35073544260742,2.558795463591191,0.0803659379952852,0.12,0.5085685176278798,false,100.0,false,66.89076334439656,0.08026891601327588,63.35342156354788,2.5589039585286075,0.0803823745413802,0.12,0.5086321743482529,false,100.0,false,66.88444929019748,0.08026133914823697,63.35035737559357,2.558780193110853,0.0803892620905673,0.12,0.5085595586399508,false,100.0,false,[]
1,child-f9d0c0c9a9ae419f6470a221,py-f996c906ee10788ea67a,f996c906ee10,4b81296e5dd75a57ec2747997355f69bfd8a5d1068302c364c372acc996e4530,evt-d9d817ef67ef4e028e791c6abb9959f0,45513,Alpha,SIM,vehicle-adapter,2026-08-15T05:18:05.514041Z,1.0699999999999998,1.0799999999999998,109,1.0699999999999998,,fast-sim-Alpha,1,home,TAKING_OFF,true,true,true,simulated,98.77856472701518,-1.3476918224279333,-0.0006775965831246199,0.115789112102417,-1.350389637007217,-0.0013512853331532338,0.11580525150276769,-0.001340676713150336,-0.0013425692588968146,0.2449172203231318,-0.00039063492353441924,1.516969503818733e-05,1.2981088910374189e-07,,,,,99.76157620418142,4.197639271974029,4.038947229525839,2.115893899316372,false,,false,modeled_transport,SIMULATED_MODEL,100.0,30.0,0.0,0.0007592382658673913,0.0007811374276824735,9.908172056676555,0.005473826512474458,-0.004219971236837424,-1.2999613297463555e-07,,,,,,-0.0013406768955405053,-0.0013425691872974703,0.0,0.11580526035178122,99.80959547675387,DEGRADED,1.0699999999999998,4.0,1.0699999999999998,3.346299479880662,VALID,0.6464690005210177,VALID,1.9996450952371378,VALID,1.995274251014006,VALID,2.3861862690527618,VALID,0.11817596465412224,VALID,crazyflie-6dof,2.0.0,66.9143276965845,0.0802971932359014,63.364539662897876,2.559260319216415,0.08035640227011236,0.12,0.5088597446506429,false,100.0,false,66.91628737411169,0.08029954484893403,63.3654902574169,2.559298713227405,0.08035180199572231,0.12,0.5088822824845233,false,100.0,false,66.93411217480373,0.08032093460976447,63.37413527807049,2.559647881049585,0.08036947053106064,0.12,0.5090872911651015,false,100.0,false,66.93213767820922,0.08031856521385106,63.37317777055339,2.559609207826251,0.08037405740809445,0.12,0.5090645810161041,false,100.0,false,[]
1,child-f9d0c0c9a9ae419f6470a221,py-f996c906ee10788ea67a,f996c906ee10,4b81296e5dd75a57ec2747997355f69bfd8a5d1068302c364c372acc996e4530,evt-77eaf2ae49724058898319fbaf4c457f,45514,Alpha,SIM,vehicle-adapter,2026-08-15T05:18:05.524398Z,1.0799999999999998,1.0899999999999999,110,1.0799999999999998,,fast-sim-Alpha,1,home,TAKING_OFF,true,true,true,simulated,98.75812929758435,-1.349434051612801,0.001981694936195696,0.11615323904308451,-1.3504029594969333,-0.001363350963883183,0.11826401010628543,-0.0013253725718450752,-0.0012881585946310076,0.2458758603517739,-0.0003318570966924593,-2.7966954452436658e-05,1.4374091338912905e-07,,,,,99.75923047901524,4.197615762041814,4.039279313324156,2.111152649566717,false,,false,modeled_transport,SIMULATED_MODEL,100.0,30.0,0.0,0.0007481880023931643,0.0007470976018691426,9.902514779019617,0.005877782694801522,-0.004313665173346936,-1.6529188029372216e-07,,,,,,-0.001325372745569035,-0.0012881584750526172,0.0,0.11826401666469229,99.82233332405924,DEGRADED,1.0799999999999998,4.0,1.0799999999999998,3.3560860724793473,VALID,0.648209116723129,VALID,2.0006830919615353,VALID,1.9957803077726348,VALID,2.381495737440156,VALID,0.11866882071637495,VALID,crazyflie-6dof,2.0.0,66.81865920844318,0.08018239105013181,63.3179090834604,2.5575872032376123,0.08031859674397711,0.12,0.5078367388690062,false,100.0,false,66.81788225969814,0.08018145871163776,63.31753161332318,2.557571956164446,0.0803149079341702,0.12,0.5078278054922036,false,100.0,false,66.81021788974402,0.08017226146769282,63.313807727754465,2.5574215380250167,0.08032589871922707,0.12,0.5077396821040088,false,100.0,false,66.81097813420884,0.0801731737610506,63.31417712816649,2.557436459139443,0.08032957247738304,0.12,0.5077484231014983,false,100.0,false,[]
1,child-f9d0c0c9a9ae419f6470a221,py-f996c906ee10788ea67a,f996c906ee10,4b81296e5dd75a57ec2747997355f69bfd8a5d1068302c364c372acc996e4530,evt-fb7531962d07423fa3074188511fb757,45515,Alpha,SIM,vehicle-adapter,2026-08-15T05:18:05.534592Z,1.0899999999999999,1.0999999999999999,111,1.0899999999999999,,fast-sim-Alpha,1,home,TAKING_OFF,true,true,true,simulated,98.74655313988353,-1.350027211024376,0.0001834206788206374,0.12222474659185968,-1.3504162758913745,-0.0013750803667328716,0.12073213020748913,-0.0013147132859338934,-0.0012389198879825148,0.24681201012037002,-0.00026732762436193676,-6.857917699082188e-05,1.5386440599005665e-07,,,,,99.75688173211519,4.197592304790152,4.039051889037192,2.113872210041237,false,,false,modeled_transport,SIMULATED_MODEL,100.0,30.0,0.0,0.0007399052943900298,0.0007156643951339832,9.900265494471952,0.006452947284160648,-0.00406122237754403,-2.043619300356249e-07,,,,,,-0.001314713456937918,-0.0012389197299640374,0.0,0.12073213480540114,99.83444278160088,DEGRADED,1.0899999999999999,4.0,1.0899999999999999,3.348964398369838,VALID,0.6485982541593653,VALID,2.001789761870378,VALID,1.9964395340023329,VALID,2.383774959520073,VALID,0.12057609698673616,VALID,crazyflie-6dof,2.0.0,66.85700845634545,0.08022841014761455,63.33610237154025,2.558178039280226,0.08029917173707775,0.12,0.5082116395632119,false,100.0,false,66.87931868091046,0.08025518241709255,63.34693268488163,2.55861548125583,0.08030305478565553,0.12,0.5084681770736865,false,100.0,false,66.9016151773794,0.08028193821285527,63.35775243561565,2.559052496602242,0.08031796512155076,0.12,0.5087245833828274,false,100.0,false,66.87928676124605,0.08025514411349526,63.34691719253349,2.5586148555118498,0.08031406533530677,0.12,0.5084678100215111,false,100.0,false,[]
1,child-f9d0c0c9a9ae419f6470a221,py-f996c906ee10788ea67a,f996c906ee10,4b81296e5dd75a57ec2747997355f69bfd8a5d1068302c364c372acc996e4530,evt-4a7e236295ea448eb61ca1d7705cdd78,45516,Alpha,SIM,vehicle-adapter,2026-08-15T05:18:05.544787Z,1.0999999999999999,1.1099999999999999,112,1.0999999999999999,,fast-sim-Alpha,1,home,TAKING_OFF,true,true,true,simulated,98.75370528205633,-1.3497571851949872,0.00013471017197876295,0.12311842515425972,-1.3504296207030666,-0.0013865439354475866,0.12320875324876414,-0.0013089700601316991,-0.0011957031474768443,0.24766230412750062,-0.0001992483270246703,-0.00010300764934628318,1.5942808262780676e-07,,,,,99.75454261527757,4.197568817321152,4.039678430780673,2.10520515385324,false,,false,modeled_transport,SIMULATED_MODEL,100.0,30.0,0.0,0.0007347465557407867,0.0006874407878810118,9.89167971082747,0.006807929784088767,-0.0034428472739891735,-2.4680720846873565e-07,,,,,,-0.0013089702331640775,-0.0011957029625248837,0.0,0.12320875634810945,99.84513289853402,DEGRADED,1.0999999999999999,4.0,1.0999999999999999,3.348141860916957,VALID,0.6452848271941489,VALID,2.0030143211160554,VALID,1.9974222203846674,VALID,2.373810005474731,VALID,0.12464069456431885,VALID,crazyflie-6dof,2.0.0,66.66424742496163,0.07999709690995395,63.24212829663558,2.554778615965828,0.08023293819608117,0.12,0.5061435924002485,false,100.0,false,66.69475661796565,0.08003370794155877,63.25698395424223,2.5553787367619143,0.08024496134048083,0.12,0.5064942406724432,false,100.0,false,66.69169856994641,0.08003003828393569,63.25549524849367,2.555318597836892,0.08025525347965215,0.12,0.5064590916551513,false,100.0,false,66.66117029640205,0.07999340435568246,63.240629561126624,2.5547180718707385,0.08024321206300547,0.12,0.5061082291253969,false,100.0,false,[]
1,child-f9d0c0c9a9ae419f6470a221,py-f996c906ee10788ea67a,f996c906ee10,4b81296e5dd75a57ec2747997355f69bfd8a5d1068302c364c372acc996e4530,evt-e2847e70acff4378b033a9839005e9b4,45517,Alpha,SIM,vehicle-adapter,2026-08-15T05:18:05.555034Z,1.1099999999999999,1.1199999999999999,113,1.1099999999999999,,fast-sim-Alpha,1,home,TAKING_OFF,true,true,true,simulated,98.71803886953167,-1.34913971638036,0.00016511173909236967,0.1262218134781093,-1.3504430198347066,-0.0013978129377511916,0.12569335858155353,-0.0013078488875752556,-0.0011591378142457483,0.2484605332789392,-0.00012974932390254817,-0.00012905175831070848,1.6079421097937888e-07,,,,,99.75220159528332,4.197545426152776,4.039526576541494,2.1069179948310763,false,,false,modeled_transport,SIMULATED_MODEL,100.0,30.0,0.0,0.0007326675487721334,0.0006629010107323137,9.886473072148158,0.006949900330860755,-0.002604410885397336,-2.9180969935682124e-07,,,,,,-0.0013078490654395425,-0.0011591376137081789,0.0,0.1256933606862413,99.8535713169313,DEGRADED,1.1099999999999999,4.0,1.1099999999999999,3.3535495329447396,VALID,0.6448018067031652,VALID,2.002614116811127,VALID,1.9986208414359647,VALID,2.3735055241632166,VALID,0.12614077835739299,VALID,crazyflie-6dof,2.0.0,66.70972573852431,0.08005167088622918,63.26356601489132,2.5555485624394074,0.08019484775335076,0.12,0.5066125536396882,false,100.0,false,66.73674510175863,0.08008409412211036,63.27671292695407,2.556079635446177,0.08021194527600287,0.12,0.5069231116364883,false,100.0,false,66.73008432597013,0.08007610119116414,63.2734725027002,2.555948737647249,0.08021769205256134,0.12,0.5068465496672145,false,100.0,false,66.70304569355417,0.08004365483226501,63.260314793496455,2.5554172284870997,0.08020057504908178,0.12,0.5065357798876853,false,100.0,false,[]
1,child-f9d0c0c9a9ae419f6470a221,py-f996c906ee10788ea67a,f996c906ee10,4b81296e5dd75a57ec2747997355f69bfd8a5d1068302c364c372acc996e4530,evt-e3f63a04052d4dd797c413f5e40a9b9b,45518,Alpha,SIM,vehicle-adapter,2026-08-15T05:18:05.564983Z,1.1199999999999999,1.13,114,1.1199999999999999,,fast-sim-Alpha,1,home,TAKING_OFF,true,true,true,simulated,98.71301548274899,-1.3489861598623614,0.0018989543183777287,0.12870689654146134,-1.3504564901709026,-0.0014089577134879577,0.12818533763517934,-0.0013105809389311455,-0.0011296079082443765,0.24919790536258013,-6.0716131182313214e-05,-0.00014627996151624507,1.590519163818657e-07,,,,,99.74986352633624,4.197522015952833,4.039702362025472,2.104262052377584,false,,false,modeled_transport,SIMULATED_MODEL,100.0,30.0,0.0,0.0007332572991279154,0.0006423668939400193,9.880387264026357,0.00690331925077957,-0.001722820297217837,-3.382983354661607e-07,,,,,,-0.0013105811225865545,-0.0011296077018760728,0.0,0.12818533924289752,99.85875519906206,DEGRADED,1.1199999999999999,4.0,1.1199999999999999,3.3513577978717453,VALID,0.6481158968049038,VALID,1.9984062722021563,VALID,1.9981170029231459,VALID,2.3715096560071123,VALID,0.12562238521608288,VALID,crazyflie-6dof,2.0.0,66.6547423446061,0.07998569081352733,63.23624127829112,2.5545559325752527,0.08015116365101957,0.12,0.5060105385511007,false,100.0,false,66.6732379074013,0.08000788548888155,63.245249296506,2.554919829699851,0.080169531601826,0.12,0.506223084050172,false,100.0,false,66.66431926175662,0.07999718311410794,63.24090592574383,2.55474437044858,0.0801711886210512,0.12,0.506120591332575,false,100.0,false,66.64580487796631,0.07997496585355957,63.23188743587246,2.554380050300227,0.08015280041434178,0.12,0.5059078384437361,false,100.0,false,[]
1,child-f9d0c0c9a9ae419f6470a221,py-f996c906ee10788ea67a,f996c906ee10,4b81296e5dd75a57ec2747997355f69bfd8a5d1068302c364c372acc996e4530,evt-5d3adca0b7184099951762d89cfd97f3,45519,Alpha,SIM,vehicle-adapter,2026-08-15T05:18:05.575682Z,1.13,1.14,115,1.13,,fast-sim-Alpha,1,home,TAKING_OFF,true,true,true,simulated,98.71331966858291,-1.348762131731334,0.0007918329321880133,0.13033062679590068,-1.350470039816212,-0.0014200488654032065,0.13068411613000908,-0.0013162708394870931,-0.0011068532632217873,0.24987784948297376,9.052104170219978e-06,-0.00015485029367329645,1.5542195147833037e-07,,,,,99.74752699741116,4.197498635263362,4.039782932821539,2.102876032562244,false,,false,modeled_transport,SIMULATED_MODEL,100.0,30.0,0.0,0.0007360005420029551,0.0006256246483181063,9.874644411200839,0.006976823483428737,-0.000857033206568961,-3.851353799564565e-07,,,,,,-0.0013162710288490477,-0.0011068530586897396,0.0,0.13068411770217522,99.85998353350499,DEGRADED,1.13,4.0,1.13,3.351135181527599,VALID,0.6445312707376623,VALID,2.00015568157152,VALID,1.9959609570983479,VALID,2.3696512018730065,VALID,0.13124977215720535,VALID,crazyflie-6dof,2.0.0,66.61630493382849,0.07993956592059417,63.216851690325356,2.5538235852528683,0.08010723289400755,0.12,0.5055729535563547,false,100.0,false,66.6315716082991,0.07995788592995892,63.224291873968376,2.5541241525218497,0.08012559209326456,0.12,0.5057483634041752,false,100.0,false,66.6417371642538,0.07997008459710456,63.22924501595024,2.5543242487062714,0.08012987105762608,0.12,0.50586516977743,false,100.0,false,66.62645258273827,0.0799517430992859,63.22179733228097,2.5540233784525097,0.08011149129227749,0.12,0.5056895458242844,false,100.0,false,[]
1,child-f9d0c0c9a9ae419f6470a221,py-f996c906ee10788ea67a,f996c906ee10,4b81296e5dd75a57ec2747997355f69bfd8a5d1068302c364c372acc996e4530,evt-7b1d014ac8d14363b7006c04f56c9b9a,45520,Alpha,SIM,vehicle-adapter,2026-08-15T05:18:05.586142Z,1.14,1.15,116,1.14,,fast-sim-Alpha,1,home,TAKING_OFF,true,true,true,simulated,98.7173896595927,-1.350083849300102,-0.00011099879935555523,0.13330234050726475,-1.3504836689273614,-0.0014311559494934077,0.13318928354525947,-0.001323953198942005,-0.0010911096846946918,0.250516741525039,7.823307638081704e-05,-0.0001555100593799756,1.5108044398065977e-07,,,,,99.74519005503164,4.197475269974111,4.039731659357977,2.1032481415721307,false,,false,modeled_transport,SIMULATED_MODEL,100.0,30.0,0.0,0.0007403097167218855,0.0006128810180473679,9.870539190690724,0.006918097156447282,-6.597658959202161e-05,-4.3127135594373496e-07,,,,,,-0.0013239533930706295,-0.0010911094880102633,0.0,0.1331892855633297,99.85716026994278,DEGRADED,1.14,4.0,1.14,3.3521688367735285,VALID,0.6521514385732062,VALID,1.999499553932501,VALID,2.0000647235199707,VALID,2.3689917291819773,VALID,0.13831104391040983,VALID,crazyflie-6dof,2.0.0,66.63721247357178,0.07996465496828614,63.226350569471954,2.554174901011621,0.08007954540324586,0.12,0.5057844050263491,false,100.0,false,66.64811264569299,0.07997773517483159,63.23166107599666,2.5543894312249718,0.08009659467309115,0.12,0.5059096465785247,false,100.0,false,66.64203026359563,0.07997043631631476,63.22869788717961,2.554269726348203,0.08009799515829913,0.12,0.5058397600150711,false,100.0,false,66.63111337330332,0.07995733604796398,63.22337871031783,2.5540548458765007,0.08008092544465237,0.12,0.5057143299521859,false,100.0,false,[]
1,child-f9d0c0c9a9ae419f6470a221,py-f996c906ee10788ea67a,f996c906ee10,4b81296e5dd75a57ec2747997355f69bfd8a5d1068302c364c372acc996e4530,evt-c2b95621abfa4cb2b4e0067acbb6b02d,45521,Alpha,SIM,vehicle-adapter,2026-08-15T05:18:05.596872Z,1.15,1.16,117,1.15,,fast-sim-Alpha,1,home,TAKING_OFF,true,true,true,simulated,98.69943678656401,-1.3482324538609614,0.000720807761061077,0.13420224293555771,-1.3504973683395416,-0.0014423446735565015,0.13570034403821216,-0.0013330613795367549,-0.0010827071191078577,0.2511060492952686,0.00014402373249052623,-0.00014686938847072186,1.4728205792488957e-07,,,,,99.74285566115189,4.197451900550316,4.0398803136695,2.1009544917659833,false,,false,modeled_transport,SIMULATED_MODEL,100.0,30.0,0.0,0.0007459413881221358,0.0006044781444097515,9.865580789131268,0.006579065555916292,0.000864067043851989,-4.758609960942506e-07,,,,,,-0.0013330615762797038,-0.0010827069340010285,0.0,0.13570034690918725,99.85187430289139,DEGRADED,1.15,4.0,1.15,3.3530699208022985,VALID,0.6506181500079762,VALID,2.0044857305530046,VALID,1.9977579882039196,VALID,2.365800896214114,VALID,0.1362918956987609,VALID,crazyflie-6dof,2.0.0,66.58487308542624,0.07990184770251149,63.20022116438672,2.553213293015644,0.08004416586002451,0.12,0.5052047834720524,false,100.0,false,66.61032749710418,0.07993239299652502,63.21263136702338,2.553714650348849,0.08006457455230108,0.12,0.5054972081609338,false,100.0,false,66.59077108999385,0.07990892530799262,63.20309717062539,2.5533294802255,0.08005979061818257,0.12,0.5052725376631115,false,100.0,false,66.56530124074534,0.0798783614888944,63.190675497942,2.5528276595161357,0.08003936195623021,0.12,0.5049799624698856,false,100.0,false,[]
1,child-f9d0c0c9a9ae419f6470a221,py-f996c906ee10788ea67a,f996c906ee10,4b81296e5dd75a57ec2747997355f69bfd8a5d1068302c364c372acc996e4530,evt-1b6370070295465c8a020e904904b3e4,45522,Alpha,SIM,vehicle-adapter,2026-08-15T05:18:05.608145Z,1.16,1.17,118,1.16,,fast-sim-Alpha,1,home,TAKING_OFF,true,true,true,simulated,98.70002190596132,-1.3466864727655075,0.0011394486267732066,0.13789210053563455,-1.350511122112256,-0.0014536760866119517,0.13821706393660865,-0.0013423174025733527,-0.0010814142601100164,0.25167198983964945,0.00020553323227786097,-0.00013136075983867144,1.44809135267946e-07,,,,,99.7405191904167,4.197428556611519,4.039716781985683,2.1028236616668994,false,,false,modeled_transport,SIMULATED_MODEL,100.0,30.0,0.0,0.0007520376863792842,0.0006003345994644617,9.863244125690397,0.006150949946270675,0.0015508627970607038,-5.183497160193273e-07,,,,,,-0.0013423175999503836,-0.001081414088571762,0.0,0.1382170680485359,99.84519889799675,DEGRADED,1.16,4.0,1.16,3.353148468895417,VALID,0.6508261693173406,VALID,1.999038656238936,VALID,1.9954662144026871,VALID,2.3631962077359954,VALID,0.14014459854928427,VALID,crazyflie-6dof,2.0.0,66.63875783576252,0.07996650940291503,63.22578592797872,2.5541426846748982,0.08003166353861114,0.12,0.5057674623924321,false,100.0,false,66.63903520889168,0.07996684225067002,63.22592106814443,2.554148143954852,0.08004708297276693,0.12,0.5057706490388257,false,100.0,false,66.62805029671075,0.07995366035605289,63.22056859671863,2.553931919268413,0.08004021016856964,0.12,0.5056444502502572,false,100.0,false,66.62775866683099,0.07995331040019718,63.22042648512847,2.553926178362656,0.08002477147358879,0.12,0.5056410999853843,false,100.0,false,[]
1,child-f9d0c0c9a9ae419f6470a221,py-f996c906ee10788ea67a,f996c906ee10,4b81296e5dd75a57ec2747997355f69bfd8a5d1068302c364c372acc996e4530,evt-26838a3682224a8d926ac4e32bcabf36,45523,Alpha,SIM,vehicle-adapter,2026-08-15T05:18:05.613840Z,1.17,1.18,119,1.17,,fast-sim-Alpha,1,home,TAKING_OFF,true,true,true,simulated,98.69700746952503,-1.348565095071152,6.12818983889026e-05,0.1412167136564049,-1.350524912200657,-0.001465206401813405,0.1407389714615692,-0.0013503398425742867,-0.001086796294341274,0.2521907524960535,0.00026263891043371766,-0.00011367965206609874,1.4336313681118596e-07,,,,,99.73818681930443,4.197405191904167,4.039970141824719,2.0991340010558712,false,,false,modeled_transport,SIMULATED_MODEL,100.0,30.0,0.0,0.0007575566854688828,0.0006002112218662201,9.858526425600738,0.005710567799421134,0.0017681106957323082,-5.584899426630642e-07,,,,,,-0.0013503400395542093,-0.0010867961382354696,0.0,0.14073897722498932,99.83764742830532,DEGRADED,1.17,4.0,1.17,3.3486082441666496,VALID,0.6498598780554745,VALID,2.0051634464344956,VALID,1.997315219144971,VALID,2.357715598625381,VALID,0.1400013563527254,VALID,crazyflie-6dof,2.0.0,66.56286040909546,0.07987543249091454,63.18824360863433,2.5527861749322938,0.08000171451935503,0.12,0.5049445551807696,false,100.0,false,66.5420016610463,0.07985040199325556,63.17806674495496,2.552375032678273,0.08000707679054415,0.12,0.5047049800619996,false,100.0,false,66.53482225464558,0.0798417867055747,63.17456315610468,2.5522334887348292,0.07999976941276526,0.12,0.5046225257379697,false,100.0,false,66.5556677071762,0.07986680124861144,63.18473471995964,2.552644416877526,0.07999438869942883,0.12,0.5048619400751324,false,100.0,false,[]
1,child-f9d0c0c9a9ae419f6470a221,py-f996c906ee10788ea67a,f996c906ee10,4b81296e5dd75a57ec2747997355f69bfd8a5d1068302c364c372acc996e4530,evt-ede26d9aa4d4421887e7113d5b84dff6,45524,Alpha,SIM,vehicle-adapter,2026-08-15T05:18:05.631204Z,1.18,1.19,120,1.18,,fast-sim-Alpha,1,home,TAKING_OFF,true,true,true,simulated,98.70875481609193,-1.3460767405254899,0.00010269564660137084,0.1449799076098814,-1.3505387189771176,-0.001476984984328747,0.14326547542766402,-0.0013568502831455172,-0.0010987031038583112,0.25265039660947985,0.0003132985122972599,-9.430948829025065e-05,1.4297882729339674e-07,,,,,99.7358577236519,4.197381868193045,4.040167911647065,2.096186087279076,false,,false,modeled_transport,SIMULATED_MODEL,100.0,30.0,0.0,0.0007623140726480987,0.0006041363848374344,9.8526146775368,0.0050659601834410406,0.0019370162868853646,-5.962310526257499e-07,,,,,,-0.001356850478734289,-0.0010987029637795581,0.0,0.1432654830959659,99.83010757184283,DEGRADED,1.18,4.0,1.18,3.3480215331772745,VALID,0.6502272809829959,VALID,1.9993594371381274,VALID,1.9983979827730884,VALID,2.3592711115495955,VALID,0.14247092405472636,VALID,crazyflie-6dof,2.0.0,66.49218752523724,0.0797906250302847,63.15304109201092,2.5514889014287103,0.07995957373029462,0.12,0.5041643009845038,false,100.0,false,66.49337324357147,0.07979204789228575,63.15362015163445,2.5515122964098094,0.07996395726240557,0.12,0.5041779170903284,false,100.0,false,66.4716797751808,0.07976601573021697,63.14302412258333,2.551084199044177,0.07995199098001742,0.12,0.5039288138093251,false,100.0,false,66.47048154212358,0.0797645778505483,63.142438744762764,2.551060548797309,0.07994758985375439,0.12,0.5039150553949187,false,100.0,false,[]
1,child-f9d0c0c9a9ae419f6470a221,py-f996c906ee10788ea67a,f996c906ee10,4b81296e5dd75a57ec2747997355f69bfd8a5d1068302c364c372acc996e4530,evt-fd7418edc5c44ef3b9bf799c6d2da085,45525,Alpha,SIM,vehicle-adapter,2026-08-15T05:18:05.645352Z,1.2,1.21,122,1.2,,fast-sim-Alpha,1,home,TAKING_OFF,true,true,true,simulated,98.6988311220472,-1.3478457515105415,0.0013902121966574955,0.14815171856291356,-1.3505663177520466,-0.0015014477056597547,0.1483297381065397,-0.0013633095412324458,-0.0011392862747743205,0.25339082947835856,0.00039542036026661976,-6.264358754385534e-05,1.4123830171142468e-07,,,,,99.73120417082201,4.197335328458612,4.04014976331674,2.0958075352352745,false,,false,modeled_transport,SIMULATED_MODEL,100.0,30.0,0.0,0.0007677246047131566,0.0006225379091486035,9.842189601418248,0.0039397703458681245,0.0015288541928011497,-6.648834382738844e-07,,,,,,-0.001363309733038998,-0.0011392861712906164,0.0,0.1483297499937955,99.81609393116302,DEGRADED,1.2,4.0,1.2,3.350069476876141,VALID,0.6487897231228464,VALID,1.9992964892708789,VALID,1.998535196091812,VALID,2.3543764219252346,VALID,0.1491867564881157,VALID,crazyflie-6dof,2.0.0,66.46337310949616,0.07975604773139539,63.13715918595001,2.5508357874160725,0.07987989986002825,0.12,0.5037865818134237,false,100.0,false,66.47214746262004,0.07976657695514405,63.141445866283675,2.5510089757214276,0.07987812783762419,0.12,0.5038873176598153,false,100.0,false,66.49217427801268,0.07979060913361521,63.15122760810192,2.551404172740346,0.07987246558959707,0.12,0.504117255379327,false,100.0,false,66.4833886312702,0.07978006635752424,63.14693680732002,2.5512308179627112,0.07987422163074274,0.12,0.5040163803827085,false,100.0,false,[]
1,child-f9d0c0c9a9ae419f6470a221,py-f996c906ee10788ea67a,f996c906ee10,4b81296e5dd75a57ec2747997355f69bfd8a5d1068302c364c372acc996e4530,evt-c678b75a9945410cbd95bfd7e39d1bd4,45526,Alpha,SIM,vehicle-adapter,2026-08-15T05:18:05.655773Z,1.21,1.22,123,1.21,,fast-sim-Alpha,1,home,TAKING_OFF,true,true,true,simulated,98.65030769043659,-1.3482665466120938,0.001624824515154916,0.15179603766068994,-1.3505800813489655,-0.0015142032390696892,0.15086680060612973,-0.001363815780716576,-0.0011661393055438169,0.25370624995900126,0.00043126166906808094,-4.944260640627467e-05,1.397356961336756e-07,,,,,99.72887794277203,4.19731204170822,4.040291648333512,2.0936052449760547,false,,false,modeled_transport,SIMULATED_MODEL,100.0,30.0,0.0,0.0007687432911104999,0.0006357399195949598,9.838192662796448,0.003584130872108711,0.0013200979391104605,-6.959112230895548e-07,,,,,,-0.0013638159702000603,-0.0011661392234132068,0.0,0.15086681482013686,99.80939733197835,DEGRADED,1.21,4.0,1.21,3.350572891864457,VALID,0.6492157353379704,VALID,2.000361023851566,VALID,1.9991313497360965,VALID,2.3488108686701388,VALID,0.14924202658954472,VALID,crazyflie-6dof,2.0.0,66.43620007496409,0.07972344008995691,63.12315838941577,2.5503596965719,0.07985095886763957,0.12,0.503492074631968,false,100.0,false,66.42722998121356,0.07971267597745627,63.11877356051071,2.5501825366958553,0.07984694996477978,0.12,0.5033891035682011,false,100.0,false,66.42039201083125,0.0797044704129975,63.11543054228813,2.550047469009806,0.07984065401215973,0.12,0.5033106108655758,false,100.0,false,66.42935141516651,0.0797152216981998,63.119810633644924,2.5502244374750838,0.07984464771496495,0.12,0.5034134559103098,false,100.0,false,[]
1,child-f9d0c0c9a9ae419f6470a221,py-f996c906ee10788ea67a,f996c906ee10,4b81296e5dd75a57ec2747997355f69bfd8a5d1068302c364c372acc996e4530,evt-a4f91f9109864b119cd9c7d92eec3ee2,45527,Alpha,SIM,vehicle-adapter,2026-08-15T05:18:05.664209Z,1.22,1.23,124,1.22,,fast-sim-Alpha,1,home,TAKING_OFF,true,true,true,simulated,98.62652780078169,-1.3494964513556855,0.0039166414490695006,0.15337049397029764,-1.3505938057859648,-0.0015273495462279575,0.1534064410518931,-0.0013627027160205939,-0.0011968733107548487,0.2539640445763378,0.00046367632017750706,-3.8355731876062055e-05,1.3744897430409448e-07,,,,,99.72655558099663,4.19728877942772,4.040529359588937,2.0901255978547604,false,,false,modeled_transport,SIMULATED_MODEL,100.0,30.0,0.0,0.000768728687237554,0.0006513274204473646,9.832430194441038,0.0032414651011879025,0.001108687239859111,-7.247754033468743e-07,,,,,,-0.001362702902817933,-0.0011968732521140638,0.0,0.15340645765560235,99.80301544467521,DEGRADED,1.22,4.0,1.22,3.3482915848535217,VALID,0.6507776896669001,VALID,1.9993168292588743,VALID,1.9950166535937697,VALID,2.3445449397321,VALID,0.15364794794452433,VALID,crazyflie-6dof,2.0.0,66.35339011848542,0.07962406814218251,63.08186022373682,2.5488410829149415,0.07980627351770554,0.12,0.5025804662042405,false,100.0,false,66.34958960744773,0.07961950752893726,63.08000002432531,2.5487659210115727,0.0798021264325165,0.12,0.5025368502794095,false,100.0,false,66.34484413568596,0.07961381296282316,63.07767714239845,2.548672064285329,0.07979597860236883,0.12,0.5024823907686744,false,100.0,false,66.34863461588881,0.07961836153906657,63.07953257572613,2.5487470336136817,0.07980011127074439,0.12,0.502525890602436,false,100.0,false,[]
1,child-f9d0c0c9a9ae419f6470a221,py-f996c906ee10788ea67a,f996c906ee10,4b81296e5dd75a57ec2747997355f69bfd8a5d1068302c364c372acc996e4530,evt-7500f6b842294948a6f9db18345cf2d2,45528,Alpha,SIM,vehicle-adapter,2026-08-15T05:18:05.676822Z,1.2299999999999998,1.2399999999999998,125,1.2299999999999998,,fast-sim-Alpha,1,home,TAKING_OFF,true,true,true,simulated,98.58070352009004,-1.3482460776340641,0.0017647336982039373,0.15544869664346103,-1.350607480268401,-0.0015409170032087691,0.15594827720695065,-0.0013605030727154449,-0.0012305394592367768,0.25418361550575963,0.0004965147160042205,-2.732343803912144e-05,1.3523121450674557e-07,,,,,99.72423246773904,4.197265555809967,4.040455410922651,2.090801931825093,false,,false,modeled_transport,SIMULATED_MODEL,100.0,30.0,0.0,0.0007680963973285618,0.0006685500764933424,9.828607955187161,0.003283839575683467,0.0011032291502377266,-7.514314163573988e-07,,,,,,-0.0013605032563247326,-0.0012305394269347919,0.0,0.1559482964878856,99.79639953126723,DEGRADED,1.2299999999999998,4.0,1.2299999999999998,3.348656847866756,VALID,0.6504140331053329,VALID,1.9990433476991272,VALID,1.999583400791319,VALID,2.3425967202194617,VALID,0.15489826375918725,VALID,crazyflie-6dof,2.0.0,66.35020139066039,0.07962024166879246,63.07936315593686,2.5486935418096004,0.07977046658866907,0.12,0.5025040491195821,false,100.0,false,66.36164519295052,0.07963397423154063,63.08496395555733,2.54891983962092,0.07977076587222545,0.12,0.502635370999161,false,100.0,false,66.38444053930837,0.07966132864717003,63.096117291286404,2.549370485177884,0.0797729498287287,0.12,0.5028969771573288,false,100.0,false,66.37298744595424,0.07964758493514508,63.09051402497965,2.549144087701204,0.07977263693775163,0.12,0.502765534549021,false,100.0,false,[]
1,child-f9d0c0c9a9ae419f6470a221,py-f996c906ee10788ea67a,f996c906ee10,4b81296e5dd75a57ec2747997355f69bfd8a5d1068302c364c372acc996e4530,evt-2f963b9463cb4db881aa13a99c8b80ed,45529,Alpha,SIM,vehicle-adapter,2026-08-15T05:18:05.688474Z,1.2399999999999998,1.2499999999999998,126,1.2399999999999998,,fast-sim-Alpha,1,home,TAKING_OFF,true,true,true,simulated,98.59502713077285,-1.3478908098207985,0.002756887395634665,0.15850660889404505,-1.3506210947592465,-0.001554935253092761,0.15849199535523686,-0.001357129597475013,-0.0012673183417232182,0.2543718148286215,0.0005287781867586935,-1.6981021182148292e-05,1.3277441978410772e-07,,,,,99.72190969638163,4.197242324677391,4.040455258049159,2.090494221684217,false,,false,modeled_transport,SIMULATED_MODEL,100.0,30.0,0.0,0.0007667618209953167,0.0006875654453618023,9.825470930744899,0.003226347070284799,0.0010342414239917447,-7.758797468495726e-07,,,,,,-0.0013571297773176223,-0.0012673183387062485,0.0,0.15849201753577624,99.78971032872626,DEGRADED,1.2399999999999998,4.0,1.2399999999999998,3.347968890575528,VALID,0.6496893861302767,VALID,2.001579906392351,VALID,1.9964588402346617,VALID,2.3401787559256455,VALID,0.15791048544546224,VALID,crazyflie-6dof,2.0.0,66.36728532619284,0.0796407423914314,63.08688953138854,2.5489975452106526,0.07974814724833292,0.12,0.5026804902853189,false,100.0,false,66.36284995758955,0.07963541994910744,63.084719135462855,2.5489098513343524,0.07974704834730664,0.12,0.5026295930923406,false,100.0,false,66.35736652470008,0.07962883982964009,63.0820356647064,2.5488014268990753,0.0797470529238959,0.12,0.5025666705154761,false,100.0,false,66.3617933005712,0.07963415196068543,63.08420204953794,2.5488889587089107,0.0797481390345883,0.12,0.502617467791081,false,100.0,false,[]
1,child-f9d0c0c9a9ae419f6470a221,py-f996c906ee10788ea67a,f996c906ee10,4b81296e5dd75a57ec2747997355f69bfd8a5d1068302c364c372acc996e4530,evt-5cb40c0577054a5b8ed6e70acf07dd9e,45530,Alpha,SIM,vehicle-adapter,2026-08-15T05:18:05.700301Z,1.2499999999999998,1.2599999999999998,127,1.2499999999999998,,fast-sim-Alpha,1,home,TAKING_OFF,true,true,true,simulated,98.59186729225534,-1.3476713376702794,0.0017535840478584415,0.15988426783574655,-1.3506346410668024,-0.0015694338521428362,0.1610371810189435,-0.0013524856113612542,-0.001307023879075085,0.25451856637066206,0.000561199108777273,-8.428290640837765e-06,1.29454311965195e-07,,,,,99.71958943063584,4.197219096963816,4.040601159120814,2.088239171213366,false,,false,modeled_transport,SIMULATED_MODEL,100.0,30.0,0.0,0.0007646092573503926,0.0007082276381331336,9.821326297237963,0.0032420921979238394,0.0008552727462930966,-7.981248148391677e-07,,,,,,-0.001352485786791314,-0.0013070239098099308,0.0,0.1610372063835489,99.78284649788247,DEGRADED,1.2499999999999998,4.0,1.2499999999999998,3.348909988717765,VALID,0.6508569643145309,VALID,2.003484734377101,VALID,1.9990409360742933,VALID,2.338392070748878,VALID,0.15784916082635445,VALID,crazyflie-6dof,2.0.0,66.31363151357179,0.07957635781628615,63.05983087409764,2.5479962572384145,0.07971626525523752,0.12,0.5020814982226204,false,100.0,false,66.30452968816827,0.07956543562580191,63.05537299231708,2.547816132015517,0.07971272267497546,0.12,0.501977074250189,false,100.0,false,66.30985160774758,0.07957182192929708,63.05797963640683,2.547921456106821,0.07971431464062566,0.12,0.5020381313464897,false,100.0,false,66.31894554136295,0.07958273464963554,63.06243326679277,2.5481014095478187,0.07971784525370654,0.12,0.5021424673940671,false,100.0,false,[]
1,child-f9d0c0c9a9ae419f6470a221,py-f996c906ee10788ea67a,f996c906ee10,4b81296e5dd75a57ec2747997355f69bfd8a5d1068302c364c372acc996e4530,evt-0c547646a8324c4da9e18403cd01ccab,45531,Alpha,SIM,vehicle-adapter,2026-08-15T05:18:05.712284Z,1.2599999999999998,1.2699999999999998,128,1.2599999999999998,,fast-sim-Alpha,1,home,TAKING_OFF,true,true,true,simulated,98.57922144922631,-1.34792756310538,0.0008815623264443416,0.16374388599112752,-1.3506481139977096,-0.0015844410632230028,0.16358360832700736,-0.0013465719333825802,-0.0013498692664219401,0.2546427308063868,0.0005924039040555597,-2.832100655603606e-06,1.2450112356430027e-07,,,,,99.71726793201258,4.1971958943063585,4.0404947372362825,2.089348760928479,false,,false,modeled_transport,SIMULATED_MODEL,100.0,30.0,0.0,0.0007615744390714062,0.0007307334540659306,9.819067731529103,0.003120479525293118,0.0005596186197997425,-8.181078212566046e-07,,,,,,-0.00134657210371295,-0.0013498693356353865,0.0,0.16358363703187845,99.77603276127442,DEGRADED,1.2599999999999998,4.0,1.2599999999999998,3.3534123357234593,VALID,0.6478290982127913,VALID,2.0039598721542538,VALID,1.9976154428486654,VALID,2.3369690289188356,VALID,0.16292625036313865,VALID,crazyflie-6dof,2.0.0,66.3501997528953,0.07962023970347437,63.07686868194664,2.5486175595074947,0.07970168069433005,0.12,0.5024550727796068,false,100.0,false,66.33842655302638,0.07960611186363165,63.071105807034215,2.5483847108499447,0.0796955048086593,0.12,0.5023199945688046,false,100.0,false,66.32965421402177,0.07959558505682612,63.06681110747684,2.548211183740349,0.0796940830260927,0.12,0.5022193512001288,false,100.0,false,66.34142031499512,0.07960970437799414,63.07257133128233,2.548443925280063,0.07970024779991206,0.12,0.5023543423799391,false,100.0,false,[]
1,child-f9d0c0c9a9ae419f6470a221,py-f996c906ee10788ea67a,f996c906ee10,4b81296e5dd75a57ec2747997355f69bfd8a5d1068302c364c372acc996e4530,evt-32e500544fb84b46aa6079a4838743f4,45532,Alpha,SIM,vehicle-adapter,2026-08-15T05:18:05.724473Z,1.2799999999999998,1.2899999999999998,130,1.2799999999999998,,fast-sim-Alpha,1,home,TAKING_OFF,true,true,true,simulated,98.54496266740554,-1.347756857809711,0.004111779243437303,0.16953989342912468,-1.350674836005423,-0.0016160734195773169,0.1686785888562587,-0.0013319269353004677,-0.0014454732369987855,0.2547783662864176,0.0006427988557869032,-1.977369381233338e-06,1.0812269182238811e-07,,,,,99.71263102769757,4.197149507005499,4.040571589470733,2.0877055671055755,false,,false,modeled_transport,SIMULATED_MODEL,100.0,30.0,0.0,0.0007533374366819169,0.0007820193122367747,9.81251948783789,0.0023060307690179107,-0.000141999918891845,-8.504218016992764e-07,,,,,,-0.0013319270934287913,-0.0014454733916150833,0.0,0.16867862370477862,99.76387250348128,DEGRADED,1.2799999999999998,4.0,1.2799999999999998,3.3506909477284643,VALID,0.651016704037704,VALID,2.0039293995245546,VALID,1.9974363309199912,VALID,2.33061462736342,VALID,0.1666989034381446,VALID,crazyflie-6dof,2.0.0,66.31518996575285,0.07957822795890342,63.05807831494372,2.547906797259821,0.07965459080481634,0.12,0.5020333070490969,false,100.0,false,66.30610984091645,0.07956733180909974,63.05363135284874,2.5477271145728166,0.07964655201779425,0.12,0.5019291487390605,false,100.0,false,66.29655124568671,0.07955586149482406,63.048949350001315,2.5475379348959453,0.0796382112677129,0.12,0.5018195067029694,false,100.0,false,66.30562651434747,0.07956675181721697,63.05339462675228,2.547717549485418,0.07964624096069059,0.12,0.5019236046144484,false,100.0,false,[]
1,child-f9d0c0c9a9ae419f6470a221,py-f996c906ee10788ea67a,f996c906ee10,4b81296e5dd75a57ec2747997355f69bfd8a5d1068302c364c372acc996e4530,evt-e4a5caa8389748e68b6dad84f71d3d07,45533,Alpha,SIM,vehicle-adapter,2026-08-15T05:18:05.734880Z,1.2899999999999998,1.2999999999999998,131,1.2899999999999998,,fast-sim-Alpha,1,home,TAKING_OFF,true,true,true,simulated,98.57779226547775,-1.34826798524804,0.0022683129125229285,0.17256308028972012,-1.3506880926531424,-0.0016327370721405192,0.1712263495998036,-0.001323798103944203,-0.0014969220323466786,0.2547760743544928,0.0006650645304061884,-7.3267354567924836e-06,9.600472114348779e-08,,,,,99.71031804335875,4.197126310276976,4.040999867407156,2.081685904931573,false,,false,modeled_transport,SIMULATED_MODEL,100.0,30.0,0.0,0.0007484423462693254,0.000809887819806533,9.806422431702565,0.002226567456383175,-0.0005349372856462186,-8.619848322886063e-07,,,,,,-0.0013237982549854407,-0.0014969222363082498,0.0,0.17122638747204075,99.75804564570453,DEGRADED,1.2899999999999998,4.0,1.2899999999999998,3.3518871469625076,VALID,0.6506630030654603,VALID,2.002308984559673,VALID,1.998074387985215,VALID,2.332669694988999,VALID,0.17658381086378758,VALID,crazyflie-6dof,2.0.0,66.1625090883709,0.07939501090604506,62.98249614749167,2.545122585809856,0.07960266495555195,0.12,0.5003685518692194,false,100.0,false,66.15361559865683,0.07938433871838818,62.97812977619829,2.5449461407516796,0.07959396900657804,0.12,0.5002665830316902,false,100.0,false,66.17174184660897,0.07940609021593076,62.98702841555027,2.545305734756094,0.0795931123707396,0.12,0.5004744151486696,false,100.0,false,66.18063203575696,0.07941675844290835,62.99139187370346,2.545482062094279,0.0796018005006766,0.12,0.5005763548819937,false,100.0,false,[]
1,child-f9d0c0c9a9ae419f6470a221,py-f996c906ee10788ea67a,f996c906ee10,4b81296e5dd75a57ec2747997355f69bfd8a5d1068302c364c372acc996e4530,evt-cb877ac8d7cb4fcf8050d898a509b066,45534,Alpha,SIM,vehicle-adapter,2026-08-15T05:18:05.745232Z,1.2999999999999998,1.3099999999999998,132,1.2999999999999998,,fast-sim-Alpha,1,home,TAKING_OFF,true,true,true,simulated,98.58538673605229,-1.3487838980077924,0.0015268463324506355,0.1738592714562679,-1.350701290405114,-0.0016499889624628807,0.17377346244783765,-0.0013157604263067952,-0.0015504953092504322,0.25471128480340477,0.0006858469259497867,-1.5762034438832197e-05,8.160945789169095e-08,,,,,99.70800744802472,4.197103180433587,4.04113799538623,2.0795358006347175,false,,false,modeled_transport,SIMULATED_MODEL,100.0,30.0,0.0,0.0007434276291607958,0.0008390403946132753,9.800172763869728,0.002078239537816188,-0.0008435306781645223,-8.697589384489551e-07,,,,,,-0.0013157605697667048,-0.0015504955665376259,0.0,0.1737735033397344,99.75227897096329,DEGRADED,1.2999999999999998,4.0,1.2999999999999998,3.349046694870937,VALID,0.6476673797796986,VALID,2.0030269014471878,VALID,1.9968583245481357,VALID,2.3226994040376763,VALID,0.17127186763336305,VALID,crazyflie-6dof,2.0.0,66.12311554063722,0.07934773864876465,62.96214081602712,2.544386995225054,0.07955257791765975,0.12,0.4999264868282128,false,100.0,false,66.12158362160152,0.07934590034592182,62.96138827376944,2.5443565839539475,0.07954558575841279,0.12,0.49990892490759825,false,100.0,false,66.1156952476916,0.07933883429722993,62.95849548439977,2.544239682343603,0.07954318405501674,0.12,0.49984142177182056,false,100.0,false,66.11722576441285,0.07934067091729541,62.95924741020473,2.5442700687030047,0.0795501699197622,0.12,0.4998589671270861,false,100.0,false,[]
1,child-f9d0c0c9a9ae419f6470a221,py-f996c906ee10788ea67a,f996c906ee10,4b81296e5dd75a57ec2747997355f69bfd8a5d1068302c364c372acc996e4530,evt-68c9fe014efa4848b123e7dd997b5438,45535,Alpha,SIM,vehicle-adapter,2026-08-15T05:18:05.755927Z,1.3099999999999998,1.3199999999999998,133,1.3099999999999998,,fast-sim-Alpha,1,home,TAKING_OFF,true,true,true,simulated,98.57847427428666,-1.3474906657313577,0.001305267840085869,0.1764344776496328,-1.3507144394142951,-0.00166784283780683,0.17631956430317094,-0.0013083704089959475,-0.001606329694829584,0.2546101855333297,0.0007032593418427888,-2.5648978191937802e-05,6.601118692413748e-08,,,,,99.70569537873145,4.1970800744802474,4.041015397183309,2.0808623639341466,false,,false,modeled_transport,SIMULATED_MODEL,100.0,30.0,0.0,0.0007386987523730518,0.0008696589856899391,9.796541868228141,0.0017412415570471653,-0.000988695220263716,-8.731259986077193e-07,,,,,,-0.0013083705444368343,-0.0016063300056867692,0.0,0.17631960796268745,99.74684107980593,DEGRADED,1.3099999999999998,4.0,1.3099999999999998,3.3481214902558065,VALID,0.650847129160584,VALID,1.9996590456363166,VALID,1.999342337081672,VALID,2.324425438129951,VALID,0.1749068594515354,VALID,crazyflie-6dof,2.0.0,66.15820377455226,0.07938984452946271,62.978306699677866,2.54496307061931,0.07952360433253322,0.12,0.5002744435109371,false,100.0,false,66.1640229724402,0.07939682756692823,62.981163471868896,2.545078513223412,0.07952008693840236,0.12,0.5003411573838354,false,100.0,false,66.1479358136664,0.07937752297639966,62.97326526911722,2.544759345634116,0.07951348002914972,0.12,0.5001567315191082,false,100.0,false,66.1421173831911,0.07937054085982934,62.970408122433,2.5446438878966866,0.07951699292231527,0.12,0.5000900315202661,false,100.0,false,[]
1,child-f9d0c0c9a9ae419f6470a221,py-f996c906ee10788ea67a,f996c906ee10,4b81296e5dd75a57ec2747997355f69bfd8a5d1068302c364c372acc996e4530,evt-ff447e10ab5d4467a7107e5820262ff3,45536,Alpha,SIM,vehicle-adapter,2026-08-15T05:18:05.766611Z,1.3199999999999998,1.3299999999999998,134,1.3199999999999998,,fast-sim-Alpha,1,home,TAKING_OFF,true,true,true,simulated,98.54905268929758,-1.3477676964848722,0.001548481412547966,0.17992446514743193,-1.350727552083073,-0.001686307202919852,0.17886428970320792,-0.0013016313005985568,-0.0016643631852090077,0.25447254000369435,0.0007154894085086859,-3.786474994484668e-05,4.863005055993299e-08,,,,,99.70338465120217,4.197056953787315,4.041082845560363,2.0796547763527777,false,,false,modeled_transport,SIMULATED_MODEL,100.0,30.0,0.0,0.0007342088923034001,0.0009018090576332002,9.792887287633832,0.0012230066114079082,-0.0012215781009459509,-8.715577254880838e-07,,,,,,-0.0013016314275603675,-0.0016643635479253241,0.0,0.1788643356139992,99.74201404046285,DEGRADED,1.3199999999999998,4.0,1.3199999999999998,3.3481127438650296,VALID,0.6525063038709404,VALID,2.0036778208386843,VALID,1.9989427025648958,VALID,2.321992100668604,VALID,0.17584507836940444,VALID,crazyflie-6dof,2.0.0,66.1416229793657,0.07936994757523884,62.96924491710827,2.5446393543241532,0.07949696129177929,0.12,0.500079065846241,false,100.0,false,66.13205154272929,0.07935846185127514,62.9645442919637,2.544449398167802,0.07949146091829354,0.12,0.49996934822994316,false,100.0,false,66.11276750145994,0.07933532100175193,62.95507147791923,2.5440665939044593,0.07948073957358263,0.12,0.49974830987915264,false,100.0,false,66.12234198424729,0.07934681038109674,62.95977508206037,2.5442566704445295,0.07948623747372352,0.12,0.4998580523974412,false,100.0,false,[]
1,child-f9d0c0c9a9ae419f6470a221,py-f996c906ee10788ea67a,f996c906ee10,4b81296e5dd75a57ec2747997355f69bfd8a5d1068302c364c372acc996e4530,evt-87448452a11c46749b9bcd767dfa4f92,45537,Alpha,SIM,vehicle-adapter,2026-08-15T05:18:05.774065Z,1.3299999999999998,1.3399999999999999,135,1.3299999999999998,,fast-sim-Alpha,1,home,TAKING_OFF,true,true,true,simulated,98.54445796003881,-1.3468527969544453,-6.660612002511081e-05,0.18216701031766294,-1.3507406430852211,-0.0017053843736003426,0.18140712924418295,-0.001295761827850775,-0.0017242116195795901,0.25428395409750315,0.0007216517834547318,-5.245444443326791e-05,2.9500958289944613e-08,,,,,99.70107728786827,4.197033846512022,4.0412868214724105,2.0766270005116834,false,,false,modeled_transport,SIMULATED_MODEL,100.0,30.0,0.0,0.0007300792770554465,0.0009353224102739525,9.787793258222585,0.0006162374082203168,-0.0014589704467703021,-8.645362750718677e-07,,,,,,-0.0012957619457673402,-0.0017242120303220425,0.0,0.18140717673048126,99.73793412447151,DEGRADED,1.3299999999999998,4.0,1.3299999999999998,3.3541124039215995,VALID,0.6497860607018957,VALID,2.003942661937572,VALID,1.9959682907124179,VALID,2.316202576354718,VALID,0.1785951624288898,VALID,crazyflie-6dof,2.0.0,66.06943143694329,0.07928331772433195,62.93284653706534,2.543296833479878,0.07945675637475427,0.12,0.4992789064358077,false,100.0,false,66.06422454398115,0.07927706945277738,62.93028648861482,2.5431933745792237,0.07945106850842394,0.12,0.4992192345899413,false,100.0,false,66.04810964425876,0.0792577315731105,62.92236196901958,2.542873122013156,0.07943820073575529,0.12,0.4990345645324424,false,100.0,false,66.05332204648747,0.07926398645578495,62.924925402306705,2.542976717704766,0.07944388838801814,0.12,0.4990942949534923,false,100.0,false,[]
1,child-f9d0c0c9a9ae419f6470a221,py-f996c906ee10788ea67a,f996c906ee10,4b81296e5dd75a57ec2747997355f69bfd8a5d1068302c364c372acc996e4530,evt-ae636906b77e4a6da472b0deb65cf128,45538,Alpha,SIM,vehicle-adapter,2026-08-15T05:18:05.788172Z,1.3399999999999999,1.3499999999999999,136,1.3399999999999999,,fast-sim-Alpha,1,home,TAKING_OFF,true,true,true,simulated,98.57263604226513,-1.3469311390927252,0.0002538119199111369,0.18527995424454177,-1.3507537307716804,-0.0017250674362454064,0.18394766265613785,-0.001290771154534805,-0.0017857748215745102,0.2540533411954924,0.0007184728315133613,-7.084101044951549e-05,7.745821649669666e-09,,,,,99.69877051028637,4.1970107728786825,4.041303286099598,2.076099823717544,false,,false,modeled_transport,SIMULATED_MODEL,100.0,30.0,0.0,0.00072623615292051,0.0009703239764395728,9.783590510909645,-0.00031789532825282553,-0.001838657691521868,-8.515658951306772e-07,,,,,,-0.0012907712624971386,-0.0017857752724878707,0.0,0.1839477105949011,99.73509263801368,DEGRADED,1.3399999999999999,4.0,1.3399999999999999,3.350658830589648,VALID,0.6467457747432727,VALID,2.0001975474212084,VALID,1.9964927210428498,VALID,2.317180587482019,VALID,0.18288791657521325,VALID,crazyflie-6dof,2.0.0,66.0745890899349,0.07928950690792189,62.93434610439994,2.5433677972024094,0.07942760959263998,0.12,0.499317805602284,false,100.0,false,66.05907477871196,0.07927088973445434,62.92671838236195,2.5430595378210334,0.0794187038411217,0.12,0.49914001793023455,false,100.0,false,66.02347204787155,0.07922816645744585,62.90920671801159,2.542351838354192,0.07939840560800193,0.12,0.49873207459951896,false,100.0,false,66.03899450345676,0.07924679340414811,62.91684289427907,2.5426604393966215,0.07940731362910833,0.12,0.49890992558550673,false,100.0,false,[]
1,child-f9d0c0c9a9ae419f6470a221,py-f996c906ee10788ea67a,f996c906ee10,4b81296e5dd75a57ec2747997355f69bfd8a5d1068302c364c372acc996e4530,evt-8d6c12eaa44349cba7b4e62ba216d4b7,45539,Alpha,SIM,vehicle-adapter,2026-08-15T05:18:05.799623Z,1.3499999999999999,1.3599999999999999,137,1.3499999999999999,,fast-sim-Alpha,1,home,TAKING_OFF,true,true,true,simulated,98.54255970714864,-1.347603848440129,0.0020460098384131467,0.18772509900716972,-1.3507668378259152,-0.0017453386010083997,0.18648540174356248,-0.0012869214289271899,-0.0018483722206896443,0.2537739087424632,0.0007043404289660805,-9.372065979886804e-05,-1.68516907148976e-08,,,,,99.69646623312678,4.196987705102864,4.041448996831915,2.073849443634315,false,,false,modeled_transport,SIMULATED_MODEL,100.0,30.0,0.0,0.0007227891901547374,0.001006518199609333,9.77870844655776,-0.001413240457141981,-0.002287966106006558,-8.320773186269002e-07,,,,,,-0.0012869215254442518,-0.001848372700861061,0.0,0.18648544881985402,99.73370602466011,DEGRADED,1.3499999999999999,4.0,1.3499999999999999,3.3503469366865586,VALID,0.6471273265471816,VALID,2.0051063005331895,VALID,1.9993688472276994,VALID,2.3138429778843554,VALID,0.18815193809014763,VALID,crazyflie-6dof,2.0.0,66.02041328603299,0.07922449594323959,62.90670416835018,2.542342364551809,0.07939030436673297,0.12,0.4987086345104403,false,100.0,false,66.00738942625559,0.07920886731150671,62.900295443109634,2.542083359189865,0.07937972367392408,0.12,0.49855941807391,false,100.0,false,65.97741527755934,0.07917289833307121,62.885540694601914,2.541487053554315,0.07935552134801047,0.12,0.49821603451106744,false,100.0,false,65.990450207254,0.0791885402487048,62.891958018092,2.541746406410128,0.07936610705059559,0.12,0.49836535653889724,false,100.0,false,[]
1,child-f9d0c0c9a9ae419f6470a221,py-f996c906ee10788ea67a,f996c906ee10,4b81296e5dd75a57ec2747997355f69bfd8a5d1068302c364c372acc996e4530,evt-fdd52d5392a24325b3d710b8899a15e3,45540,Alpha,SIM,vehicle-adapter,2026-08-15T05:18:05.811483Z,1.3599999999999999,1.3699999999999999,138,1.3599999999999999,,fast-sim-Alpha,1,home,TAKING_OFF,true,true,true,simulated,98.5085986402274,-1.3478258887949397,0.002854840353532455,0.18895995223659878,-1.35077999035545,-0.0017661715601237841,0.1890199136203477,-0.0012847882960650846,-0.0019105762312845377,0.2534511876785215,0.0006814671600492009,-0.00012019858748406772,-4.3252689621141423e-08,,,,,99.69416296286876,4.1969646623312675,4.0414939199130675,2.0729432322189014,false,,false,modeled_transport,SIMULATED_MODEL,100.0,30.0,0.0,0.0007201136593400073,0.0010429747788834945,9.774379436503345,-0.002287327174171771,-0.0026477939625595207,-8.05433732353995e-07,,,,,,-0.001284788379206625,-0.0019105767304885874,0.0,0.1890199588759948,99.73340171122616,DEGRADED,1.3599999999999999,4.0,1.3599999999999999,3.351779441218616,VALID,0.6514165034827054,VALID,1.9984023193022966,VALID,1.9975111506609924,VALID,2.3138079397373534,VALID,0.18909377840061636,VALID,crazyflie-6dof,2.0.0,65.98438480160989,0.07918126176193185,62.88791283413497,2.5416111735517948,0.07935129573596839,0.12,0.49828195258768354,false,100.0,false,65.98159203834348,0.07917791044601216,62.886537909894415,2.541555606072209,0.07934251083187074,0.12,0.4982499611814445,false,100.0,false,65.97632099550577,0.07917158519460693,62.88394271548859,2.5414507214480873,0.07932274971233401,0.12,0.4981895819695253,false,100.0,false,65.97912806749898,0.07917495368099878,62.885324803415024,2.5415065784476023,0.07933154265287895,0.12,0.49822173648024803,false,100.0,false,[]
1,child-f9d0c0c9a9ae419f6470a221,py-f996c906ee10788ea67a,f996c906ee10,4b81296e5dd75a57ec2747997355f69bfd8a5d1068302c364c372acc996e4530,evt-f44f05a177224054a78167e1e888b283,45541,Alpha,SIM,vehicle-adapter,2026-08-15T05:18:05.824907Z,1.38,1.39,140,1.38,,fast-sim-Alpha,1,home,TAKING_OFF,true,true,true,simulated,98.48277661631927,-1.3486702721445112,0.0028598375879908622,0.1928666247510283,-1.3508065460309382,-0.0018093921234549164,0.19407839872430677,-0.0012876667269829977,-0.0020291807008963303,0.25274010612112685,0.0006193454277972665,-0.00017913691687877021,-9.664385479177494e-08,,,,,99.68955458878887,4.196918580029318,4.0414381253856275,2.073072728603781,false,,false,modeled_transport,SIMULATED_MODEL,100.0,30.0,0.0,0.0007184723454890828,0.0011135133644817417,9.769821396834034,-0.0033849614795532492,-0.003016175337752027,-7.285955012547782e-07,,,,,,-0.0012876667766686144,-0.0020291812145269363,0.0,0.1940784390614507,99.73440772441685,DEGRADED,1.38,4.0,1.38,3.352784875937038,VALID,0.6524351600514483,VALID,2.00592896507827,VALID,2.0003511773501206,VALID,2.3044121916299676,VALID,0.19330416218355545,VALID,crazyflie-6dof,2.0.0,65.9938806556331,0.07919265678675973,62.890658768488365,2.541687060775868,0.07930631083370886,0.12,0.4983325252543585,false,100.0,false,65.99526832234847,0.07919432198681815,62.89134178943519,2.541714664644817,0.07930216753482765,0.12,0.4983484196049772,false,100.0,false,65.98263471359185,0.07917916165631021,62.88512285036529,2.541463330070252,0.07928881332328537,0.12,0.4982037179653113,false,100.0,false,65.9812681073364,0.07917752172880367,62.88445005635749,2.541436139516715,0.07929297141806188,0.12,0.4981880657791342,false,100.0,false,[]
1,child-f9d0c0c9a9ae419f6470a221,py-f996c906ee10788ea67a,f996c906ee10,4b81296e5dd75a57ec2747997355f69bfd8a5d1068302c364c372acc996e4530,evt-9b5221327c4d4ce4b387ab3e6a9c6553,45542,Alpha,SIM,vehicle-adapter,2026-08-15T05:18:05.835212Z,1.39,1.4,141,1.39,,fast-sim-Alpha,1,home,TAKING_OFF,true,true,true,simulated,98.48619529463994,-1.348000117047432,0.0014586242364453097,0.1965521261538179,-1.3508200067258207,-0.0018317041523620908,0.19660205220713375,-0.0012935527258415747,-0.00208407467407796,0.2523653482826985,0.0005829934214750311,-0.00020809685397840032,-1.2083253147913657e-07,,,,,99.68724944841728,4.196895545887889,4.04129857080505,2.074626334439531,false,,false,modeled_transport,SIMULATED_MODEL,100.0,30.0,0.0,0.0007201954006237693,0.0011465825004360625,9.769175269540568,-0.0036352011009574735,-0.0028959946414801284,-6.778844190445607e-07,,,,,,-0.0012935527548638482,-0.0020840751845503077,0.0,0.19660208987467992,99.7353050619745,DEGRADED,1.39,4.0,1.39,3.3500505174104864,VALID,0.6504148188883818,VALID,2.002996985502719,VALID,1.9983032743177298,VALID,2.305231756794903,VALID,0.1939108468192673,VALID,crazyflie-6dof,2.0.0,66.01379964994106,0.07921655957992928,62.89955616646051,2.541958864397888,0.07929339424399144,0.12,0.49850626438710205,false,100.0,false,66.0292306464298,0.07923507677571574,62.90714796817687,2.5422656717721495,0.07929488610003803,0.12,0.4986830078882358,false,100.0,false,66.04003518193097,0.07924804221831717,62.912462483512456,2.542480447204452,0.07928807537621835,0.12,0.49880676854131917,false,100.0,false,66.02462842481768,0.0792295541097812,62.90488395010361,2.542174176042112,0.07928660187310597,0.12,0.4986302936228739,false,100.0,false,[]
1,child-f9d0c0c9a9ae419f6470a221,py-f996c906ee10788ea67a,f996c906ee10,4b81296e5dd75a57ec2747997355f69bfd8a5d1068302c364c372acc996e4530,evt-98ca777bc5a24262874bd09d120c59c0,45543,Alpha,SIM,vehicle-adapter,2026-08-15T05:18:05.845596Z,1.4,1.41,142,1.4,,fast-sim-Alpha,1,home,TAKING_OFF,true,true,true,simulated,98.49549593408713,-1.34668725133282,0.0028159946863850318,0.19824748277179788,-1.3508336245026857,-0.0018544299227371169,0.19912164782677427,-0.0013025770775455016,-0.0021354466701168826,0.25195956196405167,0.0005442522533907521,-0.00023495930429577244,-1.4216448973512886e-07,,,,,99.68494808110864,4.196872494484173,4.041530201153665,2.0712305777660474,false,,false,modeled_transport,SIMULATED_MODEL,100.0,30.0,0.0,0.0007238101206342505,0.0011777918515789732,9.76607227303231,-0.003874117281475201,-0.0026862458080498344,-6.191664679796181e-07,,,,,,-0.0013025770829905967,-0.0021354471715680124,0.0,0.19912168281408418,99.73636065472387,DEGRADED,1.4,4.0,1.4,3.3514263113339102,VALID,0.6498649207407619,VALID,1.999957074105115,VALID,1.9983712115462098,VALID,2.3030734877703587,VALID,0.19980700494793785,VALID,crazyflie-6dof,2.0.0,65.94807900003732,0.07913769480004479,62.86644627475941,2.540766412586445,0.07926579901432583,0.12,0.4977913404082969,false,100.0,false,65.95607762183674,0.07914729314620408,62.870385902054394,2.5409256338133845,0.07926930766932397,0.12,0.49788293492124736,false,100.0,false,65.95091299668945,0.07914109559602733,62.867842185669296,2.5408228287474492,0.0792626479434891,0.12,0.4978237929190165,false,100.0,false,65.9429413481216,0.07913152961774592,62.863915511981084,2.5406641310444393,0.07925916113177192,0.12,0.49773250951748643,false,100.0,false,[]
1,child-f9d0c0c9a9ae419f6470a221,py-f996c906ee10788ea67a,f996c906ee10,4b81296e5dd75a57ec2747997355f69bfd8a5d1068302c364c372acc996e4530,evt-7b400204f9cd4fb7b7cf26dbe2cc30f5,45544,Alpha,SIM,vehicle-adapter,2026-08-15T05:18:05.856011Z,1.41,1.42,143,1.41,,fast-sim-Alpha,1,home,TAKING_OFF,true,true,true,simulated,98.50022074895436,-1.3484983807939384,0.002159501355561636,0.20215957457448824,-1.3508474244240125,-0.0018775288180049015,0.2016370022368808,-0.0013142905332754222,-0.0021826840993734147,0.2515354410106527,0.0005057127953697776,-0.00026120056535228333,-1.6147084389520476e-07,,,,,99.682646093929,4.196849480811086,4.041465346185394,2.071788461678709,false,,false,modeled_transport,SIMULATED_MODEL,100.0,30.0,0.0,0.0007289804777697024,0.001206651162533995,9.76423868569714,-0.0038539462815263717,-0.002624126758225351,-5.530148067836055e-07,,,,,,-0.0013142905139859587,-0.002182684590698788,0.0,0.20163703489917206,99.73712569471259,DEGRADED,1.41,4.0,1.41,3.346914532291147,VALID,0.6500863095857287,VALID,2.003284958845041,VALID,1.9932618285677788,VALID,2.296465069909711,VALID,0.20498643550245657,VALID,crazyflie-6dof,2.0.0,65.96206731489612,0.07915448077787535,62.87244180230693,2.540967947740814,0.0792480839446962,0.12,0.49791526939123204,false,100.0,false,65.95439165828205,0.07914526998993845,62.868661682835345,2.5408151755223254,0.07924842967859314,0.12,0.49782737910901864,false,100.0,false,65.96761467763702,0.07916113761316443,62.875173480072924,2.541078347551096,0.07924737169883508,0.12,0.4979787915894663,false,100.0,false,65.97531951832141,0.07917038342198568,62.87896714859878,2.541231667349918,0.07924705109031778,0.12,0.49806702158899185,false,100.0,false,[]
1,child-f9d0c0c9a9ae419f6470a221,py-f996c906ee10788ea67a,f996c906ee10,4b81296e5dd75a57ec2747997355f69bfd8a5d1068302c364c372acc996e4530,evt-7069b5f0bef44623a165dcdf5142ee74,45545,Alpha,SIM,vehicle-adapter,2026-08-15T05:18:05.866713Z,1.42,1.43,144,1.42,,fast-sim-Alpha,1,home,TAKING_OFF,true,true,true,simulated,98.50167202472741,-1.3473782583050462,0.0031583867442168565,0.2024092049475528,-1.3508614286357548,-0.0019009614753331204,0.20414767948542134,-0.0013289359430896928,-0.0022256869263423897,0.2510677248540536,0.0004683124466061952,-0.00028472319114348154,-1.7772819854294838e-07,,,,,99.68034841099215,4.19682646093929,4.041732862703669,2.0679146431579944,false,,false,modeled_transport,SIMULATED_MODEL,100.0,30.0,0.0,0.0007359602027293584,0.0012330518433895247,9.759879063196504,-0.0037400353205579895,-0.0023522630924368727,-4.80153692931609e-07,,,,,,-0.0013289358981608034,-0.00222568740659678,0.0,0.20414771014675684,99.73761770473658,DEGRADED,1.42,4.0,1.42,3.355926305934075,VALID,0.6523248585919439,VALID,2.003188106942988,VALID,1.997473419121202,VALID,2.3023385251266344,VALID,0.20786508777195992,VALID,crazyflie-6dof,2.0.0,65.86538214686634,0.0790384585762396,62.82399088163568,2.5391778851250257,0.07920794616513831,0.12,0.49685344842032064,false,100.0,false,65.88119985204051,0.0790574398224486,62.831791576755705,2.539493168383211,0.07921292783967789,0.12,0.49703452013215726,false,100.0,false,65.8872426706599,0.07906469120479188,62.83477113195155,2.539613594044724,0.07921393667971778,0.12,0.49710369833380347,false,100.0,false,65.87145596442504,0.07904574715731004,62.826986498849344,2.5392989599703912,0.07920898313991379,0.12,0.4969229762717129,false,100.0,false,[]
1,child-f9d0c0c9a9ae419f6470a221,py-f996c906ee10788ea67a,f996c906ee10,4b81296e5dd75a57ec2747997355f69bfd8a5d1068302c364c372acc996e4530,evt-eabd4fee96bf4fb5819f7ace978fbaee,45546,Alpha,SIM,vehicle-adapter,2026-08-15T05:18:05.874016Z,1.43,1.44,145,1.43,,fast-sim-Alpha,1,home,TAKING_OFF,true,true,true,simulated,98.48897500322983,-1.3474358656029524,0.002812974196020473,0.20795756415513694,-1.3508756568570774,-0.0019246925258264937,0.20665362810397722,-0.0013461839116980616,-0.0022642155948945576,0.2505948618555879,0.00043452148201437833,-0.0003058233916064149,-1.912684888508973e-07,,,,,99.67804692341343,4.196803484109922,4.041453072546917,2.071338820843974,false,,false,modeled_transport,SIMULATED_MODEL,100.0,30.0,0.0,0.0007445465317204138,0.001256721346129573,9.759364304095483,-0.0033790968593118103,-0.0021100204429173423,-4.0153002232366134e-07,,,,,,-0.0013461838424623355,-0.0022642160661291684,0.0,0.20665365727694882,99.73755719230145,DEGRADED,1.43,4.0,1.43,3.3502016661324685,VALID,0.6475920430193024,VALID,2.001048709983225,VALID,1.9996921960406837,VALID,2.291188439308835,VALID,0.2111274986520093,VALID,crazyflie-6dof,2.0.0,65.94811545715231,0.07913773854858278,62.863804533266574,2.5406111598295897,0.07919925897407003,0.12,0.49771154207218177,false,100.0,false,65.95043664223923,0.07914052397068708,62.86494780991458,2.5406573648188084,0.07920369532293774,0.12,0.4977381167457108,false,100.0,false,65.9696139980269,0.07916353679763227,62.87439176097156,2.5410390376689707,0.07921017672611132,0.12,0.49795768475027496,false,100.0,false,65.96732509478763,0.07916079011374516,62.873264739222364,2.5409934896138595,0.07920577115399184,0.12,0.4979314772758068,false,100.0,false,[]
1,child-f9d0c0c9a9ae419f6470a221,py-f996c906ee10788ea67a,f996c906ee10,4b81296e5dd75a57ec2747997355f69bfd8a5d1068302c364c372acc996e4530,evt-6f7c407f85494bbaa688b87293bf86df,45547,Alpha,SIM,vehicle-adapter,2026-08-15T05:18:05.888392Z,1.44,1.45,146,1.44,,fast-sim-Alpha,1,home,TAKING_OFF,true,true,true,simulated,98.5140585157001,-1.3465266223737007,0.0013332264919119342,0.20939813500554832,-1.3508901261961694,-0.0019486913899888312,0.20915425382925873,-0.0013657682272078565,-0.0022984643336584633,0.25006257252815056,0.00040558460698231306,-0.00032457960954454187,-2.0232897277161492e-07,,,,,99.67575338481099,4.196780469234135,4.041966613569938,2.0641847421910176,false,,false,modeled_transport,SIMULATED_MODEL,100.0,30.0,0.0,0.0007545845228587623,0.0012777004936698842,9.753421620102067,-0.0028936878520365657,-0.001875622093191324,-3.181876179589324e-07,,,,,,-0.0013657681366852706,-0.0022984647990403314,0.0,0.20915428204948228,99.73687133615306,DEGRADED,1.44,4.0,1.44,3.350190856960347,VALID,0.6495848971638873,VALID,1.999638432220654,VALID,1.9994857544077913,VALID,2.290457529020366,VALID,0.20975624211729565,VALID,crazyflie-6dof,2.0.0,65.78414597492014,0.07894097516990416,62.78222805257816,2.5376366971405493,0.0791481912407204,0.12,0.49594051210268153,false,100.0,false,65.78757696849868,0.07894509236219842,62.78392247700568,2.537705185210202,0.07915254936665136,0.12,0.4959797740045773,false,100.0,false,65.80259793412519,0.07896311752095021,62.7913395791783,2.5380049820037134,0.07916190444814553,0.12,0.4961516710346859,false,100.0,false,65.79920003435035,0.07895904004122041,62.789661913300655,2.5379371713090517,0.07915757933018928,0.12,0.49611278504907286,false,100.0,false,[]
1,child-f9d0c0c9a9ae419f6470a221,py-f996c906ee10788ea67a,f996c906ee10,4b81296e5dd75a57ec2747997355f69bfd8a5d1068302c364c372acc996e4530,evt-e86aaea10fd84dcf9eb35d39963997fb,45548,Alpha,SIM,vehicle-adapter,2026-08-15T05:18:05.899615Z,1.45,1.46,147,1.45,,fast-sim-Alpha,1,home,TAKING_OFF,true,true,true,simulated,98.51111578294571,-1.3490386326129886,0.0012247681995697143,0.21184284584545307,-1.3509048529407581,-0.0019729309489233565,0.2116491999802054,-0.001387210632637491,-0.0023291855557876573,0.24949461509466675,0.0003798471924498937,-0.0003425458179067496,-2.1169689366498932e-07,,,,,99.67345870196824,4.1967575338481105,4.041866441963269,2.065214558476547,false,,false,modeled_transport,SIMULATED_MODEL,100.0,30.0,0.0,0.0007657174290939895,0.0012965067016238504,9.749854777269906,-0.002573741765862913,-0.001796621065768356,-2.3123041501183512e-07,,,,,,-0.001387210524004297,-0.0023291860174877938,0.0,0.21164922766620126,99.73568676773051,DEGRADED,1.45,4.0,1.45,3.3483734375583194,VALID,0.6498097630586853,VALID,1.9997272855077906,VALID,1.9986516315643934,VALID,2.2879139830860535,VALID,0.21326526953450153,VALID,crazyflie-6dof,2.0.0,65.82573541593905,0.07899088249912686,62.801701177836875,2.5383608848890398,0.07912064890871118,0.12,0.4963681106311274,false,100.0,false,65.81822524813367,0.07898187029776041,62.79799448404806,2.538211065276683,0.07912168209678203,0.12,0.49628216581801077,false,100.0,false,65.81445122099896,0.07897734146519875,62.796131614841734,2.538135770591375,0.07912758565112299,0.12,0.49623897778930365,false,100.0,false,65.82199487246709,0.07898639384696049,62.79985506466309,2.538286267460188,0.07912658726289248,0.12,0.49632530423810495,false,100.0,false,[]
1,child-f9d0c0c9a9ae419f6470a221,py-f996c906ee10788ea67a,f996c906ee10,4b81296e5dd75a57ec2747997355f69bfd8a5d1068302c364c372acc996e4530,evt-ce0945cbb1154744ab9e38dfc79e8ddd,45549,Alpha,SIM,vehicle-adapter,2026-08-15T05:18:05.910051Z,1.46,1.47,148,1.46,,fast-sim-Alpha,1,home,TAKING_OFF,true,true,true,simulated,98.49591381525532,-1.3469847608892493,0.0008570962920173061,0.21328877772392763,-1.3509198493382555,-0.0019973860155020093,0.214138131327275,-0.0014109025990898178,-0.0023569295362739664,0.2488931347069565,0.00035588227117532044,-0.00035652509771353535,-2.1825635275845826e-07,,,,,99.67116509065056,4.196734587019683,4.041915823076177,2.0642501859132176,false,,false,modeled_transport,SIMULATED_MODEL,100.0,30.0,0.0,0.0007783440446739315,0.0013135304091191008,9.746502452915285,-0.002396492356848373,-0.00139792812751412,-1.4169743480458592e-07,,,,,,-0.0014109024733944791,-0.0023569299934675376,0.0,0.21413815849737353,99.73455593161123,DEGRADED,1.46,4.0,1.46,3.3518622093825865,VALID,0.6493422044309248,VALID,2.0044883598313548,VALID,1.995484814141626,VALID,2.2883449111576355,VALID,0.213182846098766,VALID,crazyflie-6dof,2.0.0,65.79022618177774,0.07894827141813329,62.783239508028764,2.5376456919148285,0.07908925208452598,0.12,0.4959519003668266,false,100.0,false,65.81473233626544,0.07897767880351853,62.79533838391055,2.5381347182935086,0.0790973437231638,0.12,0.49623231155940284,false,100.0,false,65.80954886187538,0.07897145863425045,62.79277966944421,2.5380312972086263,0.07910023281464595,0.12,0.4961729970258863,false,100.0,false,65.78507628717668,0.07894209154461201,62.78069634569691,2.537542899434131,0.07909217735123403,0.12,0.49589297696110174,false,100.0,false,[]
1,child-f9d0c0c9a9ae419f6470a221,py-f996c906ee10788ea67a,f996c906ee10,4b81296e5dd75a57ec2747997355f69bfd8a5d1068302c364c372acc996e4530,evt-3045ba68264a4f1b8d35198a269c33c1,45550,Alpha,SIM,vehicle-adapter,2026-08-15T05:18:05.922165Z,1.47,1.48,149,1.47,,fast-sim-Alpha,1,home,TAKING_OFF,true,true,true,simulated,98.48345686725419,-1.3478353563250174,0.0014478801058074985,0.21636399238650897,-1.350935124816135,-0.0020220317378816274,0.21662088511831995,-0.0014362644339323979,-0.002382134920261975,0.24827537910449815,0.0003320381253436506,-0.00036766773623362367,-2.2259586441190206e-07,,,,,99.66887034361791,4.196711650906506,4.041816226203474,2.065272329389351,false,,false,modeled_transport,SIMULATED_MODEL,100.0,30.0,0.0,0.0007920726360093108,0.0013291113774586366,9.744874903055258,-0.002384414740412126,-0.0011142639354479475,-5.068870333904272e-08,,,,,,-0.0014362642915661437,-0.0023821353712828366,0.0,0.21662091170083284,99.73360952915014,DEGRADED,1.47,4.0,1.47,3.3534706227711144,VALID,0.6503542527544669,VALID,1.9988212982562819,VALID,1.9973478108646063,VALID,2.2796773762949196,VALID,0.21518273633390927,VALID,crazyflie-6dof,2.0.0,65.83153401255944,0.07899784081507133,62.8027066210941,2.538369986706345,0.07907649367626526,0.12,0.4963794993487863,false,100.0,false,65.83031478761416,0.07899637774513699,62.802104970662064,2.538345669101558,0.07908221045787965,0.12,0.49636554818772477,false,100.0,false,65.8207824243815,0.07898493890925781,62.79740062368306,2.5381555280420236,0.07908153642782809,0.12,0.4962564755081775,false,100.0,false,65.82203488679129,0.07898644186414955,62.798018772459855,2.5381805124795855,0.0790758567514186,0.12,0.49627080634466275,false,100.0,false,[]
1,child-f9d0c0c9a9ae419f6470a221,py-f996c906ee10788ea67a,f996c906ee10,4b81296e5dd75a57ec2747997355f69bfd8a5d1068302c364c372acc996e4530,evt-f428befab3b6455c8f4199d5a65b65dc,45551,Alpha,SIM,vehicle-adapter,2026-08-15T05:18:05.937106Z,1.4899999999999998,1.4999999999999998,151,1.4899999999999998,,fast-sim-Alpha,1,home,TAKING_OFF,true,true,true,simulated,98.489032592609,-1.3467218990099443,0.003160253152601565,0.2208779966118937,-1.3509665334195144,-0.002071798382758679,0.22156656510011424,-0.0014910230594006244,-0.002424756577806532,0.24693935286208257,0.0002864885705776256,-0.0003797954549337627,-2.246550766638067e-07,,,,,99.66428889907071,4.196665780853654,4.042145705960265,2.0602676652264678,false,,false,modeled_transport,SIMULATED_MODEL,100.0,30.0,0.0,0.000822375806632782,0.001355748507199813,9.737721155654551,-0.0021691778906586523,-0.0004402028357006579,1.315389562307339e-07,,,,,,-0.0014910228860333657,-0.0024247570122791855,0.0,0.22156659017262065,99.7325024509961,DEGRADED,1.4899999999999998,4.0,1.4899999999999998,3.350686475037949,VALID,0.6443706788811433,VALID,2.003355821888927,VALID,2.0016640544673208,VALID,2.278997497342059,VALID,0.22160152915079362,VALID,crazyflie-6dof,2.0.0,65.70290405607028,0.07884348486728433,62.73748911004427,2.5359407220889434,0.07901066770515547,0.12,0.494947247460609,false,100.0,false,65.70856938225566,0.07885028325870679,62.74029046487178,2.536053956932812,0.07901769565243884,0.12,0.49501204296404205,false,100.0,false,65.72381396580215,0.07886857675896257,62.74782721299484,2.5363586032734378,0.07902152122058774,0.12,0.49518640710762635,false,100.0,false,65.71818018423674,0.07886181622108408,62.74504215605613,2.536246027213981,0.07901453094658112,0.12,0.49512196769419015,false,100.0,false,[]
1,child-f9d0c0c9a9ae419f6470a221,py-f996c906ee10788ea67a,f996c906ee10,4b81296e5dd75a57ec2747997355f69bfd8a5d1068302c364c372acc996e4530,evt-d171ecc7b93f4595902c68023ba10048,45552,Alpha,SIM,vehicle-adapter,2026-08-15T05:18:05.948187Z,1.4999999999999998,1.5099999999999998,152,1.4999999999999998,,fast-sim-Alpha,1,home,TAKING_OFF,true,true,true,simulated,98.47088324988371,-1.3476961430717633,0.0011216196772122662,0.22364729318947182,-1.350982669991257,-0.002096878954050214,0.22402887470951516,-0.0015194959342289072,-0.0024417480530398695,0.246230960940094,0.00026929496139048437,-0.0003824082342372382,-2.2317366926606785e-07,,,,,99.66199803946932,4.1966428889907075,4.042009865897411,2.0617736412443586,false,,false,modeled_transport,SIMULATED_MODEL,100.0,30.0,0.0,0.0008383374507198674,0.0013663140802935225,9.735811184154807,-0.0017193608622997677,-0.0002612778791018167,2.2074770784677705e-07,,,,,,-0.0015194957518502702,-0.0024417484806888183,0.0,0.22402889921332864,99.73185206186831,DEGRADED,1.4999999999999998,4.0,1.4999999999999998,3.3489358621076804,VALID,0.6477769253886021,VALID,2.003928419129691,VALID,1.997314584893757,VALID,2.276031465912391,VALID,0.22528065657309204,VALID,crazyflie-6dof,2.0.0,65.74324157995332,0.07889188989594398,62.756458592395106,2.5366222477924336,0.07899130380555454,0.12,0.4953539962865349,false,100.0,false,65.73822021012185,0.07888586425214622,62.75397712548026,2.5365219466549167,0.07899508639820361,0.12,0.4952965647417494,false,100.0,false,65.75886078079695,0.07891063293695633,62.76417599807961,2.5369341860915924,0.07900412190715189,0.12,0.49553264852737927,false,100.0,false,65.7639123957821,0.07891669487493852,62.766671563190044,2.5370350570795663,0.07900037665265389,0.12,0.49559043168869493,false,100.0,false,[]
1,child-f9d0c0c9a9ae419f6470a221,py-f996c906ee10788ea67a,f996c906ee10,4b81296e5dd75a57ec2747997355f69bfd8a5d1068302c364c372acc996e4530,evt-12569a068fdf4c0b9a2d3cfd0bce5deb,45553,Alpha,SIM,vehicle-adapter,2026-08-15T05:18:05.959692Z,1.5099999999999998,1.5199999999999998,153,1.5099999999999998,,fast-sim-Alpha,1,home,TAKING_OFF,true,true,true,simulated,98.47458402827768,-1.347451457913988,0.0019485489899237394,0.22639097585576012,-1.3509990936102076,-0.0021220699535605186,0.226483835970342,-0.0015484034564951718,-0.0024565531354174383,0.24549612608268356,0.0002547759955325187,-0.0003827268290213205,-2.20182135821131e-07,,,,,99.65970902845169,4.1966199803946935,4.042111736704246,2.0601099158655747,false,,false,modeled_transport,SIMULATED_MODEL,100.0,30.0,0.0,0.000854672237585119,0.0013754944759332584,9.733166865460278,-0.0014518964713757132,-3.185939892650871e-05,3.075016259124425e-07,,,,,,-0.0015484032685485053,-0.0024565535560765964,0.0,0.22648385990862452,99.73129151455427,DEGRADED,1.5099999999999998,4.0,1.5099999999999998,3.35063080472783,VALID,0.6503815983593711,VALID,2.0016562991559614,VALID,1.9983978239394204,VALID,2.2732564283438816,VALID,0.22829361426370873,VALID,crazyflie-6dof,2.0.0,65.71335054051424,0.07885602064861709,62.740863751990815,2.536055817428841,0.0789682900122782,0.12,0.4950172676569086,false,100.0,false,65.72044773966677,0.07886453728760011,62.74437238522871,2.5361976403047475,0.07897325095592589,0.12,0.4950984337116755,false,100.0,false,65.71512185835194,0.07885814623002231,62.74173947451248,2.53609121511167,0.07897845123728421,0.12,0.49503752481061,false,100.0,false,65.7080534168029,0.07884966410016346,62.7382447525086,2.535949954543386,0.07897352693618868,0.12,0.4949566896863804,false,100.0,false,[]
1,child-f9d0c0c9a9ae419f6470a221,py-f996c906ee10788ea67a,f996c906ee10,4b81296e5dd75a57ec2747997355f69bfd8a5d1068302c364c372acc996e4530,evt-8185ee155df940028fdda44285450105,45554,Alpha,SIM,vehicle-adapter,2026-08-15T05:18:05.971635Z,1.5199999999999998,1.5299999999999998,154,1.5199999999999998,,fast-sim-Alpha,1,home,TAKING_OFF,true,true,true,simulated,98.47314902941142,-1.3477748532789269,0.0020313527658599477,0.22800829377692702,-1.3510158006570094,-0.0021473589960473902,0.22893113244031896,-0.001577502815443787,-0.0024694476299447093,0.24472964699769595,0.0002429470331463949,-0.00038083408070287687,-2.1580074587538358e-07,,,,,99.65742183038095,4.196597090284517,4.042211220508928,2.0584782636657324,false,,false,modeled_transport,SIMULATED_MODEL,100.0,30.0,0.0,0.0008712382180041133,0.001383444859827766,9.73000241634191,-0.0011828960713532789,0.0001892749350225757,3.910357282906466e-07,,,,,,-0.0015775026254108608,-0.0024694480432483736,0.0,0.22893115579791887,99.73084196597702,DEGRADED,1.5199999999999998,4.0,1.5199999999999998,3.3494673576077023,VALID,0.6485488410755184,VALID,2.0008800805888627,VALID,1.9940818015895216,VALID,2.2692178388182422,VALID,0.22894116093573116,VALID,crazyflie-6dof,2.0.0,65.67394025507939,0.07880872830609527,62.72051600462256,2.535295735499951,0.07893964652876148,0.12,0.494570304477067,false,100.0,false,65.67775425269548,0.07881330510323457,62.72240277526303,2.5353720027544853,0.07894451302660625,0.12,0.4946139148343957,false,100.0,false,65.68254309547773,0.07881905171457328,62.724771630352194,2.535467756880697,0.0789498503682857,0.12,0.49466867297931216,false,100.0,false,65.67875618706803,0.07881450742448164,62.72289840886067,2.535392037311382,0.07894501949246872,0.12,0.49462537137495755,false,100.0,false,[]
1,child-f9d0c0c9a9ae419f6470a221,py-f996c906ee10788ea67a,f996c906ee10,4b81296e5dd75a57ec2747997355f69bfd8a5d1068302c364c372acc996e4530,evt-84e009cbef2345dcaac083821a3ac221,45555,Alpha,SIM,vehicle-adapter,2026-08-15T05:18:05.984381Z,1.5399999999999998,1.5499999999999998,156,1.5399999999999998,,fast-sim-Alpha,1,home,TAKING_OFF,true,true,true,simulated,98.51334992007124,-1.348322198913456,0.0008738480589557682,0.23378631225224245,-1.3510500404928705,-0.0021981954121060815,0.23380205843185362,-0.001635150043445953,-0.0024906593856179686,0.24314738829672977,0.00022712900152484287,-0.0003717979430410264,-2.0351689078790997e-07,,,,,99.65284624020899,4.196551339664855,4.0421298160019425,2.0589536488487754,false,,false,modeled_transport,SIMULATED_MODEL,100.0,30.0,0.0,0.0009043494933882595,0.0013963214546389587,9.726868013802891,-0.0006778342203772143,0.0004493567480784636,5.458188436625137e-07,,,,,,-0.001635149859897567,-0.002490659782642129,0.0,0.23380208062215968,99.73018932248961,DEGRADED,1.5399999999999998,4.0,1.5399999999999998,3.350104905343488,VALID,0.6503646692826187,VALID,2.0002598238438303,VALID,1.9983845937505464,VALID,2.2673675385808174,VALID,0.23462460390297424,VALID,crazyflie-6dof,2.0.0,65.70044292425324,0.07884053150910388,62.731937654752926,2.5357063560985176,0.07891034955976156,0.12,0.49481510793333483,false,100.0,false,65.68582908540674,0.07882299490248808,62.72471049524494,2.5354142249291955,0.07891043277617796,0.12,0.49464802092689397,false,100.0,false,65.68701527851917,0.078824418334223,62.725297182631934,2.535437939594992,0.0789150398521988,0.12,0.4946615828053095,false,100.0,false,65.70165241865772,0.07884198290238927,62.732535722794005,2.535730530785126,0.07891498937390248,0.12,0.49482893718323706,false,100.0,false,[]
1,child-f9d0c0c9a9ae419f6470a221,py-f996c906ee10788ea67a,f996c906ee10,4b81296e5dd75a57ec2747997355f69bfd8a5d1068302c364c372acc996e4530,evt-7359f27e606344d1a1366fc4fb00687b,45556,Alpha,SIM,vehicle-adapter,2026-08-15T05:18:05.994930Z,1.5499999999999998,1.5599999999999998,157,1.5499999999999998,,fast-sim-Alpha,1,home,TAKING_OFF,true,true,true,simulated,98.54836713944498,-1.3472215906135843,0.0020832519771759594,0.23710658192603226,-1.3510675592830736,-0.002223728699494125,0.23622516493943707,-0.001663324662109015,-0.0024998421134066868,0.24231065075834812,0.00022073475580442677,-0.00036545616012180964,-1.9593666409487731e-07,,,,,99.65056274588174,4.19652846240209,4.042392595311949,2.055144894511468,false,,false,modeled_transport,SIMULATED_MODEL,100.0,30.0,0.0,0.0009206391774819679,0.0014018706695252063,9.722976486428484,-0.0006394242926161374,0.0006341784457718967,6.160098636702841e-07,,,,,,-0.0016633244850330529,-0.0024998425002138776,0.0,0.23622518646924062,99.73007190429833,DEGRADED,1.5499999999999998,4.0,1.5499999999999998,3.354277007114302,VALID,0.6477974837275927,VALID,2.0018038297584853,VALID,1.9975682751758854,VALID,2.261424093162519,VALID,0.2396159714991587,VALID,crazyflie-6dof,2.0.0,65.60435073121073,0.07872522087745289,62.6836378516615,2.533918734987722,0.07887556305106562,0.12,0.49376137476625653,false,100.0,false,65.61838198540586,0.07874205838248703,62.69058617431402,2.534199613468126,0.07887981393067406,0.12,0.49392175918775005,false,100.0,false,65.60868767081985,0.07873042520498381,62.68578568994807,2.5340055590435777,0.07888038228040416,0.12,0.4938109470582655,false,100.0,false,65.59467771467203,0.07871361325760644,62.67884680588595,2.5337250621080534,0.07887616236043718,0.12,0.493650813499196,false,100.0,false,[]
1,child-f9d0c0c9a9ae419f6470a221,py-f996c906ee10788ea67a,f996c906ee10,4b81296e5dd75a57ec2747997355f69bfd8a5d1068302c364c372acc996e4530,evt-bd6d95b7dba24cf6927992a3bfa3cbe2,45557,Alpha,SIM,vehicle-adapter,2026-08-15T05:18:06.005755Z,1.5599999999999998,1.5699999999999998,158,1.5599999999999998,,fast-sim-Alpha,1,home,TAKING_OFF,true,true,true,simulated,98.5511701756842,-1.3469199603928088,0.00279446866967513,0.23846367416886863,-1.3510853321093634,-0.0022493306217661966,0.23863939930355216,-0.0016909021404347348,-0.0025081894830823715,0.24142343641150565,0.00021539959113049567,-0.00035779486295912065,-1.8745745777503703e-07,,,,,99.64828242750416,4.1965056274588175,4.0425841369723585,2.0522865398353365,false,,false,modeled_transport,SIMULATED_MODEL,100.0,30.0,0.0,0.0009366642704906007,0.001406888584649488,9.717928774611478,-0.000533516160764645,0.0007661298829630231,6.808528159764944e-07,,,,,,-0.0016909019717914627,-0.002508189858240766,0.0,0.23863942011459716,99.73010943261974,DEGRADED,1.5599999999999998,4.0,1.5599999999999998,3.351112892813344,VALID,0.6471963749510554,VALID,2.001641091751824,VALID,2.0044561171226607,VALID,2.261570399205315,VALID,0.24087403290080467,VALID,crazyflie-6dof,2.0.0,65.53919333545191,0.07864703200254229,62.65044246172313,2.5326968487006143,0.07883121279314605,0.12,0.4930408605004313,false,100.0,false,65.5390737618664,0.07864688851423969,62.650383178724965,2.5326944521355346,0.0788343715361928,0.12,0.4930394940842373,false,100.0,false,65.54456973606307,0.07865348368327567,62.6531078889045,2.532804600837031,0.07883643935830074,0.12,0.49310229963430446,false,100.0,false,65.54470851995843,0.07865365022395011,62.65317668986449,2.532807382173725,0.07883330961560099,0.12,0.49310388561636354,false,100.0,false,[]
1,child-f9d0c0c9a9ae419f6470a221,py-f996c906ee10788ea67a,f996c906ee10,4b81296e5dd75a57ec2747997355f69bfd8a5d1068302c364c372acc996e4530,evt-cbaae802b94a4973892aeddedacc426b,45558,Alpha,SIM,vehicle-adapter,2026-08-15T05:18:06.016391Z,1.5699999999999998,1.5799999999999998,159,1.5699999999999998,,fast-sim-Alpha,1,home,TAKING_OFF,true,true,true,simulated,98.54845729459903,-1.3473230698048984,0.0007580485293197238,0.2413113477824786,-1.3511033495133116,-0.0022749981673684592,0.24104447843853558,-0.001717618781598496,-0.0025155725192718918,0.24050791349834433,0.00021280717767520983,-0.00034976480430065767,-1.7833794311454344e-07,,,,,99.64600094200591,4.196482824275042,4.042482553142536,2.0533369484157316,false,,false,modeled_transport,SIMULATED_MODEL,100.0,30.0,0.0,0.0009522228624878211,0.001411208840983548,9.715097889547431,-0.0002592410228987083,0.0008030060426981833,7.40025115824855e-07,,,,,,-0.0017176186252795102,-0.0025155728825496946,0.0,0.24104449864075328,99.73004471400056,DEGRADED,1.5699999999999998,4.0,1.5699999999999998,3.3557804006720926,VALID,0.6504156251190126,VALID,2.0023765232261272,VALID,1.9991598219490325,VALID,2.2570435393731634,VALID,0.24352373165937272,VALID,crazyflie-6dof,2.0.0,65.56396145369915,0.07867675374443897,62.66171079772048,2.533088726498483,0.07880372248714071,0.12,0.493276734111406,false,100.0,false,65.55975615519738,0.07867170738623686,62.65962668215693,2.533004476490439,0.07880484095735694,0.12,0.49322867932739634,false,100.0,false,65.57401666324641,0.07868881999589569,62.66669350049008,2.533290151388619,0.07881065154503053,0.12,0.4933916409152614,false,100.0,false,65.57823903224296,0.07869388683869155,62.668785583295836,2.533374723471039,0.07880955996343049,0.12,0.4934398940616677,false,100.0,false,[]
1,child-f9d0c0c9a9ae419f6470a221,py-f996c906ee10788ea67a,f996c906ee10,4b81296e5dd75a57ec2747997355f69bfd8a5d1068302c364c372acc996e4530,evt-20b5519899534559a6c27f7ce8f06700,45559,Alpha,SIM,vehicle-adapter,2026-08-15T05:18:06.027174Z,1.5799999999999998,1.5899999999999999,160,1.5799999999999998,,fast-sim-Alpha,1,home,TAKING_OFF,true,true,true,simulated,98.55159872756826,-1.3475906998292118,0.0026261531198220446,0.2418941725825195,-1.3511216017442809,-0.002300728755570414,0.24344005119874976,-0.0017434371990013191,-0.0025225962839970383,0.23955727602141796,0.00021064819997172187,-0.0003414027033238799,-1.6863452415756798e-07,,,,,99.64372159684783,4.1964600094200595,4.042604211250527,2.051410642286787,false,,false,modeled_transport,SIMULATED_MODEL,100.0,30.0,0.0,0.0009672917662860605,0.0014153018185165272,9.711586405376416,-0.0002158974350144962,0.0008362102843883019,7.93292985983513e-07,,,,,,-0.001743437056623039,-0.0025225966339678715,0.0,0.24344007078696836,99.73003417651056,DEGRADED,1.5799999999999998,4.0,1.5799999999999998,3.350578090353541,VALID,0.6487460196275985,VALID,2.001400652131203,VALID,2.000936353074166,VALID,2.257572491554654,VALID,0.24430410006243913,VALID,crazyflie-6dof,2.0.0,65.53167329771676,0.07863800795726011,62.64482273788907,2.5324822421323314,0.07877402998955425,0.12,0.49291606737906063,false,100.0,false,65.532377824668,0.07863885338960161,62.64517206346785,2.53249636398289,0.07877508080146654,0.12,0.49292411723265006,false,100.0,false,65.52056671713147,0.07862468006055776,62.63931522517087,2.53225959519125,0.0787759216159944,0.12,0.492789168303242,false,100.0,false,65.51987711038608,0.07862385253246329,62.63897323080877,2.5322457697127656,0.0787748954640799,0.12,0.4927812893718347,false,100.0,false,[]
1,child-f9d0c0c9a9ae419f6470a221,py-f996c906ee10788ea67a,f996c906ee10,4b81296e5dd75a57ec2747997355f69bfd8a5d1068302c364c372acc996e4530,evt-07a4a759fd554718bdef6b91973b5a01,45560,Alpha,SIM,vehicle-adapter,2026-08-15T05:18:06.033777Z,1.5899999999999999,1.5999999999999999,161,1.5899999999999999,,fast-sim-Alpha,1,home,TAKING_OFF,true,true,true,simulated,98.53291359019455,-1.3495482076846894,0.0016186621464132096,0.24636523318874087,-1.351140078484336,-0.002326521741331034,0.24582606970984264,-0.0017683862364525238,-0.002529102507676044,0.23860185110928778,0.0002103749054475435,-0.00033229996225768086,-1.5831336009059232e-07,,,,,99.64143939583036,4.196437215968478,4.0423886472885275,2.0539809157164854,false,,false,modeled_transport,SIMULATED_MODEL,100.0,30.0,0.0,0.0009819099655352164,0.0014189974247672018,9.711107635038205,-2.732910474805708e-05,0.0009102743037291692,8.404931111206226e-07,,,,,,-0.001768386110500706,-0.0025291028436011916,0.0,0.2458260887221383,99.73001420688327,DEGRADED,1.5899999999999999,4.0,1.5899999999999999,3.349579172510813,VALID,0.6498181344986574,VALID,2.0040134808382244,VALID,1.9962868511518204,VALID,2.2555803196872493,VALID,0.2443539667747695,VALID,crazyflie-6dof,2.0.0,65.58098692542137,0.07869718431050564,62.66833226438,2.5332975489003506,0.078763862560637,0.12,0.4934073231682849,false,100.0,false,65.58491033757082,0.07870189240508497,62.67027594613879,2.5333761200711074,0.07876582314559878,0.12,0.4934521537067839,false,100.0,false,65.5963666361909,0.07871563996342908,62.67595074466483,2.5336055174824805,0.07876987407648801,0.12,0.4935830629521629,false,100.0,false,65.59245599489341,0.0787109471938721,62.67401375604423,2.5335272168743823,0.07876793583430251,0.12,0.4935383758892536,false,100.0,false,[]
1,child-f9d0c0c9a9ae419f6470a221,py-f996c906ee10788ea67a,f996c906ee10,4b81296e5dd75a57ec2747997355f69bfd8a5d1068302c364c372acc996e4530,evt-c012cbd6643a421090addf3ba5ae0609,45561,Alpha,SIM,vehicle-adapter,2026-08-15T05:18:06.049595Z,1.5999999999999999,1.6099999999999999,162,1.5999999999999999,,fast-sim-Alpha,1,home,TAKING_OFF,true,true,true,simulated,98.5232183212547,-1.3486576766991658,0.00019424045169994138,0.24755949764532498,-1.3511587650897914,-0.002352377558690393,0.2482021015684358,-0.001792896342694216,-0.0025353815317431345,0.23760318585931395,0.00021127653596254167,-0.0003188671042187403,-1.4666616396412398e-07,,,,,99.63916297335052,4.196414393958304,4.042755876569723,2.0487802318428874,false,,false,modeled_transport,SIMULATED_MODEL,100.0,30.0,0.0,0.000996520079951445,0.0014224993286440352,9.706783566823766,9.016343071332946e-05,0.0013432860196144075,8.815203294307726e-07,,,,,,-0.0017928962327934611,-0.0025353818512872375,0.0,0.24820211972615844,99.73049455249452,DEGRADED,1.5999999999999999,4.0,1.5999999999999999,3.3519276198923933,VALID,0.6454259382073324,VALID,2.0004059673246535,VALID,1.9966468043744525,VALID,2.2549135220096144,VALID,0.24642486583297527,VALID,crazyflie-6dof,2.0.0,65.45550290268997,0.07854660348322795,62.60537763382096,2.5309825833399637,0.07872175670610006,0.12,0.49204344698731045,false,100.0,false,65.48365809824742,0.07858038971789691,62.619351866800876,2.5315475274649653,0.07873163487810657,0.12,0.4923650502689873,false,100.0,false,65.4820435635304,0.07857845227623647,62.618550702586596,2.5315151383516112,0.07873419709273334,0.12,0.49234660704064814,false,100.0,false,65.45389898790216,0.0785446787854826,62.60458136893943,2.5309503922946726,0.07872433888112816,0.12,0.4920251275459416,false,100.0,false,[]
1,child-f9d0c0c9a9ae419f6470a221,py-f996c906ee10788ea67a,f996c906ee10,4b81296e5dd75a57ec2747997355f69bfd8a5d1068302c364c372acc996e4530,evt-4a591a77bd2745d589fe2085d676548a,45562,Alpha,SIM,vehicle-adapter,2026-08-15T05:18:06.061011Z,1.6099999999999999,1.6199999999999999,163,1.6099999999999999,,fast-sim-Alpha,1,home,TAKING_OFF,true,true,true,simulated,98.52722134045754,-1.3494736034302175,0.0008996481884890697,0.2499711060414159,-1.351177641891006,-0.0023782948887393356,0.2505679391466208,-0.0018166668811351336,-0.002541966955994976,0.23658375781850072,0.00021035183768831797,-0.00030015968988138063,-1.3356003669697705e-07,,,,,99.63688510439006,4.1963916297335055,4.042635474901672,2.050082064422224,false,,false,modeled_transport,SIMULATED_MODEL,100.0,30.0,0.0,0.0010110044354248722,0.0014262758697123328,9.704707244319113,-9.246942177018188e-05,0.0018707416685161448,9.162338036672142e-07,,,,,,-0.0018166667839646052,-0.0025419672548673993,0.0,0.25056795597773796,99.7318299778366,DEGRADED,1.6099999999999999,4.0,1.6099999999999999,3.351910550988093,VALID,0.6450928556987819,VALID,2.002942458065613,VALID,1.9994508769434223,VALID,2.248001136947408,VALID,0.2500199565051326,VALID,crazyflie-6dof,2.0.0,65.50372633998767,0.0786044716079852,62.62834317145721,2.5318356183924884,0.0787028074682726,0.12,0.49254379387653596,false,100.0,false,65.5194601419435,0.0786233521703322,62.63614676911515,2.532151089399727,0.0787149268615418,0.12,0.49272352510412654,false,100.0,false,65.49964571038481,0.07859957485246177,62.626318943339186,2.5317537862284962,0.0787109381640535,0.12,0.49249718201738174,false,100.0,false,65.48392027608388,0.07858070433130065,62.618516942384396,2.5314383797701456,0.07869883626853746,0.12,0.4923175634241801,false,100.0,false,[]
1,child-f9d0c0c9a9ae419f6470a221,py-f996c906ee10788ea67a,f996c906ee10,4b81296e5dd75a57ec2747997355f69bfd8a5d1068302c364c372acc996e4530,evt-ae409ecb29294644959dca5243f64cdf,45563,Alpha,SIM,vehicle-adapter,2026-08-15T05:18:06.072971Z,1.6199999999999999,1.63,164,1.6199999999999999,,fast-sim-Alpha,1,home,TAKING_OFF,true,true,true,simulated,98.54922558017786,-1.3491123383534125,0.0008413154132648902,0.2520088739983091,-1.3511966823421706,-0.0024042696782960865,0.25292335102546576,-0.0018394251144844755,-0.0025488054795772515,0.23554118788449685,0.00020664440287184843,-0.000274345698208442,-1.187332989365911e-07,,,,,99.63460850102506,4.196368851043901,4.042698123906273,2.0489430285058994,false,,false,modeled_transport,SIMULATED_MODEL,100.0,30.0,0.0,0.0010253103791012476,0.0014303499522144991,9.702393002019965,-0.00037074305574535526,0.0025813994204677273,9.444568125622486e-07,,,,,,-0.0018394250255759589,-0.0025488057523976814,0.0,0.2529233659438304,99.73434333967027,DEGRADED,1.6199999999999999,4.0,1.6199999999999999,3.3534905563049517,VALID,0.6476805964238228,VALID,2.0030028112351257,VALID,1.9984164597399803,VALID,2.246178693406938,VALID,0.253583414109363,VALID,crazyflie-6dof,2.0.0,65.47030356716544,0.07856436428059853,62.6109326626079,2.5311710001114696,0.07867867788635984,0.12,0.49215771542376496,false,100.0,false,65.49456150563482,0.07859347380676178,62.62296967269966,2.5316576200926235,0.07869502581182725,0.12,0.4924347793676614,false,100.0,false,65.48396595984526,0.07858075915181433,62.617712659973925,2.5314450949377867,0.0786888658519815,0.12,0.4923137575494597,false,100.0,false,65.4597140184139,0.07855165682209668,62.60567651835077,2.530958510066197,0.07867253286601229,0.12,0.49203677616501346,false,100.0,false,[]
1,child-f9d0c0c9a9ae419f6470a221,py-f996c906ee10788ea67a,f996c906ee10,4b81296e5dd75a57ec2747997355f69bfd8a5d1068302c364c372acc996e4530,evt-b2f5ba493490472e956ea126835685d5,45564,Alpha,SIM,vehicle-adapter,2026-08-15T05:18:06.084388Z,1.64,1.65,166,1.64,,fast-sim-Alpha,1,home,TAKING_OFF,true,true,true,simulated,98.54194241424658,-1.347675963645615,0.0019275929751466684,0.2579287161208237,-1.3512351122645148,-0.002456359196330178,0.25760194070525166,-0.0018791719438482617,-0.0025622357116680764,0.23337958872707268,0.00018954171414592614,-0.0002004612521996471,-8.461344944686709e-08,,,,,99.63005975933979,4.1963233236551885,4.042922406574015,2.045345561108993,false,,false,modeled_transport,SIMULATED_MODEL,100.0,30.0,0.0,0.0010518931464565274,0.0014388959159045618,9.696670832971467,-0.0009916293297638377,0.00405819465526127,9.804944535890757e-07,,,,,,-0.0018791718621597683,-0.00256223591669681,0.0,0.2576019505083936,99.7431016140701,DEGRADED,1.64,4.0,1.64,3.3482776607215508,VALID,0.6500990265706699,VALID,2.0047046983147787,VALID,1.9950454465184722,VALID,2.2417093004524573,VALID,0.2597006150707943,VALID,crazyflie-6dof,2.0.0,65.39079489227687,0.07846895387073224,62.5698132308695,2.529648998862336,0.07862302324768637,0.12,0.49126481242667075,false,100.0,false,65.40475050521619,0.07848570060625942,62.57674765594449,2.5299293522874597,0.07864030930522473,0.12,0.49142415126714745,false,100.0,false,65.40333269954728,0.07848399923945673,62.57604323349257,2.529900873034314,0.07863402758104383,0.12,0.49140796291969996,false,100.0,false,65.38937790393764,0.07846725348472516,62.569109051860984,2.5296205294514182,0.07861675098330503,0.12,0.4912486344954744,false,100.0,false,[]
1,child-f9d0c0c9a9ae419f6470a221,py-f996c906ee10788ea67a,f996c906ee10,4b81296e5dd75a57ec2747997355f69bfd8a5d1068302c364c372acc996e4530,evt-de1e50dd239d49f0be82fec6d9819c43,45565,Alpha,SIM,vehicle-adapter,2026-08-15T05:18:06.095371Z,1.65,1.66,167,1.65,,fast-sim-Alpha,1,home,TAKING_OFF,true,true,true,simulated,98.52204147978242,-1.3488248572009724,0.0015910984338242226,0.2596531962046517,-1.3512544163143212,-0.002482452483373268,0.2599243578177721,-0.0018942764772496867,-0.00256791366633767,0.23224171125204565,0.0001783267312112939,-0.00015556371458320264,-6.647699423270907e-08,,,,,99.62778872707896,4.196300597593398,4.0430059199874115,2.043929034734609,false,,false,modeled_transport,SIMULATED_MODEL,100.0,30.0,0.0,0.0010629281776059324,0.0014427299556949227,9.692862101269464,-0.0011214979706234386,0.004489754020112479,9.878260988244088e-07,,,,,,-0.0018942764007002409,-0.0025679138330938437,0.0,0.25992436509571826,99.74861006197892,DEGRADED,1.65,4.0,1.65,3.3507214862754364,VALID,0.6483825526714591,VALID,2.0035012804600725,VALID,1.9987758335704284,VALID,2.2372447640048105,VALID,0.2610040588393499,VALID,crazyflie-6dof,2.0.0,65.36696044639795,0.07844035253567755,62.55704357696664,2.529184975185866,0.07858920164707138,0.12,0.4909910466791088,false,100.0,false,65.36045881452735,0.07843255057743281,62.55381119674483,2.5290542898621418,0.07860025091832691,0.12,0.4909168260646245,false,100.0,false,65.36542171340064,0.07843850605608077,62.55627860506298,2.529154047326515,0.07859701182502121,0.12,0.49097348077065206,false,100.0,false,65.37192142389307,0.07844630570867167,62.55950976451985,2.5292846832946405,0.07858596908908715,0.12,0.49104768122022346,false,100.0,false,[]
1,child-f9d0c0c9a9ae419f6470a221,py-f996c906ee10788ea67a,f996c906ee10,4b81296e5dd75a57ec2747997355f69bfd8a5d1068302c364c372acc996e4530,evt-f8c8729d31de491ea8e96469e184a506,45566,Alpha,SIM,vehicle-adapter,2026-08-15T05:18:06.105783Z,1.66,1.67,168,1.66,,fast-sim-Alpha,1,home,TAKING_OFF,true,true,true,simulated,98.52213516496515,-1.349797605078121,0.0027410630909050684,0.26263108153998266,-1.3512737168130564,-0.0025085624093156875,0.2622351374552054,-0.0019053361204336415,-0.002572542603833359,0.2310779637433256,0.00016639356373963443,-0.00010694954715476032,-4.8219572195946455e-08,,,,,99.62551754102687,4.1962778872707895,4.042972828755174,2.044067446895787,false,,false,modeled_transport,SIMULATED_MODEL,100.0,30.0,0.0,0.0010718812676215948,0.001446010425747128,9.690275083450313,-0.0011933165075393333,0.004861416986361849,9.878276586338367e-07,,,,,,-0.0019053360530637885,-0.0025725427313206097,0.0,0.26223514258518343,99.75426914716337,DEGRADED,1.66,4.0,1.66,3.352058913052362,VALID,0.6480851786074802,VALID,2.0031531572784895,VALID,1.9952326310555168,VALID,2.2378324732656556,VALID,0.261731523183151,VALID,crazyflie-6dof,2.0.0,65.36841592509771,0.07844209911011725,62.55682630772081,2.529155490152721,0.07856334758154057,0.12,0.49097831879493214,false,100.0,false,65.37375517230895,0.07844850620677073,62.55948042747881,2.5292627954933793,0.07857324456777465,0.12,0.49103926742402215,false,100.0,false,65.37517113762435,0.07845020536514923,62.56018425915876,2.52929125121696,0.07857123311363692,0.12,0.4910554312279473,false,100.0,false,65.36982727063602,0.07844379272476322,62.557527905109744,2.5291838555445225,0.0785613396595824,0.12,0.4909944294488857,false,100.0,false,[]
1,child-f9d0c0c9a9ae419f6470a221,py-f996c906ee10788ea67a,f996c906ee10,4b81296e5dd75a57ec2747997355f69bfd8a5d1068302c364c372acc996e4530,evt-954fd873942a43f5bb6d8ac42d17f572,45567,Alpha,SIM,vehicle-adapter,2026-08-15T05:18:06.116163Z,1.67,1.68,169,1.67,,fast-sim-Alpha,1,home,TAKING_OFF,true,true,true,simulated,98.51903757640008,-1.3464580130837707,-0.001039950682835644,0.2643275616462765,-1.3512929615330738,-0.0025346788150837837,0.26453391449964675,-0.0019121108181315847,-0.0025757306071784343,0.22987770444413672,0.0001562130212784238,-5.377274575923142e-05,-2.983716398551295e-08,,,,,99.62324899584739,4.196255175410268,4.0431283757942715,2.0416906615308217,false,,false,modeled_transport,SIMULATED_MODEL,100.0,30.0,0.0,0.0010786635541415442,0.0014483785596113854,9.6866239180162,-0.0010180540984067114,0.005317680368209472,9.80481480353605e-07,,,,,,-0.001912110765679675,-0.002575730695657542,0.0,0.26453391810974325,99.75915344395102,DEGRADED,1.67,4.0,1.67,3.350954761406554,VALID,0.6473756750015137,VALID,2.0054303169742265,VALID,1.9991848417070555,VALID,2.2367807889572657,VALID,0.2658093168793614,VALID,crazyflie-6dof,2.0.0,65.30261248236506,0.07836313497883807,62.52322689143659,2.5278943279099075,0.07852519848826166,0.12,0.490243647506726,false,100.0,false,65.31755527809186,0.07838106633371023,62.53066230668984,2.52819495129387,0.07853709645444036,0.12,0.490414181539137,false,100.0,false,65.33398780877572,0.07840078537053086,62.538836876412276,2.5285254596419167,0.07854049020243355,0.12,0.49060173125900963,false,100.0,false,65.31903778239636,0.07838284533887563,62.531399888523545,2.528224772674283,0.07852859273179155,0.12,0.490431101225949,false,100.0,false,[]
1,child-f9d0c0c9a9ae419f6470a221,py-f996c906ee10788ea67a,f996c906ee10,4b81296e5dd75a57ec2747997355f69bfd8a5d1068302c364c372acc996e4530,evt-1f76da05d9d4486ca1f787f262fe2d4f,45568,Alpha,SIM,vehicle-adapter,2026-08-15T05:18:06.126897Z,1.68,1.69,170,1.68,,fast-sim-Alpha,1,home,TAKING_OFF,true,true,true,simulated,98.51905180463193,-1.34905215669804,0.003915765200100108,0.2662214728278863,-1.3513120995041796,-0.0025607887976557635,0.2668204440227234,-0.0019134469969888544,-0.0025782661596475474,0.22865295230766727,0.0001431516354474065,-1.5311966137265816e-06,-1.2359001562212274e-08,,,,,99.62098028094299,4.196232489958474,4.0430942339121,2.0418434139712662,false,,false,modeled_transport,SIMULATED_MODEL,100.0,30.0,0.0,0.0010823174895907282,0.001450537427349628,9.684174676286268,-0.0013061385347897367,0.005224155118944154,9.65852554102604e-07,,,,,,-0.0019134469656914405,-0.0025782662097132607,0.0,0.2668204467569306,99.7625664461705,DEGRADED,1.68,4.0,1.68,3.3525588971732954,VALID,0.6483631324054057,VALID,2.004913227775632,VALID,1.9962846344273193,VALID,2.23355824920931,VALID,0.2661772516416443,VALID,crazyflie-6dof,2.0.0,65.35477602074631,0.07842573122489557,62.54823024766601,2.5288838905574487,0.07851121746613035,0.12,0.490809344964773,false,100.0,false,65.3247763884422,0.07838973166613064,62.53331023991409,2.5282806605843313,0.0785112039124643,0.12,0.49046695337313484,false,100.0,false,65.29371039549386,0.07835245247459263,62.517852068965766,2.5276556721660515,0.07850448133477061,0.12,0.49011244325064895,false,100.0,false,65.32370027347085,0.07838844032816503,62.53277490743162,2.5282590165876004,0.07850449234792088,0.12,0.4904546723827091,false,100.0,false,[]
1,child-f9d0c0c9a9ae419f6470a221,py-f996c906ee10788ea67a,f996c906ee10,4b81296e5dd75a57ec2747997355f69bfd8a5d1068302c364c372acc996e4530,evt-7ad3660996874169888d85bf7cd2e40d,45569,Alpha,SIM,vehicle-adapter,2026-08-15T05:18:06.133973Z,1.69,1.7,171,1.69,,fast-sim-Alpha,1,home,TAKING_OFF,true,true,true,simulated,98.55136967446032,-1.3479755957255155,0.0016695190983387394,0.26911736503323314,-1.3513310808683137,-0.0025868818093749486,0.2690945385419054,-0.0019094840199558062,-0.0025791918370234603,0.22740945191819775,0.00013240127827929355,4.9899395258074335e-05,4.168713325808268e-09,,,,,99.6187118577905,4.19620980280943,4.0430912400163255,2.04158083723592,false,,false,modeled_transport,SIMULATED_MODEL,100.0,30.0,0.0,0.0010829288042609468,0.001451657416462007,9.682299919809351,-0.0010750357567924388,0.005143059367287366,9.441790030295148e-07,,,,,,-0.0019094840160449175,-0.0025791918516701127,0.0,0.2690945412355482,99.76294657832261,DEGRADED,1.69,4.0,1.69,3.351137440758377,VALID,0.6492461805931032,VALID,2.0016394363489285,VALID,1.996730451981122,VALID,2.2281170328538518,VALID,0.2676669467097068,VALID,crazyflie-6dof,2.0.0,65.3037817009299,0.07836453804111587,62.52199176279037,2.527821172045106,0.07848493858142182,0.12,0.4902066592727968,false,100.0,false,65.30456042460044,0.07836547250952053,62.522379276158155,2.527836839564133,0.07848516082719056,0.12,0.490215544999879,false,100.0,false,65.33683335967271,0.07840420003160725,62.53843473882217,2.528485976568646,0.07848974168961398,0.12,0.4905838287631224,false,100.0,false,65.33604259145477,0.07840325110974572,62.53804144214844,2.528470075225283,0.07848951393965144,0.12,0.4905748042001216,false,100.0,false,[]
1,child-f9d0c0c9a9ae419f6470a221,py-f996c906ee10788ea67a,f996c906ee10,4b81296e5dd75a57ec2747997355f69bfd8a5d1068302c364c372acc996e4530,evt-58c1f8ea175242f6a13fd820fad75f7e,45570,Alpha,SIM,vehicle-adapter,2026-08-15T05:18:06.148710Z,1.7,1.71,172,1.7,,fast-sim-Alpha,1,home,TAKING_OFF,true,true,true,simulated,98.56264454255968,-1.3471478589305736,0.0019465202611769514,0.2722826776621029,-1.3513498588312187,-0.0026129495984555987,0.2713558942001589,-0.0019000776527684977,-0.0025787515635498654,0.22613556582534702,0.00012394038131909198,9.85309343881776e-05,1.956006208598888e-08,,,,,99.61644597695745,4.196187118577905,4.043240162349289,2.0392927497399445,false,,false,modeled_transport,SIMULATED_MODEL,100.0,30.0,0.0,0.0010803056180528252,0.001451877707220923,9.679261438539449,-0.0008460898102523558,0.004863154071339121,9.158203887123428e-07,,,,,,-0.0019000776809407283,-0.0025787515461906103,0.0,0.27135589760154577,99.76059155321461,DEGRADED,1.7,4.0,1.7,3.3499122240917627,VALID,0.6474022290312934,VALID,2.002184854133739,VALID,1.996971046789681,VALID,2.2270418906416074,VALID,0.27167196445470754,VALID,crazyflie-6dof,2.0.0,65.27409895077062,0.07832891874092474,62.50638957473209,2.5272834473200767,0.07845721515234144,0.12,0.48988373775912997,false,100.0,false,65.25953424777474,0.07831144109732968,62.49913740071622,2.5269902245076237,0.07845303462185926,0.12,0.48971756686941514,false,100.0,false,65.2634916185865,0.0783161899423038,62.50110805997037,2.52706990299405,0.07845765830548156,0.12,0.48976271595615734,false,100.0,false,65.27804222347062,0.07833365066816475,62.5083527394173,2.5273628227830818,0.07846183049150536,0.12,0.48992872915524177,false,100.0,false,[]
1,child-f9d0c0c9a9ae419f6470a221,py-f996c906ee10788ea67a,f996c906ee10,4b81296e5dd75a57ec2747997355f69bfd8a5d1068302c364c372acc996e4530,evt-c731957fd66a4e65843400f66e03c58e,45571,Alpha,SIM,vehicle-adapter,2026-08-15T05:18:06.160279Z,1.71,1.72,173,1.71,,fast-sim-Alpha,1,home,TAKING_OFF,true,true,true,simulated,98.54776303078235,-1.3498186367294303,0.001306247706156774,0.2742212236281886,-1.3513683926497473,-0.0026389866074635906,0.2736040759702699,-0.0018851519894237782,-0.0025771296187917275,0.22481817701110443,0.00011819007928870817,0.00014131477485490604,3.3552148773996766e-08,,,,,99.61418326686247,4.196164459769575,4.043431528355727,2.03643908549305,false,,false,modeled_transport,SIMULATED_MODEL,100.0,30.0,0.0,0.0010742358688212931,0.0014512791814239605,9.67491126303167,-0.0005750303708370627,0.004278384185384971,8.812451000565631e-07,,,,,,-0.0018851520516719007,-0.002577129573540652,0.0,0.27360408061316155,99.75703800222587,DEGRADED,1.71,4.0,1.71,3.3502839462612752,VALID,0.6504702155858231,VALID,2.000586137877646,VALID,1.9975039113580504,VALID,2.227846729725233,VALID,0.27547097270811033,VALID,crazyflie-6dof,2.0.0,65.21367958126658,0.0782564154975199,62.475394587917634,2.526149802232509,0.07841957916527717,0.12,0.48921842744779603,false,100.0,false,65.18738620133956,0.07822486344160746,62.462288154524956,2.5256198525724667,0.07840858826087224,0.12,0.48891851587664575,false,100.0,false,65.19463555008699,0.07823356266010438,62.46590230118287,2.525765988117914,0.07841422699326059,0.12,0.48900120071100167,false,100.0,false,65.22091303643882,0.07826509564372656,62.47899923720583,2.5262955537583145,0.0784252068826173,0.12,0.4893009414576069,false,100.0,false,[]
1,child-f9d0c0c9a9ae419f6470a221,py-f996c906ee10788ea67a,f996c906ee10,4b81296e5dd75a57ec2747997355f69bfd8a5d1068302c364c372acc996e4530,evt-25eefb69bbb34b1197bdf68904c2d206,45572,Alpha,SIM,vehicle-adapter,2026-08-15T05:18:06.172308Z,1.72,1.73,174,1.72,,fast-sim-Alpha,1,home,TAKING_OFF,true,true,true,simulated,98.52256727258916,-1.3495191556317934,0.0020729518776967854,0.27546736001514294,-1.3513866453376366,-0.0026649891525113343,0.27583874232030214,-0.001865610165981783,-0.002574711457178871,0.22346663500322198,0.00011430365789169115,0.000180525307866281,4.6520495480286314e-08,,,,,99.61192103574169,4.196141832668625,4.043441232014482,2.0360080087012506,false,,false,modeled_transport,SIMULATED_MODEL,100.0,30.0,0.0,0.0010653566142261079,0.001450126854163996,9.671496046555529,-0.0003886423483888818,0.003921053425906981,8.410244784622432e-07,,,,,,-0.0018656102630297763,-0.002574711387209481,0.0,0.27583874861697155,99.75312487729735,DEGRADED,1.72,4.0,1.72,3.350041690640284,VALID,0.649968059394069,VALID,2.0027304971458495,VALID,2.000355152539845,VALID,2.227783387019732,VALID,0.27368629067370687,VALID,crazyflie-6dof,2.0.0,65.19369020822568,0.07823242824987081,62.46443176915042,2.525712589497381,0.07838482056714496,0.12,0.4889698123337116,false,100.0,false,65.20053096692867,0.0782406371603144,62.4678418141313,2.5258504726621682,0.07837860322980647,0.12,0.48904783505759586,false,100.0,false,65.19934348941298,0.07823921218729557,62.467249897088365,2.525826538844395,0.0783824861277975,0.12,0.4890342910200248,false,100.0,false,65.1924853306689,0.07823098239680268,62.46383111045964,2.5256883022162144,0.07838868999339499,0.12,0.48895607028991817,false,100.0,false,[]
1,child-f9d0c0c9a9ae419f6470a221,py-f996c906ee10788ea67a,f996c906ee10,4b81296e5dd75a57ec2747997355f69bfd8a5d1068302c364c372acc996e4530,evt-826e28a303314c69bcd7d3aaecb65c4b,45573,Alpha,SIM,vehicle-adapter,2026-08-15T05:18:06.185338Z,1.7399999999999998,1.7499999999999998,176,1.7399999999999998,,fast-sim-Alpha,1,home,TAKING_OFF,true,true,true,simulated,98.50238175314254,-1.3492828441234888,0.0031808677744061624,0.28020426884267235,-1.351422172333035,-0.0027168871551359057,0.2802666530066285,-0.0018145548138272295,-0.0025682535648565946,0.22069237042022152,0.00011263343107856763,0.0002518372359890381,7.001169090076749e-08,,,,,99.60739844903456,4.196096577717697,4.043592293100277,2.0333904615664715,false,,false,modeled_transport,SIMULATED_MODEL,100.0,30.0,0.0,0.0010404315505545183,0.0014465663729106766,9.666017687699437,-2.8826794261532234e-05,0.0034612129147660584,7.460539812458862e-07,,,,,,-0.0018145549783270885,-0.0025682534541073415,0.0,0.2802666636719357,99.74529266916629,DEGRADED,1.7399999999999998,4.0,1.7399999999999998,3.348412468354113,VALID,0.6442263883155053,VALID,2.002503922561939,VALID,1.9972704687212288,VALID,2.219869692540871,VALID,0.27905817015477524,VALID,crazyflie-6dof,2.0.0,65.14274227051328,0.07817129072461593,62.43722401925977,2.524706778468543,0.07832800315489166,0.12,0.48838276308780537,false,100.0,false,65.1421842116338,0.07817062105396055,62.43694558821355,2.5246955198522163,0.07832481559026198,0.12,0.4883763998253045,false,100.0,false,65.13658716353655,0.07816390459624387,62.43415292288883,2.5245825958523738,0.0783271754720267,0.12,0.4883125804712224,false,100.0,false,65.13712545608315,0.07816455054729979,62.43442151699598,2.5245934567029904,0.07833034533835154,0.12,0.4883187181821393,false,100.0,false,[]
1,child-f9d0c0c9a9ae419f6470a221,py-f996c906ee10788ea67a,f996c906ee10,4b81296e5dd75a57ec2747997355f69bfd8a5d1068302c364c372acc996e4530,evt-827061ba53b44573b6a2d4256a67984a,45574,Alpha,SIM,vehicle-adapter,2026-08-15T05:18:06.194347Z,1.7499999999999998,1.7599999999999998,177,1.7499999999999998,,fast-sim-Alpha,1,home,TAKING_OFF,true,true,true,simulated,98.51300397238697,-1.347628002482227,0.0015187096367345735,0.2813730096962053,-1.3514393848227533,-0.0027427860071871624,0.28245931233251725,-0.0017835982797481215,-0.0025644362170320787,0.21926593258887442,0.00011606461612422288,0.00028435499778077387,8.065488891514217e-08,,,,,99.60513818193188,4.196073984490345,4.043505955057933,2.0342403924254775,false,,false,modeled_transport,SIMULATED_MODEL,100.0,30.0,0.0,0.0010247239193984328,0.00144421661611045,9.66400679642551,0.0003431182192258552,0.0032517762799091944,6.924823260903258e-07,,,,,,-0.0017835984740558236,-0.002564436090448902,0.0,0.2824593256545361,99.7415796117332,DEGRADED,1.7499999999999998,4.0,1.7499999999999998,3.353074779220951,VALID,0.6484902238384714,VALID,2.0035834982344825,VALID,1.9992706795748927,VALID,2.2144443204846227,VALID,0.28013092843179227,VALID,crazyflie-6dof,2.0.0,65.15279394730469,0.07818335273676562,62.44125511434303,2.5248158689613764,0.07830272832163859,0.12,0.48845485333643945,false,100.0,false,65.14981892788667,0.078179782713464,62.43977103620342,2.5247558601734235,0.07829944492583436,0.12,0.488420933163132,false,100.0,false,65.17126447854247,0.07820551737425095,62.45046743328921,2.5251883696265645,0.07830761960478759,0.12,0.4886654590312056,false,100.0,false,65.17421881738522,0.07820906258086226,62.45194067016523,2.525247940047378,0.07831088352786474,0.12,0.4886991468947003,false,100.0,false,[]
1,child-f9d0c0c9a9ae419f6470a221,py-f996c906ee10788ea67a,f996c906ee10,4b81296e5dd75a57ec2747997355f69bfd8a5d1068302c364c372acc996e4530,evt-95d800be28ec4b5c809ed0ae0796a5cc,45575,Alpha,SIM,vehicle-adapter,2026-08-15T05:18:06.205943Z,1.7599999999999998,1.7699999999999998,178,1.7599999999999998,,fast-sim-Alpha,1,home,TAKING_OFF,true,true,true,simulated,98.48677083560331,-1.3472156054333226,0.003484776877375441,0.2851908308879487,-1.3514561953304338,-0.0027686587425283515,0.28463765459375684,-0.001748973376278294,-0.0025606610230415566,0.21783422612395834,0.00012216879164979845,0.00031180901790578934,9.028115367755207e-08,,,,,99.60287680786595,4.196051381819319,4.043408632371591,2.035236659329845,false,,false,modeled_transport,SIMULATED_MODEL,100.0,30.0,0.0,0.0010066602464770583,0.00144174242435674,9.663480033138146,0.0006104172656178249,0.0027454021078747053,6.356031889181765e-07,,,,,,-0.0017489735949354763,-0.002560660884251417,0.0,0.284637670554825,99.73856137594574,DEGRADED,1.7599999999999998,4.0,1.7599999999999998,3.3549248176904025,VALID,0.6503915218809528,VALID,2.001601512278791,VALID,1.9959751649338917,VALID,2.217176056907704,VALID,0.28537976471619103,VALID,crazyflie-6dof,2.0.0,65.20024938127584,0.078240299257531,62.46404736175849,2.5256766831540216,0.07829647806929914,0.12,0.4889534383207262,false,100.0,false,65.17537298895539,0.07821044758674646,62.45164555645057,2.525175227487632,0.07828658618742818,0.12,0.4886697890022322,false,100.0,false,65.17495417679368,0.07820994501215241,62.451436719168704,2.525166783342949,0.07829260427644892,0.12,0.4886650138507822,false,100.0,false,65.19980913262413,0.07823977095914895,62.46382792599236,2.525667810469312,0.07830247512716608,0.12,0.4889484181561046,false,100.0,false,[]
1,child-f9d0c0c9a9ae419f6470a221,py-f996c906ee10788ea67a,f996c906ee10,4b81296e5dd75a57ec2747997355f69bfd8a5d1068302c364c372acc996e4530,evt-7337759c02414eebb2cf945b85cb60e8,45576,Alpha,SIM,vehicle-adapter,2026-08-15T05:18:06.216626Z,1.7699999999999998,1.7799999999999998,179,1.7699999999999998,,fast-sim-Alpha,1,home,TAKING_OFF,true,true,true,simulated,98.5437838234051,-1.3503464021666163,0.0004923550313567534,0.286778353788721,-1.3514725871990194,-0.0027945164559777143,0.2868013190993957,-0.0017108665422397155,-0.00255690477893008,0.21636645056388717,0.00013341533006263606,0.0003312886668735905,9.853025162819453e-08,,,,,99.60062023085194,4.196028768078659,4.043709819634362,2.0309193126059317,false,,false,modeled_transport,SIMULATED_MODEL,100.0,30.0,0.0,0.0009861845286303294,0.0014389936853957549,9.659873194787725,0.001124653576046832,0.0019479649863835017,5.759752977661151e-07,,,,,,-0.0017108667750452655,-0.002556904633113961,0.0,0.2868013373904133,99.73655492497947,DEGRADED,1.7699999999999998,4.0,1.7699999999999998,3.3515190597163436,VALID,0.64963356672001,VALID,2.0014805618685614,VALID,1.998022734464326,VALID,2.210184613535056,VALID,0.2844737263619448,VALID,crazyflie-6dof,2.0.0,65.09170016640854,0.07811004019969026,62.409139575947655,2.52364450538191,0.07826171196856824,0.12,0.4877685348491442,false,100.0,false,65.06137741762102,0.07807365290114521,62.39399475215015,2.523032092654844,0.07824522673194322,0.12,0.4874229162161003,false,100.0,false,65.0849179881788,0.07810190158581456,62.40575285202977,2.5235075560942786,0.0782567763377848,0.12,0.4876912271976275,false,100.0,false,65.11521873728312,0.07813826248473973,62.42088076490585,2.5241192849927545,0.07827323920391406,0.12,0.48803663434305977,false,100.0,false,[]
1,child-f9d0c0c9a9ae419f6470a221,py-f996c906ee10788ea67a,f996c906ee10,4b81296e5dd75a57ec2747997355f69bfd8a5d1068302c364c372acc996e4530,evt-2c4347f9c0494c329168961e45c69379,45577,Alpha,SIM,vehicle-adapter,2026-08-15T05:18:06.227584Z,1.7799999999999998,1.7899999999999998,180,1.7799999999999998,,fast-sim-Alpha,1,home,TAKING_OFF,true,true,true,simulated,98.52921728377292,-1.347969309153168,0.00029684021690939803,0.28944531175223404,-1.3514885483782697,-0.002820371761579432,0.2889500624105184,-0.0016704922090940873,-0.002554100427620539,0.21487433111226897,0.00014627232611822715,0.0003461295177075899,1.0574755984128083e-07,,,,,99.5983635628617,4.19600620230852,4.04368111296526,2.031001191216698,false,,false,modeled_transport,SIMULATED_MODEL,100.0,30.0,0.0,0.0009641687892198172,0.0014366940777630424,9.657438860238187,0.0012856993611200292,0.001484085169875824,5.141906342801536e-07,,,,,,-0.0016704924499392024,-0.002554100278293295,0.0,0.2889500828105725,99.73515248853563,DEGRADED,1.7799999999999998,4.0,1.7799999999999998,3.353030101337374,VALID,0.6497375967740497,VALID,2.0034845728638193,VALID,1.99890962363827,VALID,2.20979328824973,VALID,0.29111928386894204,VALID,crazyflie-6dof,2.0.0,65.09554017431876,0.0781146482091825,62.41011261828946,2.523665936526119,0.07823590287717148,0.12,0.4877840965383097,false,100.0,false,65.10535025269002,0.07812642030322801,62.415010280451796,2.5238639823659548,0.07822644282462629,0.12,0.487895916346965,false,100.0,false,65.08962033653538,0.07810754440384245,62.40715676433669,2.523546411218104,0.07823042683944181,0.12,0.4877166220537853,false,100.0,false,65.07978793153352,0.07809574551784022,62.40224667004517,2.523347862662609,0.07823986341697452,0.12,0.4876045562776378,false,100.0,false,[]
1,child-f9d0c0c9a9ae419f6470a221,py-f996c906ee10788ea67a,f996c906ee10,4b81296e5dd75a57ec2747997355f69bfd8a5d1068302c364c372acc996e4530,evt-9f31c7cc2351408b97822f5271b70902,45578,Alpha,SIM,vehicle-adapter,2026-08-15T05:18:06.238882Z,1.7899999999999998,1.7999999999999998,181,1.7899999999999998,,fast-sim-Alpha,1,home,TAKING_OFF,true,true,true,simulated,98.51514869761093,-1.3491261879516803,0.0012950274524479578,0.29201985705701855,-1.3515040729965178,-0.002846235759737697,0.29108355738060027,-0.001628149692240733,-0.0025527597843924073,0.21334949700818598,0.00015767585843546862,0.00035476025812162474,1.1156742746889073e-07,,,,,99.59610922173225,4.195983635628617,4.04381560938922,2.0289070165171372,false,,false,modeled_transport,SIMULATED_MODEL,100.0,30.0,0.0,0.0009406951788479708,0.0014353030951278632,9.654167424521324,0.0011403530277822205,0.0008630741199029366,4.5082182680963026e-07,,,,,,-0.0016281499367068,-0.0025527596344768607,0.0,0.2910835793161515,99.73472341073466,DEGRADED,1.7899999999999998,4.0,1.7899999999999998,3.3488240561565132,VALID,0.6458619877704065,VALID,2.0012646346095897,VALID,1.9958980733420622,VALID,2.210882116932166,VALID,0.2903965166273118,VALID,crazyflie-6dof,2.0.0,65.06520642744114,0.07807824771292937,62.39408708482147,2.523101832871914,0.07820816993374566,0.12,0.48744951071478465,false,100.0,false,65.04516092994993,0.07805419311593992,62.38407201057699,2.522696841736324,0.07819507714871674,0.12,0.4872210642689451,false,100.0,false,65.02612433011727,0.07803134919614071,62.37455790417782,2.5223121088166605,0.07819238844109375,0.12,0.48700413612040283,false,100.0,false,65.04614735242107,0.07805537682290528,62.38456492234161,2.5227167741792025,0.0782054568755368,0.12,0.48723230541300444,false,100.0,false,[]
1,child-f9d0c0c9a9ae419f6470a221,py-f996c906ee10788ea67a,f996c906ee10,4b81296e5dd75a57ec2747997355f69bfd8a5d1068302c364c372acc996e4530,evt-d6cf834f939741b5a2436f8d2bc4f758,45579,Alpha,SIM,vehicle-adapter,2026-08-15T05:18:06.242716Z,1.7999999999999998,1.8099999999999998,182,1.7999999999999998,,fast-sim-Alpha,1,home,TAKING_OFF,true,true,true,simulated,98.52257888716704,-1.3484603815584304,0.00020086718799500886,0.2925327055974663,-1.3515191603917636,-0.0028721175036228322,0.293201426757744,-0.0015845844705627784,-0.002552791907355559,0.21178693771437532,0.00016706654002588623,0.0003581192963999002,1.1597746934657695e-07,,,,,99.59385703808132,4.195961092217322,4.043938695781998,2.0269652858247373,false,,false,modeled_transport,SIMULATED_MODEL,100.0,30.0,0.0,0.0009162374598763591,0.0014348003246612982,9.650394912540433,0.00093906800185723,0.000335903895009984,3.864630468345287e-07,,,,,,-0.0015845847155072624,-0.002552791759205222,0.0,0.29320144965100936,99.73513205853084,DEGRADED,1.7999999999999998,4.0,1.7999999999999998,3.351535608763898,VALID,0.651573859499443,VALID,2.0083330867939564,VALID,1.9981288323805837,VALID,2.2051577501329924,VALID,0.2945930510301732,VALID,crazyflie-6dof,2.0.0,65.00810406138594,0.07800972487366313,62.36461450352107,2.5219867783831607,0.07817085907339805,0.12,0.48680595326414833,false,100.0,false,65.00331370287385,0.07800397644344863,62.36221922151901,2.5218899146474065,0.078159590107816,0.12,0.4867513720563944,false,100.0,false,64.9967702449971,0.07799612429399651,62.358947043312064,2.521757589766701,0.07815561622873764,0.12,0.4866768181295796,false,100.0,false,65.00153820225587,0.07800184584270704,62.36133138457098,2.5218540110655097,0.0781668602080542,0.12,0.48673114237461523,false,100.0,false,[]
1,child-f9d0c0c9a9ae419f6470a221,py-f996c906ee10788ea67a,f996c906ee10,4b81296e5dd75a57ec2747997355f69bfd8a5d1068302c364c372acc996e4530,evt-49e471aa21fb47049970394df3e9e000,45580,Alpha,SIM,vehicle-adapter,2026-08-15T05:18:06.259457Z,1.8099999999999998,1.8199999999999998,183,1.8099999999999998,,fast-sim-Alpha,1,home,TAKING_OFF,true,true,true,simulated,98.5445973775462,-1.3476385409238971,0.0029291455029350094,0.29532648250392424,-1.351533815286252,-0.0028980218601125395,0.29530357790035794,-0.0015402984626503129,-0.002554240464089648,0.21021511426139153,0.00017218176675733862,0.0003558690114683668,1.188129337239807e-07,,,,,99.59160248453571,4.195938570380814,4.04375620605027,2.0290981910537376,false,,false,modeled_transport,SIMULATED_MODEL,100.0,30.0,0.0,0.0008910608305127072,0.0014353359844001586,9.64946847871805,0.0005115225719219355,-0.00022502844182053898,3.217166830512926e-07,,,,,,-0.0015402987071520251,-0.0025542403189444713,0.0,0.29530360097675606,99.73656305764253,DEGRADED,1.8099999999999998,4.0,1.8099999999999998,3.355073324525737,VALID,0.6517940524294689,VALID,2.002746350400949,VALID,1.9948823024371503,VALID,2.206915546532521,VALID,0.2942860669201921,VALID,crazyflie-6dof,2.0.0,65.071291646614,0.0780855499759368,62.39520981670984,2.5231101692412916,0.07815941418353425,0.12,0.48746137487763747,false,100.0,false,65.05874244745652,0.07807049093694783,62.38894124036689,2.522856683296393,0.07814720028091443,0.12,0.4873183742388536,false,100.0,false,65.03851122029764,0.07804621346435715,62.37883257960932,2.52244791369966,0.07813817563320344,0.12,0.4870878536154592,false,100.0,false,65.05103830790098,0.07806124596948118,62.38509221963688,2.5227010382817507,0.07815036415929212,0.12,0.4872305883217874,false,100.0,false,[]
1,child-f9d0c0c9a9ae419f6470a221,py-f996c906ee10788ea67a,f996c906ee10,4b81296e5dd75a57ec2747997355f69bfd8a5d1068302c364c372acc996e4530,evt-9dea44aad62041619f5847086f54e535,45581,Alpha,SIM,vehicle-adapter,2026-08-15T05:18:06.269647Z,1.8199999999999998,1.8299999999999998,184,1.8199999999999998,,fast-sim-Alpha,1,home,TAKING_OFF,true,true,true,simulated,98.56057548944273,-1.350641456001188,0.0010861044478213643,0.2963964080988701,-1.3515480493763463,-0.0029239525164362723,0.2973897701471176,-0.0014956961290642121,-0.0025563182319106323,0.2086192246759653,0.00017614588761518277,0.0003465027540004265,1.1975364351125705e-07,,,,,99.5893506418469,4.195916024845357,4.0439166433501565,2.0266584199198205,false,,false,modeled_transport,SIMULATED_MODEL,100.0,30.0,0.0,0.0008653105044263828,0.0014362914359539799,9.64706181708775,0.0003964120527485331,-0.0009366257162136003,2.5719729538082494e-07,,,,,,-0.001495696368957425,-0.0025563180924534712,0.0,0.29738979261365683,99.7390448250948,DEGRADED,1.8199999999999998,4.0,1.8199999999999998,3.35277017850402,VALID,0.6508038890130579,VALID,2.0024499783084075,VALID,1.997790945025044,VALID,2.2035784636470908,VALID,0.29708522020904915,VALID,crazyflie-6dof,2.0.0,65.0032261780779,0.07800387141369347,62.36039779121113,2.5218025051381505,0.07813149983855608,0.12,0.48670477708454507,false,100.0,false,64.98123917594874,0.07797748701113849,62.34940166312264,2.5213578308842557,0.07811575841625323,0.12,0.4864543041000492,false,100.0,false,64.99618366477404,0.07799542039772883,62.35687613163782,2.521660092160543,0.07811343741385726,0.12,0.48662454681420353,false,100.0,false,65.01814907575898,0.07802177889091078,62.367858728621705,2.5221042192278467,0.07812915332196094,0.12,0.48687479192102273,false,100.0,false,[]
1,child-f9d0c0c9a9ae419f6470a221,py-f996c906ee10788ea67a,f996c906ee10,4b81296e5dd75a57ec2747997355f69bfd8a5d1068302c364c372acc996e4530,evt-9b65144f369f4489a525916d0109e7b5,45582,Alpha,SIM,vehicle-adapter,2026-08-15T05:18:06.281501Z,1.8299999999999998,1.8399999999999999,185,1.8299999999999998,,fast-sim-Alpha,1,home,TAKING_OFF,true,true,true,simulated,98.5422470017386,-1.3496817278490532,0.0005232983051295342,0.2987993375224947,-1.3515618770132125,-0.0029499112281028425,0.29945991961518537,-0.0014519667186294483,-0.002558996277325778,0.2070149468067715,0.00017812675356188365,0.0003342900402719453,1.1952588762854503e-07,,,,,99.58709774986256,4.195893506418469,4.043823297474848,2.0276027859131576,false,,false,modeled_transport,SIMULATED_MODEL,100.0,30.0,0.0,0.0008398960692539517,0.0014376964741352504,9.646222929772843,0.00019808660242288085,-0.0012212713577382035,1.9355592970308377e-07,,,,,,-0.0014519669532462897,-0.002558996144375522,0.0,0.29945994109828705,99.74196536421705,DEGRADED,1.8299999999999998,4.0,1.8299999999999998,3.3508939808474505,VALID,0.649113944610773,VALID,2.0039824704148774,VALID,1.999955566910442,VALID,2.2014806470657113,VALID,0.2989000984512517,VALID,crazyflie-6dof,2.0.0,65.01947237208095,0.07802336684649715,62.36764204375474,2.522037239051073,0.0781139882524185,0.12,0.48684828205176656,false,100.0,false,65.0368941218148,0.07804427294617776,62.3763496611282,2.5223893597110756,0.07810735859586647,0.12,0.48704676024189814,false,100.0,false,65.02868413480203,0.07803442096176243,62.372246517460404,2.5222234358315085,0.07810316407689648,0.12,0.4869532254543347,false,100.0,false,65.0112415820424,0.07801348989845087,62.363527308831245,2.521870846441607,0.07810976835145478,0.12,0.48675451816515825,false,100.0,false,[]
1,child-f9d0c0c9a9ae419f6470a221,py-f996c906ee10788ea67a,f996c906ee10,4b81296e5dd75a57ec2747997355f69bfd8a5d1068302c364c372acc996e4530,evt-8cc7cbba57684bd4ae90b88e29a1304b,45583,Alpha,SIM,vehicle-adapter,2026-08-15T05:18:06.294755Z,1.8499999999999999,1.8599999999999999,187,1.8499999999999999,,fast-sim-Alpha,1,home,TAKING_OFF,true,true,true,simulated,98.55370071747646,-1.34752343553804,0.001516006456795762,0.30481282257857645,-1.3515883747089652,-0.003001902580165461,0.3035512759415781,-0.0013687635833927007,-0.0025656785501500306,0.20374289570254092,0.00017153642081856212,0.00030755553627231176,1.1685374348455591e-07,,,,,99.58259816649097,4.195848468032605,4.044065486083424,2.023773092631395,false,,false,modeled_transport,SIMULATED_MODEL,100.0,30.0,0.0,0.0007913464716483051,0.0014418421163898017,9.6416664704918,-0.0005066009259072253,-0.0013290480740258495,7.119614442231945e-08,,,,,,-0.0013687638125803655,-0.002565678427952079,0.0,0.3035512947640577,99.7485988644941,DEGRADED,1.8499999999999999,4.0,1.8499999999999999,3.351238191309608,VALID,0.6498137662249087,VALID,2.0044073291288504,VALID,1.9963443064351345,VALID,2.20118734018265,VALID,0.3075377906216332,VALID,crazyflie-6dof,2.0.0,64.93810021447472,0.07792572025736966,62.32536397591038,2.520478533625663,0.07806161675983735,0.12,0.48594148236325047,false,100.0,false,64.94548647988705,0.07793458377586446,62.32906095304477,2.5206280418019835,0.07806142542145939,0.12,0.48602560128089206,false,100.0,false,64.93842399236381,0.07792610879083656,62.325526042919996,2.5204850877216636,0.07805359378077584,0.12,0.4859451696636724,false,100.0,false,64.93101890873722,0.07791722269048465,62.32181920970425,2.520335180958959,0.07805376071402649,0.12,0.4858608393235798,false,100.0,false,[]
1,child-f9d0c0c9a9ae419f6470a221,py-f996c906ee10788ea67a,f996c906ee10,4b81296e5dd75a57ec2747997355f69bfd8a5d1068302c364c372acc996e4530,evt-0dc41105d7574d2c9897c72b1137e891,45584,Alpha,SIM,vehicle-adapter,2026-08-15T05:18:06.305098Z,1.8599999999999999,1.8699999999999999,188,1.8599999999999999,,fast-sim-Alpha,1,home,TAKING_OFF,true,true,true,simulated,98.5456277079377,-1.34861874256585,2.5468780645497308e-05,0.3048247537217751,-1.3516010778965597,-0.003027922292803096,0.30557170937174666,-0.0013292365668239297,-0.0025688780282314173,0.2020433430168554,0.0001637927517846609,0.00029160966837874874,1.1431415446634797e-07,,,,,99.58035393078833,4.1958259816649095,4.044340071737258,2.019812132363156,false,,false,modeled_transport,SIMULATED_MODEL,100.0,30.0,0.0,0.0007681021622223333,0.0014440815817985963,9.63669525788832,-0.0007743668273123251,-0.001594586809568913,1.3396846249659528e-08,,,,,,-0.0013292367943009361,-0.0025688779107398588,0.0,0.30557172646302455,99.75252656961571,DEGRADED,1.8599999999999999,4.0,1.8599999999999999,3.3540094062657584,VALID,0.6505365539511472,VALID,2.0022071161174337,VALID,2.002645004202731,VALID,2.192771012713399,VALID,0.3077054226935712,VALID,crazyflie-6dof,2.0.0,64.85820009073774,0.07782984010888529,62.28447383688347,2.5189959338557864,0.07801662536824011,0.12,0.4850751036132992,false,100.0,false,64.83737939077567,0.07780485526893079,62.27403643274398,2.5185738097377244,0.07801026578377573,0.12,0.4848380629958005,false,100.0,false,64.83676458135442,0.0778041174976253,62.27372817397661,2.5185613427048703,0.07800419693884732,0.12,0.4848310638449337,false,100.0,false,64.85756755284211,0.07782908106341054,62.284156799480094,2.5189831117850394,0.07801053289074314,0.12,0.4850679019091225,false,100.0,false,[]
1,child-f9d0c0c9a9ae419f6470a221,py-f996c906ee10788ea67a,f996c906ee10,4b81296e5dd75a57ec2747997355f69bfd8a5d1068302c364c372acc996e4530,evt-575da043adeb4d5987006888f754c254,45585,Alpha,SIM,vehicle-adapter,2026-08-15T05:18:06.315657Z,1.8699999999999999,1.88,189,1.8699999999999999,,fast-sim-Alpha,1,home,TAKING_OFF,true,true,true,simulated,98.55248825118348,-1.3494116833994012,0.0015978287672910887,0.3095766754779028,-1.3516134435377922,-0.0030539434260693785,0.30757502667769543,-0.001291242255876865,-0.002571746199599411,0.2003317305948769,0.00015158420470221041,0.0002729378792194052,1.1095347017831573e-07,,,,,99.57810648768003,4.195803539307883,4.044101129498262,2.022698797472441,false,,false,modeled_transport,SIMULATED_MODEL,100.0,30.0,0.0,0.0007455736584564237,0.0014463813190889073,9.635489211647876,-0.0012208546133969137,-0.0018671789458032035,-4.163581060139614e-08,,,,,,-0.0012912424829155994,-0.002571746085878082,0.0,0.30757504166780425,99.75714217381729,DEGRADED,1.8699999999999999,4.0,1.8699999999999999,3.350692754848565,VALID,0.6496665569775584,VALID,2.0039205246884144,VALID,1.9976587566485273,VALID,2.1917246359835225,VALID,0.3092005710943191,VALID,crazyflie-6dof,2.0.0,64.93011602178242,0.07791613922613891,62.31946351941412,2.520262128085884,0.07800147310684685,0.12,0.48581546629926975,false,100.0,false,64.92396087999491,0.07790875305599387,62.316382080732716,2.5201375115893643,0.07799485689854244,0.12,0.48574537934045464,false,100.0,false,64.90539872972393,0.07788647847566871,62.30708742523239,2.519761626321293,0.077984756055253,0.12,0.4855340297440373,false,100.0,false,64.91153733274734,0.07789384479929681,62.3101615364257,2.5198859464867835,0.07799134956774122,0.12,0.4856039220886793,false,100.0,false,[]
1,child-f9d0c0c9a9ae419f6470a221,py-f996c906ee10788ea67a,f996c906ee10,4b81296e5dd75a57ec2747997355f69bfd8a5d1068302c364c372acc996e4530,evt-a8c1042808e140fe82936d3ce51a1892,45586,Alpha,SIM,vehicle-adapter,2026-08-15T05:18:06.326279Z,1.88,1.89,190,1.88,,fast-sim-Alpha,1,home,TAKING_OFF,true,true,true,simulated,98.54568491929443,-1.3491005230598327,0.0017049023647193258,0.30818966039922024,-1.3516254931483487,-0.0030799511810800603,0.30956064180378334,-0.0012551957775639975,-0.002573670214991647,0.19856151260879124,0.00013650825607800497,0.00025299318449318356,1.071447437234515e-07,,,,,99.5758663438121,4.1957810648768,4.044571353790692,2.01612948114667,false,,false,modeled_transport,SIMULATED_MODEL,100.0,30.0,0.0,0.0007240763949850561,0.0014483060315857769,9.629628584768934,-0.0015075947622927295,-0.001994469506916267,-9.357682021240391e-08,,,,,,-0.0012551960046055916,-0.0025736701044835352,0.0,0.309560654594838,99.76213398380602,DEGRADED,1.88,4.0,1.88,3.353891314318166,VALID,0.6514451591505022,VALID,2.002804571441088,VALID,1.994433318036349,VALID,2.1943006477366556,VALID,0.3105642681652012,VALID,crazyflie-6dof,2.0.0,64.76178734431784,0.07771414481318141,62.234276538540726,2.5171097211166997,0.07794367095388029,0.12,0.483989061395099,false,100.0,false,64.76662882865861,0.07771995459439034,62.23670689300103,2.5172080185369965,0.07794014451949662,0.12,0.48404416106097164,false,100.0,false,64.76940587194882,0.07772328704633859,62.23810083937713,2.517264397692812,0.07793338309201307,0.12,0.48407576644929656,false,100.0,false,64.76454911640917,0.077717458939691,62.23566293192532,2.5171657947863837,0.07793688791154121,0.12,0.48402049224130295,false,100.0,false,[]
1,child-f9d0c0c9a9ae419f6470a221,py-f996c906ee10788ea67a,f996c906ee10,4b81296e5dd75a57ec2747997355f69bfd8a5d1068302c364c372acc996e4530,evt-f995ed1560c04986ae8d939f90177e4e,45587,Alpha,SIM,vehicle-adapter,2026-08-15T05:18:06.337063Z,1.89,1.9,191,1.89,,fast-sim-Alpha,1,home,TAKING_OFF,true,true,true,simulated,98.56401758600943,-1.348942880310214,0.0010016603659576211,0.3115598190080572,-1.3516372485746317,-0.0031059296434610226,0.3115285832573609,-0.0012212796812138182,-0.002574210384145685,0.19679414535775358,0.0001201044615670821,0.000232410591598117,1.0308217706923376e-07,,,,,99.5736199758536,4.195758663438121,4.044128826238705,2.0217311626393824,false,,false,modeled_transport,SIMULATED_MODEL,100.0,30.0,0.0,0.0007037488627879831,0.0014495215887414343,9.629913593895289,-0.0016403793525298141,-0.0020582593248317893,-1.421688959049458e-07,,,,,,-0.0012212799076972022,-0.0025742102768200998,0.0,0.3115285939178326,99.76730688236508,DEGRADED,1.89,4.0,1.89,3.3511962952218184,VALID,0.6487257883324345,VALID,2.001860201887615,VALID,1.9949493000785175,VALID,2.1907082541731566,VALID,0.3115016980683275,VALID,crazyflie-6dof,2.0.0,64.89632794954781,0.07787559353945736,62.30062309834289,2.5195174576464137,0.07793567422300911,0.12,0.4853934615906144,false,100.0,false,64.89790659433477,0.07787748791320173,62.30141378300458,2.519549433952742,0.07793349533087036,0.12,0.4854114328814957,false,100.0,false,64.90324440734155,0.07788389328880985,62.304087141401055,2.519657548010282,0.07793000733076824,0.12,0.48547219955902166,false,100.0,false,64.90165177878056,0.07788198213453668,62.303289523748106,2.5196252913248562,0.07793216580639546,0.12,0.48545406860825036,false,100.0,false,[]
1,child-f9d0c0c9a9ae419f6470a221,py-f996c906ee10788ea67a,f996c906ee10,4b81296e5dd75a57ec2747997355f69bfd8a5d1068302c364c372acc996e4530,evt-e5c5f3557d1b458ca61bf5a8ffc71633,45588,Alpha,SIM,vehicle-adapter,2026-08-15T05:18:06.343500Z,1.9,1.91,192,1.9,,fast-sim-Alpha,1,home,TAKING_OFF,true,true,true,simulated,98.56067221481462,-1.3505111520839046,0.001398161881010334,0.31217601946416734,-1.3516487319451882,-0.0031318617282349117,0.3134785888149027,-0.0011895742716555627,-0.002573233560916613,0.19500055575418213,0.00010243518907679718,0.00021147227351288865,9.887995592346062e-08,,,,,99.57137793087355,4.195736199758536,4.044398163606351,2.0178404820489466,false,,false,modeled_transport,SIMULATED_MODEL,100.0,30.0,0.0,0.0006846521422117888,0.0014499492123872457,9.627291301680344,-0.0017669271558097641,-0.0020938318424772516,-1.87241802541011e-07,,,,,,-0.001189574496954071,-0.002573233456791977,0.0,0.3134785974690264,99.77261382186464,DEGRADED,1.9,4.0,1.9,3.3504100181609844,VALID,0.6480258919777255,VALID,2.003496246860299,VALID,1.9979811736640105,VALID,2.1865357455373378,VALID,0.3140138453997164,VALID,crazyflie-6dof,2.0.0,64.811568640939,0.0777738823691268,62.25740957425916,2.5179375295302218,0.07790640144211146,0.12,0.48447400678233365,false,100.0,false,64.811752524432,0.07777410302931839,62.25750180514602,2.5179412597145165,0.07790481894302932,0.12,0.48447609952677895,false,100.0,false,64.80913468418383,0.0777709616210206,62.25618874199491,2.517888154212546,0.07790141636966373,0.12,0.4844463065412479,false,100.0,false,64.80893809275105,0.07777072571130125,62.25609013283122,2.5178841660653406,0.0779029797329052,0.12,0.4844440691985863,false,100.0,false,[]
1,child-f9d0c0c9a9ae419f6470a221,py-f996c906ee10788ea67a,f996c906ee10,4b81296e5dd75a57ec2747997355f69bfd8a5d1068302c364c372acc996e4530,evt-336d1cdf2ea2481dadef7c28aad72e7d,45589,Alpha,SIM,vehicle-adapter,2026-08-15T05:18:06.359200Z,1.91,1.92,193,1.91,,fast-sim-Alpha,1,home,TAKING_OFF,true,true,true,simulated,98.57847992089913,-1.3488922135218846,-0.0007695610037833419,0.3152730624765861,-1.3516599626561756,-0.003157730087659389,0.3154106075392946,-0.001160389170409063,-0.0025705362879736124,0.19320187243919135,8.436594364907108e-05,0.000193155845691883,9.488223589656366e-08,,,,,99.56913418683541,4.195713779308735,4.04426105673342,2.0193696343304675,false,,false,modeled_transport,SIMULATED_MODEL,100.0,30.0,0.0,0.0006671265622375105,0.001449425796942396,9.626781888921554,-0.0018069244619422758,-0.001831642811576141,-2.286955198117057e-07,,,,,,-0.0011603893940649972,-0.002570536187021322,0.0,0.3154106145456356,99.77753946928624,DEGRADED,1.91,4.0,1.91,3.3479581116183477,VALID,0.6498690189365155,VALID,1.9996901990445815,VALID,1.9968415200995115,VALID,2.18352226357699,VALID,0.3144590819774493,VALID,crazyflie-6dof,2.0.0,64.83652318521163,0.07780382782225397,62.269026566080434,2.5183219918189788,0.07789006178203418,0.12,0.4847061769939683,false,100.0,false,64.85709267586924,0.07782851121104307,62.27933744977056,2.5187389908726634,0.07789501161394831,0.12,0.48494028091212893,false,100.0,false,64.86046880734621,0.07783256256881545,62.281029467280135,2.5188074204778763,0.07789346227687366,0.12,0.48497870731503007,false,100.0,false,64.83988785422898,0.07780786542507477,62.27071341855556,2.5183902125367146,0.07788849464370702,0.12,0.4847444691093403,false,100.0,false,[]
1,child-f9d0c0c9a9ae419f6470a221,py-f996c906ee10788ea67a,f996c906ee10,4b81296e5dd75a57ec2747997355f69bfd8a5d1068302c364c372acc996e4530,evt-3d45c7c3211b456e8bb9edbe2e6b05be,45590,Alpha,SIM,vehicle-adapter,2026-08-15T05:18:06.369652Z,1.92,1.93,194,1.92,,fast-sim-Alpha,1,home,TAKING_OFF,true,true,true,simulated,98.55444030046999,-1.3468940910079181,0.0012445131507231129,0.3173985496376508,-1.3516709580804895,-0.003183514177694825,0.3173243529258584,-0.0011333856396959297,-0.002566367197053327,0.19137453865638016,6.292274771360459e-05,0.00017684282332761862,9.101563582488637e-08,,,,,99.56689427735688,4.195691341868354,4.044497452065569,2.0159185306777143,false,,false,modeled_transport,SIMULATED_MODEL,100.0,30.0,0.0,0.0006509461955850572,0.0014482569685077885,9.623916815243522,-0.002144319522096971,-0.0016313022606080278,-2.6652381382651585e-07,,,,,,-0.0011333858624407865,-0.002566367098977975,0.0,0.3173243585159484,99.78229695002304,DEGRADED,1.92,4.0,1.92,3.3514460813728872,VALID,0.6503372249004103,VALID,2.005845885490351,VALID,1.9974832352893996,VALID,2.1828670804992085,VALID,0.315955742995337,VALID,crazyflie-6dof,2.0.0,64.78107624865613,0.07773729149838736,62.24046513349282,2.5173140264778757,0.07786295238192542,0.12,0.48411243486042027,false,100.0,false,64.7809825737552,0.07773717908850623,62.24041812592479,2.5173121252579844,0.07786664410659579,0.12,0.48411136895579526,false,100.0,false,64.75773797250743,0.07770928556700891,62.22875133550133,2.51684026221657,0.07785854138634016,0.12,0.4838468891211985,false,100.0,false,64.7578213494295,0.07770938561931541,62.22879319165072,2.5168419550874654,0.07785483321052054,0.12,0.4838478377403002,false,100.0,false,[]
1,child-f9d0c0c9a9ae419f6470a221,py-f996c906ee10788ea67a,f996c906ee10,4b81296e5dd75a57ec2747997355f69bfd8a5d1068302c364c372acc996e4530,evt-88e082c004df489589b084db9f43a5c8,45591,Alpha,SIM,vehicle-adapter,2026-08-15T05:18:06.381552Z,1.93,1.94,195,1.93,,fast-sim-Alpha,1,home,TAKING_OFF,true,true,true,simulated,98.59225689457878,-1.3489605028454439,-0.0009245690193522491,0.3198707834446252,-1.3516817373467132,-0.003209191766299376,0.31921951139787086,-0.0011079869299703176,-0.002560252185851975,0.18951584720124354,3.960977498750918e-05,0.00015861638452563007,8.707343782098038e-08,,,,,99.56465611300158,4.195668942773569,4.0445928487922895,2.0143479197700818,false,,false,modeled_transport,SIMULATED_MODEL,100.0,30.0,0.0,0.0006355675008954279,0.001446091093332315,9.620781026591338,-0.002331297206592797,-0.0018226438981881453,-3.007796568910958e-07,,,,,,-0.0011079871507528368,-0.0025602520913841683,0.0,0.3192195156639351,99.78730534488217,DEGRADED,1.93,4.0,1.93,3.3520885189021192,VALID,0.647083607520373,VALID,2.0009954209839784,VALID,1.9974828323246756,VALID,2.179201961473395,VALID,0.3197581781858768,VALID,crazyflie-6dof,2.0.0,64.74555569343674,0.07769466683212409,62.221744593541686,2.51661623222419,0.07783232062723133,0.12,0.4837099573131953,false,100.0,false,64.7200460860198,0.07766405530322376,62.208933314693084,2.5160980681560408,0.07782748013410172,0.12,0.4834197545314644,false,100.0,false,64.72394017368094,0.07766872820841714,62.21088933330316,2.5161771811448648,0.07782255352763069,0.12,0.48346405218043353,false,100.0,false,64.74944057700493,0.07769932869240592,62.2236951562003,2.5166951245419913,0.07782737891078319,0.12,0.4837541557449882,false,100.0,false,[]
1,child-f9d0c0c9a9ae419f6470a221,py-f996c906ee10788ea67a,f996c906ee10,4b81296e5dd75a57ec2747997355f69bfd8a5d1068302c364c372acc996e4530,evt-84e8d06c13234eeb9d31834bb9d0f173,45592,Alpha,SIM,vehicle-adapter,2026-08-15T05:18:06.395097Z,1.95,1.96,197,1.95,,fast-sim-Alpha,1,home,TAKING_OFF,true,true,true,simulated,98.59890780724346,-1.3500962871643973,-0.0016452696870885152,0.321470215110048,-1.351702726607096,-0.0032601179015742795,0.32295285736645657,-0.001063077330620841,-0.0025419171223753398,0.1857165349117727,-2.038447904910694e-05,0.00012100723696838692,7.974607576566109e-08,,,,,99.56018167267658,4.195624205023243,4.044503203802915,2.0149466829221456,false,,false,modeled_transport,SIMULATED_MODEL,100.0,30.0,0.0,0.0006080766016351297,0.0014390474326614637,9.616497471817118,-0.0032385562816542694,-0.0018259390846226634,-3.589170155046129e-07,,,,,,-0.0010630775473820123,-0.002541917038127204,0.0,0.3229528597980136,99.79626441927863,DEGRADED,1.95,4.0,1.95,3.3534247811290308,VALID,0.650267821111445,VALID,2.003907046394153,VALID,1.9972764205094908,VALID,2.1741134699285003,VALID,0.32176287535546816,VALID,crazyflie-6dof,2.0.0,64.75309718139516,0.07770371661767418,62.223625902405125,2.5166365431451156,0.07778121746334049,0.12,0.48373205741060865,false,100.0,false,64.76661371638707,0.07771993645966448,62.23041081405641,2.5169109591142274,0.0777828644280843,0.12,0.4838858182295418,false,100.0,false,64.75391145047217,0.07770469374056661,62.224034685478934,2.5166530763896326,0.07777130925907297,0.12,0.48374132005177456,false,100.0,false,64.74038775039345,0.07768846530047215,62.21724473406126,2.5163784565870078,0.07776964979481037,0.12,0.48358748723022077,false,100.0,false,[]
1,child-f9d0c0c9a9ae419f6470a221,py-f996c906ee10788ea67a,f996c906ee10,4b81296e5dd75a57ec2747997355f69bfd8a5d1068302c364c372acc996e4530,evt-4a4fe25badb34d0085c7aa409edcac59,45593,Alpha,SIM,vehicle-adapter,2026-08-15T05:18:06.405521Z,1.96,1.97,198,1.96,,fast-sim-Alpha,1,home,TAKING_OFF,true,true,true,simulated,98.59581358085445,-1.3486999177992773,-0.00014021796567762704,0.3245106153114351,-1.351712971150674,-0.0032852983325530427,0.32479092898738865,-0.0010439249585220505,-0.0025290321709738528,0.18380716209320785,-5.9785957527111065e-05,0.00010592965482347421,7.651978291008525e-08,,,,,99.5579439140081,4.195601816726766,4.044553106605635,2.0139828016299814,false,,false,modeled_transport,SIMULATED_MODEL,100.0,30.0,0.0,0.0005964060288829536,0.001433944428448897,9.615712938184696,-0.003940147811701914,-0.0015077582006684112,-3.8306810044347494e-07,,,,,,-0.001043925173916658,-0.0025290320956127704,0.0,0.324790931390103,99.79772308313174,DEGRADED,1.96,4.0,1.96,3.3513865150420092,VALID,0.6468720294027059,VALID,2.0075098021446425,VALID,1.9955580216089093,VALID,2.1812147873305436,VALID,0.32618849232291797,VALID,crazyflie-6dof,2.0.0,64.73773125057295,0.07768527750068753,62.21515244683121,2.5163248810677437,0.07776661670686591,0.12,0.48355151498987936,false,100.0,false,64.75464894223802,0.0777055787306856,62.22364647938409,2.516668426725237,0.077772903559123,0.12,0.4837439514829642,false,100.0,false,64.72791898012521,0.07767350277615025,62.210224801438926,2.5161255798329476,0.07775624238026475,0.12,0.48343990897446254,false,100.0,false,64.7109950171841,0.07765319402062092,62.20172381794661,2.5157817530410167,0.0777499442637799,0.12,0.48324742618267547,false,100.0,false,[]
1,child-f9d0c0c9a9ae419f6470a221,py-f996c906ee10788ea67a,f996c906ee10,4b81296e5dd75a57ec2747997355f69bfd8a5d1068302c364c372acc996e4530,evt-2852e5e060d54249af6da92302dbe5d2,45594,Alpha,SIM,vehicle-adapter,2026-08-15T05:18:06.416032Z,1.97,1.98,199,1.97,,fast-sim-Alpha,1,home,TAKING_OFF,true,true,true,simulated,98.59114529077502,-1.3475245853255318,0.0015889044574159267,0.32629908844403377,-1.3517230675983292,-0.0033102353027736424,0.32660959169399584,-0.001026579261248737,-0.002512756130272972,0.18186627066071864,-0.0001047975766061129,9.311528979146058e-05,7.3532464668732e-08,,,,,99.55571012287335,4.195579439140081,4.044798537543667,2.0104120212792926,false,,false,modeled_transport,SIMULATED_MODEL,100.0,30.0,0.0,0.000585883010048674,0.0014272343683597972,9.612561155334475,-0.004501161878929614,-0.0012814364746213543,-4.041834958674187e-07,,,,,,-0.001026579474988461,-0.002512756068584274,0.0,0.3266095949034233,99.7961342085501,DEGRADED,1.97,4.0,1.97,3.352493242363492,VALID,0.6452194724458121,VALID,2.0020705645000976,VALID,1.9908497932299556,VALID,2.171632677541822,VALID,0.3297877645848105,VALID,crazyflie-6dof,2.0.0,64.65367862213466,0.07758441434656159,62.17215736472813,2.5147385118478702,0.07773234774841468,0.12,0.4826345372217292,false,100.0,false,64.65255988559649,0.07758307186271578,62.17159480047564,2.5147157572572127,0.07773673823129236,0.12,0.48262181601291876,false,100.0,false,64.64813530998504,0.07757776237198204,62.16936976929311,2.5146257592284824,0.07772289699402032,0.12,0.48257150462329995,false,100.0,false,64.6492485819805,0.0775790982983766,62.169929627197796,2.514648404352823,0.0777184964151529,0.12,0.4825841634213446,false,100.0,false,[]
1,child-f9d0c0c9a9ae419f6470a221,py-f996c906ee10788ea67a,f996c906ee10,4b81296e5dd75a57ec2747997355f69bfd8a5d1068302c364c372acc996e4530,evt-6072756fcf45426382b31b5b9cd78b57,45595,Alpha,SIM,vehicle-adapter,2026-08-15T05:18:06.426313Z,1.98,1.99,200,1.98,,fast-sim-Alpha,1,home,TAKING_OFF,true,true,true,simulated,98.56165192017413,-1.3488479221026544,-0.0005979710755119228,0.3272565973586463,-1.3517330297303318,-0.0033348854059135893,0.3284085464640782,-0.0010105729736787407,-0.0024921647151121976,0.17989547700823488,-0.0001509458115252967,7.982308403828216e-05,7.100752083939156e-08,,,,,99.55347759241431,4.195557101228734,4.044861295243516,2.009277413144492,false,,false,modeled_transport,SIMULATED_MODEL,100.0,30.0,0.0,0.00057609116210944,0.0014181462345450766,9.60957103489054,-0.004614823470904392,-0.0013292205325372184,-4.224640663360376e-07,,,,,,-0.001010573183888716,-0.0024921646717454447,0.0,0.3284085512516776,99.7928132835386,DEGRADED,1.98,4.0,1.98,3.3521046413600337,VALID,0.6500783681592088,VALID,2.0063525801291315,VALID,1.9939822799753253,VALID,2.1711160587241065,VALID,0.32793127521734433,VALID,crazyflie-6dof,2.0.0,64.62427045150852,0.07754912454181023,62.15646067139639,2.5141426201905706,0.07769785222964917,0.12,0.4822940157158533,false,100.0,false,64.60803375830629,0.07752964050996755,62.14829099828497,2.513812168244939,0.07769630489738502,0.12,0.48210942296306536,false,100.0,false,64.6287291370514,0.07755447496446166,62.15870371952785,2.514233348376274,0.0776920811275855,0.12,0.48234470846264776,false,100.0,false,64.64496109485928,0.07757395331383113,62.16686817721659,2.5145635893652925,0.07769361945993804,0.12,0.4825292660029257,false,100.0,false,[]
1,child-f9d0c0c9a9ae419f6470a221,py-f996c906ee10788ea67a,f996c906ee10,4b81296e5dd75a57ec2747997355f69bfd8a5d1068302c364c372acc996e4530,evt-d7db616e0298409c98c2821ef666570f,45596,Alpha,SIM,vehicle-adapter,2026-08-15T05:18:06.436907Z,1.9899999999999998,1.9999999999999998,201,1.9899999999999998,,fast-sim-Alpha,1,home,TAKING_OFF,true,true,true,simulated,98.53867283221369,-1.3502164835930761,0.0019106025096573536,0.3310793676927106,-1.351742871382856,-0.003359204237740034,0.33018763408032986,-0.0009959735196988556,-0.002467177341018036,0.17790876162517114,-0.00019838408693962677,6.637282189334548e-05,6.897536193400415e-08,,,,,99.55124453451407,4.195534775924143,4.04480336765657,2.009752110207812,false,,false,modeled_transport,SIMULATED_MODEL,100.0,30.0,0.0,0.0005670863654292677,0.0014066429531018809,9.607978988618472,-0.004743827527468056,-0.0013450261588807122,-4.381448213037141e-07,,,,,,-0.000995973724553203,-0.0024671773208698147,0.0,0.33018764130509914,99.78844039957126,DEGRADED,1.9899999999999998,4.0,1.9899999999999998,3.3468343604424855,VALID,0.6487432923588055,VALID,2.004560615438392,VALID,1.9920301237636657,VALID,2.1698032660628654,VALID,0.33141350750733267,VALID,crazyflie-6dof,2.0.0,64.64179949845487,0.07757015939814584,62.16437001263486,2.514426531753546,0.07767609476570937,0.12,0.4824595719453968,false,100.0,false,64.64280640771427,0.07757136768925714,62.16487642079783,2.514447014967976,0.07767523251809809,0.12,0.482471019766603,false,100.0,false,64.63801156379839,0.07756561387655807,62.16246485773414,2.5143494719839627,0.07767062730898272,0.12,0.48241650640447764,false,100.0,false,64.63700054163372,0.07756440064996047,62.16195634017193,2.514328903448481,0.07767148156577126,0.12,0.48240501209133485,false,100.0,false,[]
1,child-f9d0c0c9a9ae419f6470a221,py-f996c906ee10788ea67a,f996c906ee10,4b81296e5dd75a57ec2747997355f69bfd8a5d1068302c364c372acc996e4530,evt-e940481f77ab435fbde899f07241a635,45597,Alpha,SIM,vehicle-adapter,2026-08-15T05:18:06.447385Z,1.9999999999999998,2.01,202,1.9999999999999998,,fast-sim-Alpha,1,home,TAKING_OFF,true,true,true,simulated,98.53479164363209,-1.3510393008966481,0.0012366460621870022,0.3317832033193832,-1.3517526039040635,-0.003383150908084365,0.33194634585023597,-0.0009829985372056301,-0.002437328533907834,0.17587117699061056,-0.00024257331578720728,5.541814896106143e-05,6.687577086395322e-08,,,,,99.54901732614668,4.195512445345141,4.045175880548221,2.0044875306510175,false,,false,modeled_transport,SIMULATED_MODEL,100.0,30.0,0.0,0.0005591389431442509,0.0013922094092471758,9.602892202514775,-0.004418922872691549,-0.0010954672205894338,-4.514863058687095e-07,,,,,,-0.0009829987344782511,-0.002437328539877459,0.0,0.3319463561261307,99.78413245610432,DEGRADED,1.9999999999999998,4.0,1.9999999999999998,3.3480678288916446,VALID,0.6500419328572671,VALID,1.9994714050132274,VALID,1.9959264215200818,VALID,2.1673937206004688,VALID,0.3310778535738647,VALID,crazyflie-6dof,2.0.0,64.49417290523655,0.07739300748628385,62.089211685638915,2.511617815529993,0.0776185819861551,0.12,0.48084788917165383,false,100.0,false,64.51297489447624,0.07741556987337149,62.09868974359005,2.5120012196441768,0.07762354731000386,0.12,0.48106155152052127,false,100.0,false,64.54239468014761,0.07745087361617713,62.11351421463769,2.5126008955714147,0.07762886979914412,0.12,0.48139591196527426,false,100.0,false,64.52358909284443,0.07742830691141332,62.1040390252913,2.5122176074973384,0.0776238973951788,0.12,0.481182177993568,false,100.0,false,[]
1,child-f9d0c0c9a9ae419f6470a221,py-f996c906ee10788ea67a,f996c906ee10,4b81296e5dd75a57ec2747997355f69bfd8a5d1068302c364c372acc996e4530,evt-127e0db2cdf04578908f2a20bd88d6ce,45598,Alpha,SIM,vehicle-adapter,2026-08-15T05:18:06.454271Z,2.01,2.0199999999999996,203,2.01,,fast-sim-Alpha,1,home,TAKING_OFF,true,true,true,simulated,98.52978854970696,-1.3483180720897805,-0.0006947469716732796,0.3324423006957245,-1.351762232907001,-0.003406690172561169,0.33368439964067464,-0.0009716403167121269,-0.0024027949460264848,0.17380537904386745,-0.0002811690892722316,5.028649023638992e-05,6.359258951762977e-08,,,,,99.54678912994346,4.195490173261467,4.045086929543643,2.0053765829005132,false,,false,modeled_transport,SIMULATED_MODEL,100.0,30.0,0.0,0.0005524291215121107,0.0013748154761653334,9.600071011271009,-0.0038595773316291615,-0.0005131657689912009,-4.6270148558812417e-07,,,,,,-0.0009716405047137202,-0.0024027949792151033,0.0,0.33368441325246057,99.78053472419782,DEGRADED,2.01,4.0,2.01,3.354191480166566,VALID,0.6500812723277063,VALID,2.0041361395978017,VALID,1.9962208295978427,VALID,2.1676956987321048,VALID,0.3358970849164582,VALID,crazyflie-6dof,2.0.0,64.51618599753155,0.07741942319703786,62.09924963190922,2.511968630205039,0.07758049852224205,0.12,0.4810539648723799,false,100.0,false,64.5451449901552,0.07745417398818623,62.11384093278315,2.5125588610095404,0.07759287444506412,0.12,0.48138305319042857,false,100.0,false,64.56725681241015,0.07748070817489218,62.12497743801186,2.5130093423269555,0.07760347481074235,0.12,0.4816343620085041,false,100.0,false,64.53829471275567,0.0774459536553068,62.11038998720524,2.512419267261023,0.07759109263885926,0.12,0.4813052028292008,false,100.0,false,[]
1,child-f9d0c0c9a9ae419f6470a221,py-f996c906ee10788ea67a,f996c906ee10,4b81296e5dd75a57ec2747997355f69bfd8a5d1068302c364c372acc996e4530,evt-d4c00e0dd60e454390e1f105f5f22ffb,45599,Alpha,SIM,vehicle-adapter,2026-08-15T05:18:06.469368Z,2.0199999999999996,2.0299999999999994,204,2.0199999999999996,,fast-sim-Alpha,1,home,TAKING_OFF,true,true,true,simulated,98.54528903354954,-1.3492137097515056,0.002129404329845288,0.3363725310875613,-1.351771760674687,-0.003429790882228841,0.3354016872801646,-0.0009611131643617561,-0.0023642890153410014,0.17172876394899714,-0.00031572053143608624,4.854421161122974e-05,5.9394054496652084e-08,,,,,99.54455988585478,4.195467891299435,4.044993915311515,2.006319679812842,false,,false,modeled_transport,SIMULATED_MODEL,100.0,30.0,0.0,0.00054637744360337,0.0013549501035409182,9.598989434543391,-0.0034551441959819644,-0.00017422772947978988,-4.718508835728184e-07,,,,,,-0.0009611133421549659,-0.0023642890760921104,0.0,0.33540170439168765,99.77765239042918,DEGRADED,2.0199999999999996,4.0,2.0199999999999996,3.351603697422628,VALID,0.6501927041663716,VALID,2.008071301116167,VALID,1.999671679100894,VALID,2.1647403135767718,VALID,0.33376459884206183,VALID,crazyflie-6dof,2.0.0,64.57056311055655,0.07748467573266786,62.12570161876745,2.5129808503237308,0.07756670734547044,0.12,0.48162953845171713,false,100.0,false,64.56369596174436,0.07747643515409323,62.122243701351856,2.5128409777746734,0.07757395788665053,0.12,0.48155149580499096,false,100.0,false,64.56183225308129,0.07747419870369755,62.12130517170274,2.5128030143074733,0.07758136754718699,0.12,0.48153031588581185,false,100.0,false,64.56869692474471,0.07748243630969366,62.12476194994275,2.512942840776948,0.07757411157059027,0.12,0.481608329670322,false,100.0,false,[]
1,child-f9d0c0c9a9ae419f6470a221,py-f996c906ee10788ea67a,f996c906ee10,4b81296e5dd75a57ec2747997355f69bfd8a5d1068302c364c372acc996e4530,evt-9f6fb69cfd4d4aae9c017f8b10f94453,45600,Alpha,SIM,vehicle-adapter,2026-08-15T05:18:06.481070Z,2.0299999999999994,2.039999999999999,205,2.0299999999999994,,fast-sim-Alpha,1,home,TAKING_OFF,true,true,true,simulated,98.53227036085137,-1.348994137889567,0.0010229094871011981,0.33677515048948786,-1.3517811865761373,-0.0034524298367809778,0.33709771228618357,-0.0009510386264997398,-0.002321968245617044,0.1696025006018896,-0.00034240695658869727,4.9813691063829797e-05,5.418717053807268e-08,,,,,99.54233687004933,4.195445598858548,4.045392031988591,2.0007142249134753,false,,false,modeled_transport,SIMULATED_MODEL,100.0,30.0,0.0,0.0005407488766148631,0.0013324904356877103,9.59402472279722,-0.002668642489812566,0.0001269481097378437,-4.789144016721412e-07,,,,,,-0.0009510387931053616,-0.0023219683301996604,0.0,0.3370977324655156,99.7761728744191,DEGRADED,2.0299999999999994,4.0,2.0299999999999994,3.350075767305261,VALID,0.647871733538751,VALID,2.001508531105449,VALID,1.9984899358026305,VALID,2.1623543648577837,VALID,0.333653126119548,VALID,crazyflie-6dof,2.0.0,64.41728475104607,0.07730074170125528,62.047600073276,2.5100686694044545,0.07751371737732805,0.12,0.4799598257927473,false,100.0,false,64.42097758054418,0.077305173096653,62.0494641832879,2.510144079962344,0.07752026850508822,0.12,0.4800017720733454,false,100.0,false,64.45579544810568,0.0773469545377268,62.06703426636334,2.510854858703091,0.0775362317274777,0.12,0.48039730015758225,false,100.0,false,64.4521008726974,0.07734252104723688,62.06517036668667,2.510779456654087,0.07752967599363665,0.12,0.4803553268898004,false,100.0,false,[]
1,child-f9d0c0c9a9ae419f6470a221,py-f996c906ee10788ea67a,f996c906ee10,4b81296e5dd75a57ec2747997355f69bfd8a5d1068302c364c372acc996e4530,evt-6837b2e699bd41daa02f5e182272361b,45601,Alpha,SIM,vehicle-adapter,2026-08-15T05:18:06.492350Z,2.039999999999999,2.049999999999999,206,2.039999999999999,,fast-sim-Alpha,1,home,TAKING_OFF,true,true,true,simulated,98.53721875212909,-1.347129262679192,-0.0012748736036086263,0.33872639219399403,-1.351790507816711,-0.0034745923233185797,0.33877223971222026,-0.0009410506367855678,-0.0022765986005971565,0.16745274260367413,-0.0003604017262321133,5.33083458570117e-05,4.812116072739758e-08,,,,,99.54011235039295,4.195423368700493,4.045268291893338,2.002067690738996,false,,false,modeled_transport,SIMULATED_MODEL,100.0,30.0,0.0,0.00053529270828389,0.0013078239059788424,9.59167533661253,-0.0017994769331131813,0.00034946567091802933,-4.83797258750417e-07,,,,,,-0.0009410507914142327,-0.002276598703165728,0.0,0.33877226219504175,99.7762289313224,DEGRADED,2.039999999999999,4.0,2.039999999999999,3.3572423866759,VALID,0.6470170364984512,VALID,2.0018250687600645,VALID,1.9980379722714625,VALID,2.163394783620025,VALID,0.3351330209179872,VALID,crazyflie-6dof,2.0.0,64.46072120166197,0.07735286544199436,62.06843698999962,2.5108348008302506,0.07748510073412995,0.12,0.48040082888150426,false,100.0,false,64.46077223076888,0.07735292667692266,62.06846273060505,2.5108358421068,0.07749003899061165,0.12,0.48040140854692887,false,100.0,false,64.48116057435517,0.07737739268922621,62.07874545356356,2.5112518058381843,0.07750812112540673,0.12,0.4806330216309192,false,100.0,false,64.48110864494436,0.07737733037393323,62.07871926779246,2.5112507465534883,0.07750317913880791,0.12,0.4806324316796437,false,100.0,false,[]
1,child-f9d0c0c9a9ae419f6470a221,py-f996c906ee10788ea67a,f996c906ee10,4b81296e5dd75a57ec2747997355f69bfd8a5d1068302c364c372acc996e4530,evt-4015069925074ad69aa955848858eb5b,45602,Alpha,SIM,vehicle-adapter,2026-08-15T05:18:06.503478Z,2.0599999999999987,2.0699999999999985,208,2.0599999999999987,,fast-sim-Alpha,1,home,TAKING_OFF,true,true,true,simulated,98.50224972399563,-1.3470688499818424,0.0023136270444926205,0.34305652165083306,-1.3518088299404578,-0.00351745644186394,0.34205579718762386,-0.0009202578703210678,-0.002180565610398378,0.16308134136883132,-0.0003789378423442476,5.8803555938615705e-05,3.634140209905858e-08,,,,,99.53566670797271,4.195378897864791,4.045321098685216,2.000770655737666,false,,false,modeled_transport,SIMULATED_MODEL,100.0,30.0,0.0,0.0005238354448744458,0.0012545280681508283,9.587344730839662,-0.0005720701061983757,0.0003690026636614122,-4.8661732637704e-07,,,,,,-0.0009202579997462506,-0.0021805657335128696,0.0,0.3420558223375766,99.77953696424665,DEGRADED,2.0599999999999987,4.0,2.0599999999999987,3.348450966641219,VALID,0.6490643099949652,VALID,2.001711310591616,VALID,2.00170954366986,VALID,2.158722827507922,VALID,0.3411198261218596,VALID,crazyflie-6dof,2.0.0,64.42172539844982,0.07730607047813978,62.046850660760654,2.5099943408494583,0.07743283136463923,0.12,0.479926899860767,false,100.0,false,64.44485012637202,0.07733382015164642,62.05852049197964,2.510466422993941,0.07743704303203519,0.12,0.4801895295264241,false,100.0,false,64.46852502413832,0.07736223002896597,62.070463265038036,2.51094954651224,0.07745214691534716,0.12,0.4804584383196676,false,100.0,false,64.44540116017767,0.07733448139221319,62.05879851434081,2.510477669891176,0.07744793340653981,0.12,0.4801957880308075,false,100.0,false,[]
1,child-f9d0c0c9a9ae419f6470a221,py-f996c906ee10788ea67a,f996c906ee10,4b81296e5dd75a57ec2747997355f69bfd8a5d1068302c364c372acc996e4530,evt-0434ad4965d8452db68ace43a60bd676,45603,Alpha,SIM,vehicle-adapter,2026-08-15T05:18:06.513186Z,2.0699999999999985,2.0799999999999983,209,2.0699999999999985,,fast-sim-Alpha,1,home,TAKING_OFF,true,true,true,simulated,98.494469687252,-1.3486798439215215,-0.0020167434341565853,0.3448256286607211,-1.3518178269850778,-0.003538162486494713,0.3436642047303231,-0.0009094156992036282,-0.0021308645577875237,0.16084075426992514,-0.0003746588446207055,6.037829537239249e-05,3.0903250344438823e-08,,,,,99.53344916819002,4.195356667079727,4.045672731746599,1.9957858044328756,false,,false,modeled_transport,SIMULATED_MODEL,100.0,30.0,0.0,0.0005177895743009932,0.001226175703272984,9.582592470787597,0.0004278998047613327,0.00015747413710788335,-4.844792162907485e-07,,,,,,-0.0009094158149147716,-0.0021308646792375582,0.0,0.34366422947668845,99.78351795101032,DEGRADED,2.0699999999999985,4.0,2.0699999999999985,3.3525135767953174,VALID,0.6472476753039204,VALID,2.0039399444872945,VALID,1.9986348607386952,VALID,2.155513388692826,VALID,0.3417248266644171,VALID,crazyflie-6dof,2.0.0,64.32553687817446,0.07719064425380935,61.99737857924074,2.5082110395780495,0.07738597548367349,0.12,0.4788943722051617,false,100.0,false,64.29983566201723,0.07715980279442068,61.984382355658084,2.5076852549044095,0.07738146708496929,0.12,0.47860260121358644,false,100.0,false,64.33470795578754,0.07720164954694504,62.00201471640278,2.508398602515021,0.07740322880438848,0.12,0.47899849503848724,false,100.0,false,64.3604109337803,0.07723249312053636,62.01500419747165,2.5089241144086194,0.07740773634703876,0.12,0.4792903359756399,false,100.0,false,[]
1,child-f9d0c0c9a9ae419f6470a221,py-f996c906ee10788ea67a,f996c906ee10,4b81296e5dd75a57ec2747997355f69bfd8a5d1068302c364c372acc996e4530,evt-26047441ffc441e987b93b8223edbea5,45604,Alpha,SIM,vehicle-adapter,2026-08-15T05:18:06.526016Z,2.0799999999999987,2.0899999999999985,210,2.0799999999999987,,fast-sim-Alpha,1,home,TAKING_OFF,true,true,true,simulated,98.4910859011341,-1.3495048732065178,-0.00017098094224647642,0.34528119427658494,-1.3518267156760349,-0.0035583981480926505,0.3452497590103344,-0.0008983387094844759,-0.002081603892302773,0.15855542800112443,-0.00036604251803301196,5.972462828471413e-05,2.634500820485747e-08,,,,,99.5312333489473,4.1953344916819,4.045766692797894,1.994237318444451,false,,false,modeled_transport,SIMULATED_MODEL,100.0,30.0,0.0,0.0005114872514275523,0.0011978318442723026,9.578118500881073,0.000861632686147578,-6.536653547080249e-05,-4.80032786455229e-07,,,,,,-0.0008983388114340608,-0.002081604008090098,0.0,0.34524978275560536,99.78823232405215,DEGRADED,2.0799999999999987,4.0,2.0799999999999987,3.3486557094125704,VALID,0.6476070589326609,VALID,2.004573315434953,VALID,1.997798417487526,VALID,2.153348872869257,VALID,0.3460189472293162,VALID,crazyflie-6dof,2.0.0,64.30990665274479,0.07717188798329375,61.98837382588859,2.507904981654848,0.07734629729887611,0.12,0.47871339505012145,false,100.0,false,64.30505040129215,0.07716606048155059,61.985918014241605,2.507805625245197,0.07734145942997117,0.12,0.4786582664332917,false,100.0,false,64.28276108824252,0.07713931330589102,61.974643705377716,2.5073494930123386,0.07735115804633487,0.12,0.4784052529500079,false,100.0,false,64.28761984862341,0.07714514381834808,61.97710170905096,2.507448938106258,0.07735599602080437,0.12,0.47846040401102985,false,100.0,false,[]
1,child-f9d0c0c9a9ae419f6470a221,py-f996c906ee10788ea67a,f996c906ee10,4b81296e5dd75a57ec2747997355f69bfd8a5d1068302c364c372acc996e4530,evt-a6f27054abdb48189e93203a02cef9fd,45605,Alpha,SIM,vehicle-adapter,2026-08-15T05:18:06.536506Z,2.0899999999999985,2.0999999999999983,211,2.0899999999999985,,fast-sim-Alpha,1,home,TAKING_OFF,true,true,true,simulated,98.45302591052899,-1.3490805372278634,0.0018903632248371185,0.3464456283503495,-1.3518354980645428,-0.0035781776441740076,0.34681223806561434,-0.00088734096431833,-0.0020332927636703465,0.15624790552799306,-0.0003542026764771001,5.825460287702554e-05,2.2139886379558923e-08,,,,,99.52901639067053,4.195312333489473,4.045667649808081,1.9952624490925364,false,,false,modeled_transport,SIMULATED_MODEL,100.0,30.0,0.0,0.0005051844689031649,0.0011698462971742145,9.575898813421789,0.0011839841804109007,-0.00014700237980327723,-4.73451090179405e-07,,,,,,-0.0008873410527956748,-0.0020332928715727067,0.0,0.3468122604095375,99.79342548860201,DEGRADED,2.0899999999999985,4.0,2.0899999999999985,3.3519790700443077,VALID,0.6443700495048168,VALID,2.003693553207638,VALID,1.9976347883205787,VALID,2.1544733508395835,VALID,0.3481049029949666,VALID,crazyflie-6dof,2.0.0,64.31983396604289,0.07718380075925146,61.992275141550635,2.508001420781731,0.0773178874952032,0.12,0.47877863137528504,false,100.0,false,64.32591860725513,0.07719110232870616,61.99535129748367,2.508125871827171,0.07731606837445977,0.12,0.4788477009265448,false,100.0,false,64.3263480376078,0.07719161764512936,61.99556838871272,2.5081346546167955,0.07732348486086148,0.12,0.4788525756652239,false,100.0,false,64.32026649357783,0.0771843197922934,61.99249382091902,2.5080102678221947,0.07732530498552141,0.12,0.47878354112548266,false,100.0,false,[]
1,child-f9d0c0c9a9ae419f6470a221,py-f996c906ee10788ea67a,f996c906ee10,4b81296e5dd75a57ec2747997355f69bfd8a5d1068302c364c372acc996e4530,evt-460bd0feb51743f8bd042cb894e20d65,45606,Alpha,SIM,vehicle-adapter,2026-08-15T05:18:06.547203Z,2.0999999999999988,2.1099999999999985,212,2.0999999999999988,,fast-sim-Alpha,1,home,TAKING_OFF,true,true,true,simulated,98.46921561931607,-1.3494769037367742,0.0015017891551653236,0.34684945615811996,-1.351844176656744,-0.003597520748487054,0.3483514736243269,-0.0008765247132236289,-0.001986105830697572,0.15392355587125683,-0.0003365023527864031,5.62976497469212e-05,1.8166458675462188e-08,,,,,99.52679990628198,4.195290163906705,4.045677467678926,1.9948359496986532,false,,false,modeled_transport,SIMULATED_MODEL,100.0,30.0,0.0,0.0004989573423042639,0.0011421715782987327,9.57421600399346,0.0017700323918741312,-0.0001956951641247053,-4.6492661318748525e-07,,,,,,-0.0008765247883185472,-0.001986105927221415,0.0,0.3483514938989512,99.79950074664407,DEGRADED,2.0999999999999988,4.0,2.0999999999999988,3.347494580216452,VALID,0.6450966536184167,VALID,2.0015674862608996,VALID,1.9960395148544623,VALID,2.1519587994554183,VALID,0.34891579767191794,VALID,crazyflie-6dof,2.0.0,64.30205251173166,0.077162463014078,61.98229417578742,2.507603709420299,0.07729073461687334,0.12,0.4785568040048177,false,100.0,false,64.30286016388756,0.07716343219666508,61.98270262704392,2.5076202340407496,0.07728960868464022,0.12,0.4785659706383037,false,100.0,false,64.32886615013315,0.07719463938015977,61.99585157761148,2.5081521981710977,0.07730294516450581,0.12,0.4788611509725012,false,100.0,false,64.32806210238185,0.07719367452285822,61.99544512736222,2.508135754504946,0.07730407292709124,0.12,0.4788520240830305,false,100.0,false,[]
1,child-f9d0c0c9a9ae419f6470a221,py-f996c906ee10788ea67a,f996c906ee10,4b81296e5dd75a57ec2747997355f69bfd8a5d1068302c364c372acc996e4530,evt-f3f2b137071445d2ad65709ad7127eb1,45607,Alpha,SIM,vehicle-adapter,2026-08-15T05:18:06.558156Z,2.1099999999999985,2.1199999999999983,213,2.1099999999999985,,fast-sim-Alpha,1,home,TAKING_OFF,true,true,true,simulated,98.48742908964111,-1.3501202043539955,0.0015650324613491222,0.35019525234828525,-1.3518527534962632,-0.0036164537285876823,0.3498674527878653,-0.0008659907193166773,-0.001940581669585358,0.1515979163538438,-0.000311903108744616,5.479497350114247e-05,1.4107115810229973e-08,,,,,99.52458228352134,4.19526799906282,4.045578462720437,1.99586048457647,false,,false,modeled_transport,SIMULATED_MODEL,100.0,30.0,0.0,0.0004929150843383849,0.0011150547439915271,9.574086903131406,0.0024599244268509552,-0.0001502674850871497,-4.546514379785318e-07,,,,,,-0.0008659907811586952,-0.0019405817517620658,0.0,0.3498674703312764,99.80656289573449,DEGRADED,2.1099999999999985,4.0,2.1099999999999985,3.3537165657407018,VALID,0.6480517914766184,VALID,2.0051689730948983,VALID,1.996065633781602,VALID,2.150641281604174,VALID,0.3454137880930128,VALID,crazyflie-6dof,2.0.0,64.32915205150336,0.07719498246180402,61.99504729147556,2.5080582811772847,0.07727696328533905,0.12,0.478820743048529,false,100.0,false,64.33508475791102,0.07720210170949322,61.99804607438723,2.5081795992929035,0.07727788795465589,0.12,0.4788880792880381,false,100.0,false,64.35459015873836,0.07722550819048603,62.007903284401046,2.508578380458247,0.07729373194812006,0.12,0.47910947947122157,false,100.0,false,64.34866150304263,0.07721839380365116,62.004907533453604,2.5084571850031208,0.07729280986315366,0.12,0.4790421827686814,false,100.0,false,[]
1,child-f9d0c0c9a9ae419f6470a221,py-f996c906ee10788ea67a,f996c906ee10,4b81296e5dd75a57ec2747997355f69bfd8a5d1068302c364c372acc996e4530,evt-fbf6a13384014c6fa459d90b4004103e,45608,Alpha,SIM,vehicle-adapter,2026-08-15T05:18:06.569573Z,2.1199999999999983,2.129999999999998,214,2.1199999999999983,,fast-sim-Alpha,1,home,TAKING_OFF,true,true,true,simulated,98.47837259074878,-1.349260494830946,0.0009196708329209753,0.35350407779124277,-1.3518612284675897,-0.0036350100093719105,0.35135981058308313,-0.0008557849843839672,-0.0018973894250431467,0.14923577952178677,-0.0002798357565695436,5.5535504141962215e-05,9.4602050916896e-09,,,,,99.52237008405906,4.195245822835213,4.0459223591331455,1.9909795160498103,false,,false,modeled_transport,SIMULATED_MODEL,100.0,30.0,0.0,0.0004871829573155498,0.001088842742710839,9.570437038026906,0.003206735243416894,7.40531983381249e-05,-4.4278101312789707e-07,,,,,,-0.0008557850331403508,-0.0018973894912376807,0.0,0.35135982488206513,99.81459799884617,DEGRADED,2.1199999999999983,4.0,2.1199999999999983,3.3500819647728353,VALID,0.6467435883496668,VALID,2.0044414342718717,VALID,1.9996432113501,VALID,2.1465850044251145,VALID,0.350677743749207,VALID,crazyflie-6dof,2.0.0,64.2130180135514,0.07705562161626169,61.93545730699389,2.5058605154150295,0.0772345660758982,0.12,0.4775618061846385,false,100.0,false,64.22701932281143,0.07707242318737371,61.942547791386794,2.5061473909084526,0.07723944094086008,0.12,0.4777206618363867,false,100.0,false,64.24528650358566,0.07709434380430279,61.95179606229387,2.5065215687689153,0.0772568008870104,0.12,0.47792793353559293,false,100.0,false,64.23128967859549,0.07707754761431458,61.944710033679826,2.5062348735528452,0.07725192930241269,0.12,0.4777691144931922,false,100.0,false,[]
1,child-f9d0c0c9a9ae419f6470a221,py-f996c906ee10788ea67a,f996c906ee10,4b81296e5dd75a57ec2747997355f69bfd8a5d1068302c364c372acc996e4530,evt-14e5e48f2c344053991534a0dcb950eb,45609,Alpha,SIM,vehicle-adapter,2026-08-15T05:18:06.573511Z,2.1299999999999986,2.1399999999999983,215,2.1299999999999986,,fast-sim-Alpha,1,home,TAKING_OFF,true,true,true,simulated,98.46629594504961,-1.3495628185328834,0.00247049161232969,0.3511848074476366,-1.3518695995643653,-0.0036532290341012197,0.3528279202570525,-0.000845661779034025,-0.001857338184502434,0.14681096739693417,-0.0002413704610333871,5.825266838359182e-05,4.458218517404499e-09,,,,,99.5201632930372,4.19522370084059,4.046265306866559,1.9861119196757597,false,,false,modeled_transport,SIMULATED_MODEL,100.0,30.0,0.0,0.00048160716854092926,0.0010640526284065904,9.56416936723081,0.003846529582548174,0.0002717165453400252,-4.293884956657511e-07,,,,,,-0.0008456618148643223,-0.0018573382348362722,0.0,0.3528279311335155,99.82335489712521,DEGRADED,2.1299999999999986,4.0,2.1299999999999986,3.354409917149539,VALID,0.6474160119326756,VALID,2.005854909896824,VALID,1.9992648734240823,VALID,2.150137889958712,VALID,0.3538557335162395,VALID,crazyflie-6dof,2.0.0,64.1121931196562,0.07693463174358743,61.883305161348154,2.503962707485993,0.07717507788760057,0.12,0.47647173870485277,false,100.0,false,64.11457780710357,0.07693749336852428,61.88451496159261,2.5040116592135666,0.07717945331799572,0.12,0.4764987850560911,false,100.0,false,64.12210811028116,0.07694652973233738,61.88833491675595,2.5041662247340786,0.07719474751109633,0.12,0.4765841933989212,false,100.0,false,64.11972840187278,0.07694367408224732,61.88712779621238,2.5041173814343125,0.07719037603254808,0.12,0.47655720251589456,false,100.0,false,[]
1,child-f9d0c0c9a9ae419f6470a221,py-f996c906ee10788ea67a,f996c906ee10,4b81296e5dd75a57ec2747997355f69bfd8a5d1068302c364c372acc996e4530,evt-c89db07daeed4c2c898441d37d47bd2f,45610,Alpha,SIM,vehicle-adapter,2026-08-15T05:18:06.595325Z,2.1499999999999986,2.1599999999999984,217,2.1499999999999986,,fast-sim-Alpha,1,home,TAKING_OFF,true,true,true,simulated,98.51187330844164,-1.3494121721871744,0.0018765769265483125,0.35588425354780706,-1.3518860098336876,-0.003688847517605556,0.3556912200280022,-0.0008249332453119122,-0.0017892504113532566,0.14193766134508962,-0.00014263603267352818,7.19524445338239e-05,-6.224308361816406e-09,,,,,99.51574194094503,4.195179495424031,4.046166397005813,1.9868413122373971,false,,false,modeled_transport,SIMULATED_MODEL,100.0,30.0,0.0,0.0004706413835087488,0.0010200593500900431,9.561184860892105,0.005234933473244156,0.0008779663404173831,-3.9818205369124894e-07,,,,,,-0.0008249332546735664,-0.0017892504346890795,0.0,0.355691224567012,99.84253103565906,DEGRADED,2.1499999999999986,4.0,2.1499999999999986,3.3526400763278787,VALID,0.6476049876240815,VALID,2.0024070680889547,VALID,1.9953135736113101,VALID,2.144602848951078,VALID,0.35494472215190065,VALID,crazyflie-6dof,2.0.0,64.12979209078853,0.07695575050894624,61.890163390701545,2.5041789941665593,0.07712745851452206,0.12,0.4766029004672883,false,100.0,false,64.14639380572663,0.07697567256687196,61.898581978803435,2.5045196242494403,0.07713613420970898,0.12,0.4767911793382295,false,100.0,false,64.14873417237494,0.07697848100684992,61.89976856884412,2.504567635656936,0.07715102461435437,0.12,0.47681772250882115,false,100.0,false,64.13213849382633,0.07695856619259159,61.89135337501084,2.5042271429118115,0.07714235418707416,0.12,0.47662950992305814,false,100.0,false,[]
1,child-f9d0c0c9a9ae419f6470a221,py-f996c906ee10788ea67a,f996c906ee10,4b81296e5dd75a57ec2747997355f69bfd8a5d1068302c364c372acc996e4530,evt-c111fa0969d945ccacbcc86c0c913ca1,45611,Alpha,SIM,vehicle-adapter,2026-08-15T05:18:06.605949Z,2.1599999999999984,2.169999999999998,218,2.1599999999999984,,fast-sim-Alpha,1,home,TAKING_OFF,true,true,true,simulated,98.5592948272912,-1.3497093113137477,0.0005635919254836624,0.35773606764793536,-1.3518940304915943,-0.003706356498663228,0.35708576434680306,-0.0008137450055072038,-0.0017626993800623548,0.13945443188009018,-8.462472358552313e-05,8.374945650009533e-05,-1.1368832613572722e-08,,,,,99.51353504201919,4.19515741940945,4.0461917419129065,1.986209033269005,false,,false,modeled_transport,SIMULATED_MODEL,100.0,30.0,0.0,0.0004649668228737556,0.0010018217608030434,9.558327244966378,0.005801130950478126,0.0011797012479784616,-3.804025276986738e-07,,,,,,-0.0008137450008138963,-0.0017626993956253334,0.0,0.3570857668777047,99.85110375347509,DEGRADED,2.1599999999999984,4.0,2.1599999999999984,3.3535161276659067,VALID,0.6482021459758518,VALID,2.003975162250973,VALID,1.994853727682932,VALID,2.1453705414222566,VALID,0.35644081587969134,VALID,crazyflie-6dof,2.0.0,64.12071268555553,0.07694485522266664,61.88448471586455,2.5039649100986665,0.07709462102716728,0.12,0.47648161853080867,false,100.0,false,64.12223156789179,0.07694667788147014,61.88525513118248,2.503996082579639,0.077101594065495,0.12,0.476498841849413,false,100.0,false,64.13316819849425,0.07695980183819309,61.890801881326674,2.5042205147259176,0.07711604891177143,0.12,0.47662286123539366,false,100.0,false,64.13165590034295,0.07695798708041154,61.890034947505676,2.5041894831129867,0.07710908179778256,0.12,0.4766057116533897,false,100.0,false,[]
1,child-f9d0c0c9a9ae419f6470a221,py-f996c906ee10788ea67a,f996c906ee10,4b81296e5dd75a57ec2747997355f69bfd8a5d1068302c364c372acc996e4530,evt-b7e558524dd54b6697677cbbfd48bdaf,45612,Alpha,SIM,vehicle-adapter,2026-08-15T05:18:06.616728Z,2.1699999999999986,2.1799999999999984,219,2.1699999999999986,,fast-sim-Alpha,1,home,TAKING_OFF,true,true,true,simulated,98.59760148480191,-1.3499922748081967,0.0006089033883604242,0.35846863840431253,-1.3519019113635353,-0.0037237439474840294,0.35845512376095356,-0.0008015444281175878,-0.0017420205999412626,0.1369359414150419,-2.3921557087007902e-05,9.827402218809697e-05,-1.5769475303228454e-08,,,,,99.5113305638825,4.195135350420192,4.046333076195385,1.9840303230213225,false,,false,modeled_transport,SIMULATED_MODEL,100.0,30.0,0.0,0.0004588709102417715,0.0009867566717797185,9.554801071068596,0.006070316691766427,0.0014524565912391895,-3.6123488751937266e-07,,,,,,-0.0008015444086126679,-0.0017420206130796252,0.0,0.35845512559445586,99.85562513643285,DEGRADED,2.1699999999999986,4.0,2.1699999999999986,3.352185170370897,VALID,0.648089327416422,VALID,2.0024407458904347,VALID,1.9945563613054926,VALID,2.1398722568881383,VALID,0.3567628570954515,VALID,crazyflie-6dof,2.0.0,64.08068388292534,0.07689682065951041,61.863134204833294,2.5031884613013102,0.0770586535483618,0.12,0.47603617374975143,false,100.0,false,64.08474409010084,0.076901692908121,61.865194959578595,2.5032718463021886,0.0770651058382834,0.12,0.47608220699187453,false,100.0,false,64.07563624803942,0.0768907634976473,61.86057208461854,2.5030847893836086,0.0770732491020904,0.12,0.4759789466751728,false,100.0,false,64.07158310647637,0.07688589972777164,61.85851459916141,2.503001536669019,0.07706680337374561,0.12,0.4759329956045238,false,100.0,false,[]
1,child-f9d0c0c9a9ae419f6470a221,py-f996c906ee10788ea67a,f996c906ee10,4b81296e5dd75a57ec2747997355f69bfd8a5d1068302c364c372acc996e4530,evt-f6e29ad8445544f79919e2e9fc51e2f1,45613,Alpha,SIM,vehicle-adapter,2026-08-15T05:18:06.627514Z,2.1799999999999984,2.189999999999998,220,2.1799999999999984,,fast-sim-Alpha,1,home,TAKING_OFF,true,true,true,simulated,98.58167621159184,-1.349395214834241,0.0012177081448736327,0.36232196969034447,-1.3519096365752787,-0.003741069197764555,0.35979906829073277,-0.0007880589778386339,-0.0017275556991215829,0.13439445297792904,3.6975704684496266e-05,0.00011561345214104401,-1.906447933158752e-08,,,,,99.50912609752179,4.1951133056388255,4.0463118262925075,1.9840197246422098,false,,false,modeled_transport,SIMULATED_MODEL,100.0,30.0,0.0,0.0004522043208221504,0.0009751958979681236,9.552501242881638,0.006089726214270518,0.0017339429939543611,-3.408179750083327e-07,,,,,,-0.0007880589427853583,-0.001727555715326476,0.0,0.3597990709413137,99.85356715112458,DEGRADED,2.1799999999999984,4.0,2.1799999999999984,3.352765008788459,VALID,0.6472244025657838,VALID,2.0037540917284056,VALID,1.993906229743619,VALID,2.138870945807191,VALID,0.36155503741288947,VALID,crazyflie-6dof,2.0.0,64.08295227423488,0.07689954272908185,61.86319108295635,2.5031776169115947,0.07703146716048925,0.12,0.47603268728708326,false,100.0,false,64.0893185610234,0.07690718227322808,61.866422042321034,2.503308351602471,0.07703821648630593,0.12,0.4761048616034482,false,100.0,false,64.07805167643357,0.07689366201172028,61.86070373958829,2.503076971242732,0.07704097237467523,0.12,0.4759771309667511,false,100.0,false,64.07169281045789,0.07688603137254947,61.857475931438664,2.502946364059844,0.07703423019525583,0.12,0.475905044784927,false,100.0,false,[]
1,child-f9d0c0c9a9ae419f6470a221,py-f996c906ee10788ea67a,f996c906ee10,4b81296e5dd75a57ec2747997355f69bfd8a5d1068302c364c372acc996e4530,evt-f61d17991c2b4a86a15f8f19a7140e65,45614,Alpha,SIM,vehicle-adapter,2026-08-15T05:18:06.633477Z,2.1899999999999986,2.1999999999999984,221,2.1899999999999986,,fast-sim-Alpha,1,home,TAKING_OFF,true,true,true,simulated,98.5359354477091,-1.3489569414005067,0.001081077052839829,0.36288778722586973,-1.3519171888367798,-0.003758390304509839,0.36111696413224,-0.0007729632610077774,-0.0017193298283782704,0.131789584150718,9.697913246569693e-05,0.00013458652848396627,-2.0987548038388126e-08,,,,,99.50692857868604,4.195091260975218,4.046758739562627,1.977766952165177,false,,false,modeled_transport,SIMULATED_MODEL,100.0,30.0,0.0,0.00044471745777173314,0.000967214018745297,9.546163214680684,0.006000342803977823,0.0018973076180671291,-3.193836363928206e-07,,,,,,-0.0007729632094829686,-0.001719329852685981,0.0,0.36111696910093605,99.84720534286461,DEGRADED,2.1899999999999986,4.0,2.1899999999999986,3.350756535165034,VALID,0.6462386004284747,VALID,2.0040504098321996,VALID,1.996260564325007,VALID,2.1389402878241546,VALID,0.3632422926110241,VALID,crazyflie-6dof,2.0.0,63.939993507143335,0.076727992208572,61.789522196119805,2.5004728896054673,0.07697176269862334,0.12,0.4744893392542474,false,100.0,false,63.937278556464186,0.07672473426775701,61.78814090611648,2.500416992131539,0.07697602391652625,0.12,0.47445857522295576,false,100.0,false,63.93158793586912,0.07671790552304293,61.785245473214836,2.5002998209475433,0.07697639555292332,0.12,0.4743940942031926,false,100.0,false,63.93431048658766,0.07672117258390519,61.78663076347727,2.500355880302307,0.07697214197488773,0.12,0.4744249434847811,false,100.0,false,[]
1,child-f9d0c0c9a9ae419f6470a221,py-f996c906ee10788ea67a,f996c906ee10,4b81296e5dd75a57ec2747997355f69bfd8a5d1068302c364c372acc996e4530,evt-1de787e557e74d2ab8a0dd82284e65a3,45615,Alpha,SIM,vehicle-adapter,2026-08-15T05:18:06.650221Z,2.1999999999999984,2.209999999999998,222,2.1999999999999984,,fast-sim-Alpha,1,home,TAKING_OFF,true,true,true,simulated,98.54832978085138,-1.3495285314615852,4.79375417089087e-05,0.36204593030894106,-1.3519245511260853,-0.0037757628156852075,0.3624083909319664,-0.0007560367392608968,-0.0017172626863893724,0.12914267997264636,0.00015477770119643998,0.00015337908435860103,-2.159458177099919e-08,,,,,99.50473081239534,4.195069285786861,4.0467200611654555,1.977989661638878,false,,false,modeled_transport,SIMULATED_MODEL,100.0,30.0,0.0,0.0004361849265859671,0.000962838337197315,9.541959726600952,0.005779856883423722,0.0018792555657735717,-2.972610898308475e-07,,,,,,-0.0007560366703030263,-0.0017172627232851596,0.0,0.36240839953577375,99.83928547203767,DEGRADED,2.1999999999999984,4.0,2.1999999999999984,3.350135074579577,VALID,0.6522713296824377,VALID,2.003551719600122,VALID,1.996787400764075,VALID,2.13757960455853,VALID,0.35969789296450444,VALID,crazyflie-6dof,2.0.0,63.953561792482326,0.07674427415097879,61.79511730013159,2.50067540860515,0.07692983383659367,0.12,0.47460535022884415,false,100.0,false,63.9439638657281,0.07673275663887372,61.79023508844887,2.5004778391655567,0.0769301701508556,0.12,0.47449659858584087,false,100.0,false,63.93450611184216,0.0767214073342106,61.785423401802255,2.500283123676748,0.07692762538806683,0.12,0.47438944025768565,false,100.0,false,63.94411160712308,0.07673293392854769,61.790310246612215,2.5004808806060304,0.07692729707472147,0.12,0.4744982725665073,false,100.0,false,[]
1,child-f9d0c0c9a9ae419f6470a221,py-f996c906ee10788ea67a,f996c906ee10,4b81296e5dd75a57ec2747997355f69bfd8a5d1068302c364c372acc996e4530,evt-fd97b48369ad4958a5110f8870dbde44,45616,Alpha,SIM,vehicle-adapter,2026-08-15T05:18:06.662129Z,2.2099999999999986,2.2199999999999984,223,2.2099999999999986,,fast-sim-Alpha,1,home,TAKING_OFF,true,true,true,simulated,98.54722332733762,-1.3512638878615213,0.0014211545523296482,0.3632633427475442,-1.3519317070898338,-0.003793236990909169,0.3636733073759173,-0.0007372935909211143,-0.001721184931082882,0.12649164439508517,0.00020738557412165612,0.00017153051478692487,-2.1056095041942323e-08,,,,,99.50252973614772,4.195047308123954,4.046474661410793,1.9809686228446297,false,,false,modeled_transport,SIMULATED_MODEL,100.0,30.0,0.0,0.00042658919629167216,0.0009621386964140345,9.541546661437533,0.00526078728498682,0.00181514302350135,-2.748404017748316e-07,,,,,,-0.0007372935042986358,-0.0017211849836204353,0.0,0.3636733205466181,99.83116746700547,DEGRADED,2.2099999999999986,4.0,2.2099999999999986,3.3528791566346943,VALID,0.6477921050960834,VALID,2.0027889876658254,VALID,1.9940748519316986,VALID,2.138389154265653,VALID,0.363934325937842,VALID,crazyflie-6dof,2.0.0,64.03074101481627,0.07683688921777952,61.833132222036426,2.5020620277213363,0.07691845234071605,0.12,0.47539808399958994,false,100.0,false,64.02760641444817,0.07683312769733781,61.831539935635746,2.501997596255596,0.07691776932635755,0.12,0.47536256081874956,false,100.0,false,64.00321734637161,0.07680386081564593,61.81914810650934,2.50149616402991,0.07690857632429082,0.12,0.4750861879819202,false,100.0,false,64.00635928571612,0.07680763114285934,61.820744780084546,2.5015607730215565,0.07690926754187018,0.12,0.47512179004437005,false,100.0,false,[]
1,child-f9d0c0c9a9ae419f6470a221,py-f996c906ee10788ea67a,f996c906ee10,4b81296e5dd75a57ec2747997355f69bfd8a5d1068302c364c372acc996e4530,evt-44c14a04c27444b6872f289b17469181,45617,Alpha,SIM,vehicle-adapter,2026-08-15T05:18:06.673077Z,2.2299999999999986,2.2399999999999984,225,2.2299999999999986,,fast-sim-Alpha,1,home,TAKING_OFF,true,true,true,simulated,98.56897720324694,-1.3513827492893655,-0.0006314104568388235,0.3654894393277139,-1.3519453264239911,-0.0038286619889839916,0.36612324964629783,-0.0006945948878324236,-0.001744810198788835,0.12116233539274654,0.00029383233838203827,0.00021305436090860848,-1.5365318790299267e-08,,,,,99.49813113986565,4.1950032995391275,4.046583351360896,1.9789326423767895,false,,false,modeled_transport,SIMULATED_MODEL,100.0,30.0,0.0,0.00040473880364293776,0.0009707075167539145,9.539694804080044,0.003894022758621019,0.0021432336746513344,-2.3080545753535653e-07,,,,,,-0.0006945947675583706,-0.0017448102847827354,0.0,0.36612327376093423,99.81546041284186,DEGRADED,2.2299999999999986,4.0,2.2299999999999986,3.350069104292799,VALID,0.6475271453591626,VALID,2.0047562213564687,VALID,1.9980979442854876,VALID,2.1337097772339684,VALID,0.3691967484225151,VALID,crazyflie-6dof,2.0.0,63.99067370035665,0.07678880844042797,61.810826222809055,2.501226603270806,0.07688144412053581,0.12,0.47492491926523545,false,100.0,false,63.990645075364505,0.0767887740904374,61.81081167311099,2.5012260145051464,0.07688516764927701,0.12,0.47492459494549116,false,100.0,false,63.95681784427023,0.07674818141312427,61.79361281437279,2.5005300483508224,0.07686815898870916,0.12,0.4745413661571736,false,100.0,false,63.9568527886337,0.07674822334636043,61.7936305863057,2.500530767506901,0.07686444353627059,0.12,0.47454176200888915,false,100.0,false,[]
1,child-f9d0c0c9a9ae419f6470a221,py-f996c906ee10788ea67a,f996c906ee10,4b81296e5dd75a57ec2747997355f69bfd8a5d1068302c364c372acc996e4530,evt-b64cc97805cf4196b95844ed8e46b1a9,45618,Alpha,SIM,vehicle-adapter,2026-08-15T05:18:06.684844Z,2.2399999999999984,2.2499999999999982,226,2.2399999999999984,,fast-sim-Alpha,1,home,TAKING_OFF,true,true,true,simulated,98.54356958324877,-1.3510145247049525,-0.000255642612913744,0.365447193138003,-1.351951748260224,-0.0038466749108894065,0.36730803945068646,-0.0006703468604941967,-0.0017631881292365622,0.1184789804388656,0.00032160917801521297,0.00023770579415103562,-9.881058194880645e-09,,,,,99.49593374101077,4.1949813113986565,4.046656888693512,1.9776589693915443,false,,false,modeled_transport,SIMULATED_MODEL,100.0,30.0,0.0,0.0003923896492987887,0.0009795626824778076,9.538315045611364,0.00277768383989181,0.0024651433766526756,-2.1014974120233423e-07,,,,,,-0.000670346727217829,-0.0017631882270457485,0.0,0.3673080688236706,99.80885986529438,DEGRADED,2.2399999999999984,4.0,2.2399999999999984,3.349475694158338,VALID,0.6493455568488389,VALID,2.0021201921960525,VALID,1.9936392065311046,VALID,2.132784904539705,VALID,0.36716714512854703,VALID,crazyflie-6dof,2.0.0,63.95471670647604,0.07674566004777125,61.791585797670834,2.5004934633144087,0.07685932220490072,0.12,0.47451260554390745,false,100.0,false,63.971819417279754,0.0767661833007357,61.80028277620529,2.5008454001953817,0.07686722585338304,0.12,0.474706350543929,false,100.0,false,63.93743341752888,0.07672492010103465,61.782794430720735,2.500137706858112,0.07684417932313606,0.12,0.4743168315430744,false,100.0,false,63.92033620457194,0.07670440344548632,61.774095178455525,2.4997856779670573,0.07683628338603572,0.12,0.47412318176063334,false,100.0,false,[]
1,child-f9d0c0c9a9ae419f6470a221,py-f996c906ee10788ea67a,f996c906ee10,4b81296e5dd75a57ec2747997355f69bfd8a5d1068302c364c372acc996e4530,evt-ff6e3b79905d44f687b11aa605b38181,45619,Alpha,SIM,vehicle-adapter,2026-08-15T05:18:06.694615Z,2.2499999999999987,2.2599999999999985,227,2.2499999999999987,,fast-sim-Alpha,1,home,TAKING_OFF,true,true,true,simulated,98.56512789751963,-1.3505220359176695,0.0014572768183953736,0.3693180250276222,-1.3519578784351343,-0.003864910384567864,0.36846601710620147,-0.0006438247412217766,-0.0017845016595671877,0.11579776555149811,0.00033718750978794257,0.00026604256914003385,-2.4581498901510402e-09,,,,,99.49373511363018,4.194959337410108,4.0465519892222535,1.9787646425317384,false,,false,modeled_transport,SIMULATED_MODEL,100.0,30.0,0.0,0.0003789585270608693,0.0009907551658809178,9.538529157817685,0.0015578329903405323,0.0028336775899530557,-1.9111789174608328e-07,,,,,,-0.0006438245995387985,-0.0017845017625946404,0.0,0.36846605109241565,99.80330531500242,DEGRADED,2.2499999999999987,4.0,2.2499999999999987,3.3532161849470494,VALID,0.6486351744519119,VALID,2.00454397554762,VALID,1.994536626942292,VALID,2.1323131730749756,VALID,0.36752486930094286,VALID,crazyflie-6dof,2.0.0,63.98335296203066,0.07678002355443679,61.805179685895965,2.500978728022011,0.07684973814441542,0.12,0.4747920756797152,false,100.0,false,63.993780848059544,0.07679253701767146,61.810480062745945,2.5011932105268704,0.07685879009376025,0.12,0.47491020598165573,false,100.0,false,63.96553234347917,0.076758638812175,61.796119498456505,2.5006121028269526,0.07683303947792887,0.12,0.4745902123190276,false,100.0,false,63.95510887565372,0.07674613065078446,61.790818830770945,2.50039760855328,0.07682399464270519,0.12,0.47447214855134,false,100.0,false,[]
1,child-f9d0c0c9a9ae419f6470a221,py-f996c906ee10788ea67a,f996c906ee10,4b81296e5dd75a57ec2747997355f69bfd8a5d1068302c364c372acc996e4530,evt-70afed9d308c483b8896edad075a0c9f,45620,Alpha,SIM,vehicle-adapter,2026-08-15T05:18:06.705407Z,2.2599999999999985,2.2699999999999982,228,2.2599999999999985,,fast-sim-Alpha,1,home,TAKING_OFF,true,true,true,simulated,98.56514846828145,-1.3512370576512165,7.610854632533878e-05,0.37064638453438997,-1.351963688810372,-0.0038833726306911225,0.3695967004216123,-0.0006146462535905309,-0.0018074294588959709,0.11306833154108539,0.00034311110622129386,0.0002972414828800991,6.4111375930669314e-09,,,,,99.49154396242307,4.194937351136302,4.047034644657163,1.972036086394155,false,,false,modeled_transport,SIMULATED_MODEL,100.0,30.0,0.0,0.0003641835232581327,0.0010033963999839203,9.533707345274765,0.0005923593935404699,0.003119891495473389,-1.7430020959682856e-07,,,,,,-0.000614646107996921,-0.0018074295613454197,0.0,0.3695967385044395,99.79850858214205,DEGRADED,2.2599999999999985,4.0,2.2599999999999985,3.3534222130362705,VALID,0.647519121350677,VALID,2.005480959034943,VALID,1.9927938389962192,VALID,2.129982491331831,VALID,0.3708140691174658,VALID,crazyflie-6dof,2.0.0,63.81924213266606,0.07658309055919928,61.720800264876644,2.4978621696792076,0.07679737093438437,0.12,0.47302219026154946,false,100.0,false,63.82118892432674,0.07658542670919209,61.721792613863855,2.497902330386516,0.07680475453844866,0.12,0.473044231635298,false,100.0,false,63.81691431593433,0.0765802971791212,61.719613650765595,2.4978141469950352,0.07678412723022769,0.12,0.472995835240803,false,100.0,false,63.814970608824375,0.07657796473058924,61.71862280215403,2.4977740470084493,0.0767767498932609,0.12,0.47297382925650444,false,100.0,false,[]
1,child-f9d0c0c9a9ae419f6470a221,py-f996c906ee10788ea67a,f996c906ee10,4b81296e5dd75a57ec2747997355f69bfd8a5d1068302c364c372acc996e4530,evt-7825ba539e114ef9be61bdfdcb36c00d,45621,Alpha,SIM,vehicle-adapter,2026-08-15T05:18:06.715725Z,2.2699999999999987,2.2799999999999985,229,2.2699999999999987,,fast-sim-Alpha,1,home,TAKING_OFF,true,true,true,simulated,98.58471376969776,-1.3510636836869228,-0.0021412931005857956,0.37129487628609964,-1.3519691483720888,-0.0039020563418307925,0.3706996267772183,-0.0005825335880252427,-0.0018309675942814526,0.11029263556059676,0.00033912846083254553,0.00033163839406636964,1.6542031947622858e-08,,,,,99.48935476165892,4.194915439624231,4.047144388043176,1.9702806877378025,false,,false,modeled_transport,SIMULATED_MODEL,100.0,30.0,0.0,0.00034792611838987573,0.0010169324299659412,9.529081244450714,-0.00039826485743112887,0.0034396912644318834,-1.602573405667186e-07,,,,,,-0.0005825334444225535,-0.0018309676899332314,0.0,0.3706996684794721,99.79435653055303,DEGRADED,2.2699999999999987,4.0,2.2699999999999987,3.3534022551231804,VALID,0.6508911772894941,VALID,2.0016841450769975,VALID,1.9948005971210743,VALID,2.1261688965598857,VALID,0.373987157652899,VALID,crazyflie-6dof,2.0.0,63.78507332144759,0.07654208798573711,61.7022198863927,2.4971779294302023,0.07674811770590063,0.12,0.4726339874268116,false,100.0,false,63.79405807073522,0.07655286968488226,61.70680203280712,2.4973633755116653,0.07675634903545056,0.12,0.4727356967062104,false,100.0,false,63.77379690525691,0.07652855628630828,61.69646801873705,2.4969451430411693,0.07673479838519125,0.12,0.47250634240884554,false,100.0,false,63.76481373169489,0.07651777647803387,61.691885097706134,2.496759665609858,0.07672657223609759,0.12,0.4724046611959348,false,100.0,false,[]
1,child-f9d0c0c9a9ae419f6470a221,py-f996c906ee10788ea67a,f996c906ee10,4b81296e5dd75a57ec2747997355f69bfd8a5d1068302c364c372acc996e4530,evt-5fa09fe1987c4b53b522c8c7875719ec,45622,Alpha,SIM,vehicle-adapter,2026-08-15T05:18:06.726278Z,2.2799999999999985,2.2899999999999983,230,2.2799999999999985,,fast-sim-Alpha,1,home,TAKING_OFF,true,true,true,simulated,98.58653848372873,-1.3490118390462666,-4.525866329252275e-06,0.37173016482911975,-1.3519742235918495,-0.003920943222857561,0.37177445246497465,-0.0005471659724763203,-0.0018541298910655232,0.10748256877563762,0.00032152266884397844,0.0003688397910609792,2.7335570022975596e-08,,,,,99.48716606335117,4.194893547616589,4.047156411843032,1.9698284769645786,false,,false,modeled_transport,SIMULATED_MODEL,100.0,30.0,0.0,0.00032998302975633526,0.0010310115868298925,9.525644252034235,-0.0017605795769341254,0.0037201398536108434,-1.4950354266701726e-07,,,,,,-0.0005471658404970804,-0.0018541299719454641,0.0,0.3717744969700269,99.7911241477629,DEGRADED,2.2799999999999985,4.0,2.2799999999999985,3.351273261054647,VALID,0.6471040956450734,VALID,2.005322808468035,VALID,1.9942711738418515,VALID,2.12720241954775,VALID,0.37140092269279035,VALID,crazyflie-6dof,2.0.0,63.792636634253356,0.07655116396110402,61.70489399730656,2.497293573832939,0.07671277792167118,0.12,0.47269600675349005,false,100.0,false,63.79700044053466,0.07655640052864159,61.70711926037574,2.4973836337099233,0.07672026648510605,0.12,0.47274540418581407,false,100.0,false,63.750424281908124,0.07650050913828975,61.68335986400313,2.496422053776214,0.07669016537059153,0.12,0.472218226435064,false,100.0,false,63.74606040179505,0.07649527248215406,61.681132800356266,2.496331921027034,0.07668268067852078,0.12,0.4721688395902103,false,100.0,false,[]
1,child-f9d0c0c9a9ae419f6470a221,py-f996c906ee10788ea67a,f996c906ee10,4b81296e5dd75a57ec2747997355f69bfd8a5d1068302c364c372acc996e4530,evt-fd4680d411a24702a3899549ff896f50,45623,Alpha,SIM,vehicle-adapter,2026-08-15T05:18:06.737022Z,2.2899999999999987,2.2999999999999985,231,2.2899999999999987,,fast-sim-Alpha,1,home,TAKING_OFF,true,true,true,simulated,98.55164237667044,-1.3484513680748105,-0.00044436632831252286,0.3738733792347817,-1.3519788824737577,-0.003940003546563754,0.37282095268890114,-0.0005082326759546928,-0.0018754927173152006,0.10465002239264146,0.00029182556383021755,0.00040462813549683324,3.6886409796323816e-08,,,,,99.4849774544994,4.1948716606335115,4.047140563138411,1.9697479665986164,false,,false,modeled_transport,SIMULATED_MODEL,100.0,30.0,0.0,0.00030994451685876015,0.0010447435716971591,9.523396367350513,-0.002969710870957677,0.003578834568968412,-1.424520122797765e-07,,,,,,-0.0005082325652800588,-0.0018754927784288278,0.0,0.3728209990838792,99.78889490408581,DEGRADED,2.2899999999999987,4.0,2.2899999999999987,3.3524997773234677,VALID,0.6468145135356507,VALID,2.0029667316533373,VALID,1.9967412958192525,VALID,2.1245734651699397,VALID,0.3708051826716028,VALID,crazyflie-6dof,2.0.0,63.79228196202181,0.07655073835442618,61.70357877355386,2.497230565452561,0.07668530938455738,0.12,0.47266330071221574,false,100.0,false,63.767821119691156,0.07652138534362939,61.691102400871934,2.4967256291129423,0.0766836340693772,0.12,0.4723864505577374,false,100.0,false,63.752291588151465,0.07650274990578175,61.683178793795726,2.496404949596897,0.07665637741406592,0.12,0.47221070328240944,false,100.0,false,63.776750659367885,0.07653210079124147,61.69565755770593,2.4969099827128853,0.07665805510899505,0.12,0.4724875120462537,false,100.0,false,[]
1,child-f9d0c0c9a9ae419f6470a221,py-f996c906ee10788ea67a,f996c906ee10,4b81296e5dd75a57ec2747997355f69bfd8a5d1068302c364c372acc996e4530,evt-fc3fc3bf6205445c885fe7864d2d8152,45624,Alpha,SIM,vehicle-adapter,2026-08-15T05:18:06.747319Z,2.2999999999999985,2.3099999999999983,232,2.2999999999999985,,fast-sim-Alpha,1,home,TAKING_OFF,true,true,true,simulated,98.54712852242598,-1.3506007713257395,-0.001275498725735482,0.37239621813477924,-1.3519830987703212,-0.003959197023345538,0.37383871772013166,-0.0004658737589537605,-0.0018938064373198059,0.10177650312305991,0.0002509535168976244,0.0004347170397063559,4.365987643364776e-08,,,,,99.48279276271309,4.194849774544994,4.04738307896897,1.9662226076821192,false,,false,modeled_transport,SIMULATED_MODEL,100.0,30.0,0.0,0.0002876520242977819,0.0010573706546318023,9.519299131962454,-0.004087204978092213,0.0030088904948265905,-1.3923479919835836e-07,,,,,,-0.00046587367905478376,-0.0018938064766135705,0.0,0.3738387648156968,99.78791825403496,DEGRADED,2.2999999999999985,4.0,2.2999999999999985,3.3526030661774593,VALID,0.6482917414329752,VALID,2.0036057868157346,VALID,1.9952294774503643,VALID,2.126117018741817,VALID,0.37632265254303593,VALID,crazyflie-6dof,2.0.0,63.71706578780794,0.07646047894536952,61.66413128973532,2.4957836156139575,0.07664374855340991,0.12,0.4718420799201864,false,100.0,false,63.68393102747856,0.07642071723297426,61.647208148277024,2.4950986712501444,0.07663259590407756,0.12,0.47146716978246395,false,100.0,false,63.666437323057366,0.07639972478766884,61.63826961818374,2.4947368946956403,0.07660688971287169,0.12,0.4712692585492099,false,100.0,false,63.699568845642,0.07643948261477039,61.65519614688563,2.4954219761541774,0.07661804318252888,0.12,0.47164409943025887,false,100.0,false,[]
1,child-f9d0c0c9a9ae419f6470a221,py-f996c906ee10788ea67a,f996c906ee10,4b81296e5dd75a57ec2747997355f69bfd8a5d1068302c364c372acc996e4530,evt-94d3f574762c4f30bdfa27781450e814,45625,Alpha,SIM,vehicle-adapter,2026-08-15T05:18:06.753381Z,2.3099999999999987,2.3199999999999985,233,2.3099999999999987,,fast-sim-Alpha,1,home,TAKING_OFF,true,true,true,simulated,98.5464885126529,-1.3494663054840335,0.0016409039154751622,0.3735040972582693,-1.351986851124315,-0.0039784728467973235,0.3748277660538586,-0.0004207003343933462,-0.0019079278207527863,0.09890483337269045,0.0001987212018076685,0.0004596827467532898,4.787699327924784e-08,,,,,99.48060408643748,4.194827927627131,4.047092279023612,1.9698086480521817,false,,false,modeled_transport,SIMULATED_MODEL,100.0,30.0,0.0,0.0002634832150586047,0.001068256412922632,9.519484127532031,-0.005223231698772402,0.002496570737387798,-1.3961072826275397e-07,,,,,,-0.00042070029590117393,-0.0019079278382830628,0.0,0.37482781305695445,99.78787442797943,DEGRADED,2.3099999999999987,4.0,2.3099999999999987,3.3485099365612974,VALID,0.6498657918865772,VALID,2.0028386611382696,VALID,1.9937881048964086,VALID,2.124181910394305,VALID,0.3793176088128425,VALID,crazyflie-6dof,2.0.0,63.79399865220765,0.07655279838264918,61.70219144543415,2.4971446259765333,0.07663219224053017,0.12,0.4726218092696148,false,100.0,false,63.78822066674794,0.07654586480009752,61.699245017598436,2.497025381323087,0.07662208651261992,0.12,0.47255642073027504,false,100.0,false,63.76401794287252,0.07651682153144702,61.6868999269494,2.4965257641125915,0.07659554422818562,0.12,0.47228254274279,false,100.0,false,63.76979167595934,0.0765237500111512,61.689845398109874,2.496644970048508,0.0766056493029608,0.12,0.47234787530950173,false,100.0,false,[]
1,child-f9d0c0c9a9ae419f6470a221,py-f996c906ee10788ea67a,f996c906ee10,4b81296e5dd75a57ec2747997355f69bfd8a5d1068302c364c372acc996e4530,evt-66e65a1eddc240abbcb577d3f034a620,45626,Alpha,SIM,vehicle-adapter,2026-08-15T05:18:06.768846Z,2.3199999999999985,2.3299999999999983,234,2.3199999999999985,,fast-sim-Alpha,1,home,TAKING_OFF,true,true,true,simulated,98.51988190705885,-1.3497260960617374,0.0010878723762050109,0.37606695638060417,-1.3519901247556905,-0.003997774994672835,0.37578802313893167,-0.00037325952532929257,-0.0019166999934759948,0.09602570850731,0.00014074128760090175,0.0004779588785164707,4.9548100160710843e-08,,,,,99.47841719331875,4.194806040864375,4.047190755350483,1.968203806856144,false,,false,modeled_transport,SIMULATED_MODEL,100.0,30.0,0.0,0.00023766069007987063,0.001076435066684921,9.518738657082203,-0.005797991500646007,0.0018276131791752962,-1.4309239045248003e-07,,,,,,-0.00037325953399909356,-0.0019166999939647942,0.0,0.37578806978415064,99.78836117555231,DEGRADED,2.3199999999999985,4.0,2.3199999999999985,3.3564808369589603,VALID,0.6477395360555219,VALID,2.0039449426059406,VALID,1.99797396504179,VALID,2.125673943553901,VALID,0.3738173722442916,VALID,crazyflie-6dof,2.0.0,63.74484733020716,0.07649381679624859,61.6761974510115,2.4961533614890477,0.07660917534573557,0.12,0.47206700875653934,false,100.0,false,63.72423793792934,0.0764690855255152,61.66567793339057,2.4957276165443862,0.07659542891186562,0.12,0.4718338387028436,false,100.0,false,63.74201047717527,0.07649041257261033,61.67474967351909,2.496094767172217,0.07658078835393617,0.12,0.4720349118190762,false,100.0,false,63.76261501939871,0.07651513802327845,61.68526353700629,2.496520283283301,0.07659453284980017,0.12,0.4722680475776848,false,100.0,false,[]
1,child-f9d0c0c9a9ae419f6470a221,py-f996c906ee10788ea67a,f996c906ee10,4b81296e5dd75a57ec2747997355f69bfd8a5d1068302c364c372acc996e4530,evt-e7882ccf6b3746dc80b1ed9f93c86429,45627,Alpha,SIM,vehicle-adapter,2026-08-15T05:18:06.780657Z,2.3299999999999987,2.3399999999999985,235,2.3299999999999987,,fast-sim-Alpha,1,home,TAKING_OFF,true,true,true,simulated,98.5078135955367,-1.350789544987083,0.0010764376293352028,0.37624926950759063,-1.3519929121284189,-0.004017045778607435,0.37671910872388703,-0.0003242598484762012,-0.0019195655821293615,0.09310855849553386,8.06887473557097e-05,0.0004889193234091854,4.9271406547448725e-08,,,,,99.47623538107993,4.194784171933188,4.047511845811201,1.9636310149425271,false,,false,modeled_transport,SIMULATED_MODEL,100.0,30.0,0.0,0.0002105505090527612,0.001081387453979831,9.514936182717982,-0.006005254012947348,0.0010960444799955346,-1.4901794253086275e-07,,,,,,-0.0003242599060843704,-0.001919565572401453,0.0,0.37671915497610364,99.78920141997253,DEGRADED,2.3299999999999987,4.0,2.3299999999999987,3.3544954107324094,VALID,0.6451779756026642,VALID,2.0039930862473128,VALID,1.9984082360901254,VALID,2.12365976862327,VALID,0.37769143115578324,VALID,crazyflie-6dof,2.0.0,63.63934991809725,0.0763672199017167,61.62136219837486,2.494131934529448,0.07656268731930137,0.12,0.47092350061729343,false,100.0,false,63.62243547161525,0.0763469225659383,61.61271355031758,2.4937818794748265,0.07654730699025332,0.12,0.4707322034597416,false,100.0,false,63.636567270142464,0.07636388072417095,61.61993955382723,2.494074352822859,0.07654052431610442,0.12,0.47089202862224705,false,100.0,false,63.65347667738656,0.07638417201286386,61.628583543849224,2.4944242193429496,0.07655590168469681,0.12,0.4710832822432448,false,100.0,false,[]
1,child-f9d0c0c9a9ae419f6470a221,py-f996c906ee10788ea67a,f996c906ee10,4b81296e5dd75a57ec2747997355f69bfd8a5d1068302c364c372acc996e4530,evt-0a63f0cd45734be38ea7b486c0d26748,45628,Alpha,SIM,vehicle-adapter,2026-08-15T05:18:06.792114Z,2.3399999999999985,2.3499999999999983,236,2.3399999999999985,,fast-sim-Alpha,1,home,TAKING_OFF,true,true,true,simulated,98.50323887388801,-1.3516756396878677,-0.0004020263998200362,0.3775017701683677,-1.3519952112225653,-0.00403622886288188,0.37762078432992185,-0.0002744608512479518,-0.0019163572030520828,0.09016756060348433,2.164002568956011e-05,0.0004940965364479413,4.7969672141423195e-08,,,,,99.47405348898741,4.194762353810799,4.047484637567457,1.963702883258685,false,,false,modeled_transport,SIMULATED_MODEL,100.0,30.0,0.0,0.00018266734442889867,0.0010828482250870028,9.512551441001088,-0.005904872104349544,0.0005177212967645173,-1.5666231766823177e-07,,,,,,-0.00027446095618705274,-0.0019163571903349898,0.0,0.3776208305128877,99.79008147514185,DEGRADED,2.3399999999999985,4.0,2.3399999999999985,3.3522022675425394,VALID,0.6485510070272994,VALID,2.001426446760739,VALID,1.9945770878763283,VALID,2.120469087363374,VALID,0.37790005198441523,VALID,crazyflie-6dof,2.0.0,63.63516952748841,0.0763622034329861,61.61808475729531,2.4939825145148227,0.07652559678288785,0.12,0.4708450023688112,false,100.0,false,63.63270677500663,0.07635924813000795,61.61682559815795,2.4939315502421757,0.0765133035602219,0.12,0.4708171513575215,false,100.0,false,63.64944650011463,0.07637933580013755,61.62538326457246,2.4942779204756373,0.07651320417890932,0.12,0.4710064658936512,false,100.0,false,63.65190433766309,0.0763822852051957,61.62663955247698,2.4943287685355764,0.07652549370958603,0.12,0.47103426363870093,false,100.0,false,[]
1,child-f9d0c0c9a9ae419f6470a221,py-f996c906ee10788ea67a,f996c906ee10,4b81296e5dd75a57ec2747997355f69bfd8a5d1068302c364c372acc996e4530,evt-39255745f0924caa9737282de9e88430,45629,Alpha,SIM,vehicle-adapter,2026-08-15T05:18:06.804726Z,2.3599999999999985,2.3699999999999983,238,2.3599999999999985,,fast-sim-Alpha,1,home,TAKING_OFF,true,true,true,simulated,98.5264391868834,-1.34995498246877,0.0011164950774495575,0.3791244769458907,-1.351998354810533,-0.0040741166579236635,0.37933458603950054,-0.00017456696341324284,-0.0018923035922028331,0.08418420090349944,-8.977790417062028e-05,0.0004915255775880092,4.485469976053241e-08,,,,,99.46969737670676,4.194718739411104,4.047800642169557,1.9589079632343818,false,,false,modeled_transport,SIMULATED_MODEL,100.0,30.0,0.0,0.0001260165993696976,0.0010754223860379932,9.50547442995752,-0.005333344346095583,-0.00047581945641764445,-1.7455004624879252e-07,,,,,,-0.00017456715288326343,-0.001892303591998734,0.0,0.379334633391361,99.79161936862768,DEGRADED,2.3599999999999985,4.0,2.3599999999999985,3.353589357676254,VALID,0.6518065624259569,VALID,2.0057918165713104,VALID,1.9940860774607074,VALID,2.121040068055938,VALID,0.38070947089834967,VALID,crazyflie-6dof,2.0.0,63.53785840948797,0.07624543009138555,61.566114917096684,2.492073594973087,0.0764396630720467,0.12,0.46976616780448455,false,100.0,false,63.50304695011817,0.0762036563401418,61.54828261480962,2.4913517789265978,0.07642447762699864,0.12,0.4693726806437085,false,100.0,false,63.53092669043213,0.07623711202851856,61.56256496265081,2.4919298998942305,0.07643269129497536,0.12,0.46968781049613173,false,100.0,false,63.56573389346156,0.07627888067215387,61.580386602308025,2.49265128433872,0.07644787234985503,0.12,0.4700813042900569,false,100.0,false,[]
1,child-f9d0c0c9a9ae419f6470a221,py-f996c906ee10788ea67a,f996c906ee10,4b81296e5dd75a57ec2747997355f69bfd8a5d1068302c364c372acc996e4530,evt-d5e4b6e042724f3f95a7f206856b8114,45630,Alpha,SIM,vehicle-adapter,2026-08-15T05:18:06.814382Z,2.3699999999999988,2.3799999999999986,239,2.3699999999999988,,fast-sim-Alpha,1,home,TAKING_OFF,true,true,true,simulated,98.54694491473875,-1.350348387543041,2.0271095350998455e-05,0.37965250539433504,-1.3519992206635698,-0.004092727920000081,0.3801460529408977,-0.00012554635232946005,-0.0018721871677007623,0.08114669013971433,-0.0001363087018395621,0.0004801329240347891,4.43040395505396e-08,,,,,99.46752079074682,4.194696973767067,4.047777421471132,1.9589273639383378,false,,false,modeled_transport,SIMULATED_MODEL,100.0,30.0,0.0,9.765454008388037e-05,0.0010666241645079907,9.502900299522071,-0.004653079740980935,-0.0011392653421385746,-1.8385233269144312e-07,,,,,,-0.00012554657227360096,-0.0018721871795312269,0.0,0.3801461002895543,99.79330450043227,DEGRADED,2.3699999999999988,4.0,2.3699999999999988,3.3526732199848754,VALID,0.6501038854816577,VALID,2.004958576891259,VALID,1.9982754307509925,VALID,2.1208865974529933,VALID,0.3786746458774782,VALID,crazyflie-6dof,2.0.0,63.531946361073565,0.07623833563328827,61.56189551068204,2.491888506711038,0.07640296229615665,0.12,0.4696679352131033,false,100.0,false,63.52070158168329,0.07622484189801995,61.55613601870977,2.491655375295393,0.07638819347237161,0.12,0.46954083838823896,false,100.0,false,63.54325506466869,0.07625190607760243,61.56768662931472,2.4921229183035023,0.07640109955648199,0.12,0.4697957617502391,false,100.0,false,63.55449592583974,0.07626539511100769,61.573441898712375,2.492355878798725,0.07641586391182306,0.12,0.4699228285867564,false,100.0,false,[]
1,child-f9d0c0c9a9ae419f6470a221,py-f996c906ee10788ea67a,f996c906ee10,4b81296e5dd75a57ec2747997355f69bfd8a5d1068302c364c372acc996e4530,evt-12de9fb9094d4d02a96572e7a22f01ec,45631,Alpha,SIM,vehicle-adapter,2026-08-15T05:18:06.825254Z,2.3799999999999986,2.3899999999999983,240,2.3799999999999986,,fast-sim-Alpha,1,home,TAKING_OFF,true,true,true,simulated,98.56844938711127,-1.3480189117196726,-0.0005091521481870231,0.38189254399967665,-1.3519996394100802,-0.004111066082128135,0.3809269251341581,-7.80485132207056e-05,-0.0018475918813591532,0.07808721932603568,-0.00017641464637714358,0.0004632515830150648,4.501298964073202e-08,,,,,99.46534516532994,4.194675207907468,4.047820492266565,1.958062875204541,false,,false,modeled_transport,SIMULATED_MODEL,100.0,30.0,0.0,6.984939908590004e-05,0.0010549359172925064,9.500704304372722,-0.0040105944877364364,-0.0016881340928006608,-1.9306447300504076e-07,,,,,,-7.804875575431794e-05,-0.0018475919065964498,0.0,0.3809269719356361,99.79566926531825,DEGRADED,2.3799999999999986,4.0,2.3799999999999986,3.3535108859307132,VALID,0.6472807258441134,VALID,2.0027231972911164,VALID,1.9966306417822346,VALID,2.1190328504989497,VALID,0.37889660157582933,VALID,crazyflie-6dof,2.0.0,63.517759591167646,0.07622131150940117,61.55351280974115,2.4915757052226275,0.07637087801532633,0.12,0.4694924160051856,false,100.0,false,63.51304784170525,0.0762156574100463,61.5510990806722,2.4914780018027467,0.07635837284459675,0.12,0.4694391652495321,false,100.0,false,63.52188501964592,0.0762262620235751,61.55562601960604,2.491661244164583,0.07637070989242184,0.12,0.46953904136828856,false,100.0,false,63.52659306265961,0.07623191167519153,61.558037486152465,2.491758856001613,0.07638321059870654,0.12,0.4695922525815348,false,100.0,false,[]
1,child-f9d0c0c9a9ae419f6470a221,py-f996c906ee10788ea67a,f996c906ee10,4b81296e5dd75a57ec2747997355f69bfd8a5d1068302c364c372acc996e4530,evt-48024773ab35458c97bc66640763783b,45632,Alpha,SIM,vehicle-adapter,2026-08-15T05:18:06.835710Z,2.3899999999999983,2.399999999999998,241,2.3899999999999983,,fast-sim-Alpha,1,home,TAKING_OFF,true,true,true,simulated,98.57007089034921,-1.348077392830508,-0.00033667861115676016,0.3815306616280034,-1.3519996380890504,-0.004129099521895613,0.3816767358172968,-3.269857524972114e-05,-0.001819186674322007,0.07498106831387456,-0.00021129038093347378,0.0004378552104424247,4.791446107851557e-08,,,,,99.46317434440016,4.194653451653299,4.048123038896106,1.953738836788283,false,,false,modeled_transport,SIMULATED_MODEL,100.0,30.0,0.0,4.2786916672727694e-05,0.0010408023239646728,9.496036259674431,-0.00348757358671337,-0.0025396372663141842,-2.0216795416670832e-07,,,,,,-3.26988338508483e-05,-0.001819186713362815,0.0,0.38167678092401197,99.79921079938244,DEGRADED,2.3899999999999983,4.0,2.3899999999999983,3.350830925694935,VALID,0.6467369384661477,VALID,2.0046658483657396,VALID,1.9949730906763745,VALID,2.118205444035066,VALID,0.3803159711505583,VALID,crazyflie-6dof,2.0.0,63.43596627535395,0.07612315953042474,61.51049133951601,2.4900203712531415,0.07632438712794715,0.12,0.46861035263520256,false,100.0,false,63.40257433210535,0.07608308919852642,61.493357537655704,2.489326773872596,0.07630501858583863,0.12,0.4682330980921895,false,100.0,false,63.404874634011854,0.07608584956081423,61.49453816367048,2.489374567066303,0.07631497649173379,0.12,0.4682590843557362,false,100.0,false,63.438262901165935,0.07612591548139912,61.51166940590704,2.4900680608301307,0.0763343405813698,0.12,0.4686363017051547,false,100.0,false,[]
1,child-f9d0c0c9a9ae419f6470a221,py-f996c906ee10788ea67a,f996c906ee10,4b81296e5dd75a57ec2747997355f69bfd8a5d1068302c364c372acc996e4530,evt-32f033ed7410477ca74ed55c64144d0d,45633,Alpha,SIM,vehicle-adapter,2026-08-15T05:18:06.846384Z,2.3999999999999986,2.4099999999999984,242,2.3999999999999986,,fast-sim-Alpha,1,home,TAKING_OFF,true,true,true,simulated,98.57897976298959,-1.3493940754024616,-0.0015458579356479821,0.38128060227811816,-1.351999253261597,-0.004146801255362588,0.3823952395771477,9.585774921895867e-06,-0.0017875235762576925,0.07185037598509247,-0.00024147861897651563,0.00040218497743796063,5.387588982722123e-08,,,,,99.46100267599664,4.194631743444002,4.048044126204832,1.9545015631671663,false,,false,modeled_transport,SIMULATED_MODEL,100.0,30.0,0.0,1.6888642119989184e-05,0.0010245657641484761,9.493582065926384,-0.0030188240549253575,-0.0035670233447834946,-2.1137597230711332e-07,,,,,,9.585505790082272e-06,-0.0017875236288911022,0.0,0.38239528165299386,99.80412712375438,DEGRADED,2.3999999999999986,4.0,2.3999999999999986,3.351471810418196,VALID,0.6488352002353102,VALID,2.0011645794913475,VALID,1.997617429837996,VALID,2.114326707071484,VALID,0.37953054206881476,VALID,crazyflie-6dof,2.0.0,63.45389106513514,0.07614466927816216,61.51842068858148,2.4902928152181008,0.07629336850821593,0.12,0.4687677518112545,false,100.0,false,63.42372431862378,0.07610846918234854,61.502947261464605,2.489666444060574,0.07626980647554771,0.12,0.46842694465779044,false,100.0,false,63.428690644644306,0.07611442877357316,61.50549518750922,2.4897695852311625,0.076278772432545,0.12,0.4684830479164043,false,100.0,false,63.45885343032593,0.07615062411639112,61.52096527005354,2.490395820998917,0.07630232993699254,0.12,0.4688238187817169,false,100.0,false,[]
1,child-f9d0c0c9a9ae419f6470a221,py-f996c906ee10788ea67a,f996c906ee10,4b81296e5dd75a57ec2747997355f69bfd8a5d1068302c364c372acc996e4530,evt-d3978292bf8a4ceabef9fb8dce80a9df,45634,Alpha,SIM,vehicle-adapter,2026-08-15T05:18:06.857088Z,2.4099999999999984,2.419999999999998,243,2.4099999999999984,,fast-sim-Alpha,1,home,TAKING_OFF,true,true,true,simulated,98.57002454558194,-1.347418505664837,-0.00012071453158489162,0.38453535376966036,-1.3519985295605494,-0.004164146535282685,0.3830823341783917,4.778973974188399e-05,-0.0017530427364683694,0.0687094601244013,-0.00026946600843557206,0.0003577459051343857,6.30172060928622e-08,,,,,99.45883047501324,4.194610026759967,4.047986460381061,1.9549808850694774,false,,false,modeled_transport,SIMULATED_MODEL,100.0,30.0,0.0,-7.1878804204779205e-06,0.00100661316812581,9.492559634683047,-0.002798739293426814,-0.004443907320041085,-2.2116371892300388e-07,,,,,,4.778946333417359e-05,-0.0017530428031258516,0.0,0.3830823726004151,99.80985427156547,DEGRADED,2.4099999999999984,4.0,2.4099999999999984,3.3525595180637158,VALID,0.6495422368295227,VALID,2.007014037374124,VALID,1.9973034528248708,VALID,2.117907093257808,VALID,0.38514171991117163,VALID,crazyflie-6dof,2.0.0,63.4652950780119,0.07615835409361427,61.52312412647555,2.490447734643164,0.07627228712756415,0.12,0.4688587572325285,false,100.0,false,63.455439419827485,0.07614652730379298,61.518070821080784,2.4902431775249823,0.07625163844389697,0.12,0.46874741323708763,false,100.0,false,63.445197794130294,0.07613423735295635,61.512818716085846,2.4900305730259022,0.07625531857762623,0.12,0.46863171459669195,false,100.0,false,63.4550487706638,0.07614605852479656,61.51787050545126,2.4902350687754216,0.0762759624605653,0.12,0.4687430000031692,false,100.0,false,[]
1,child-f9d0c0c9a9ae419f6470a221,py-f996c906ee10788ea67a,f996c906ee10,4b81296e5dd75a57ec2747997355f69bfd8a5d1068302c364c372acc996e4530,evt-93cc457edb214690941e0bd38c835be4,45635,Alpha,SIM,vehicle-adapter,2026-08-15T05:18:06.868104Z,2.4199999999999986,2.4299999999999984,244,2.4199999999999986,,fast-sim-Alpha,1,home,TAKING_OFF,true,true,true,simulated,98.57189135604776,-1.3506050541629793,-0.000506365678922155,0.3837517521585622,-1.3519975216244637,-0.004181113742681788,0.3837374652074621,8.096541189775156e-05,-0.0017160124558196134,0.06551310290703731,-0.00029447322272172345,0.00030266224881830855,7.6227078752266e-08,,,,,99.45666553406113,4.194588304750132,4.048454790484049,1.9484468569015818,false,,false,modeled_transport,SIMULATED_MODEL,100.0,30.0,0.0,-2.9010493022597027e-05,0.000987053075835354,9.487015406000754,-0.002500721864940765,-0.005508365786932784,-2.3220457752948676e-07,,,,,,8.096513185831246e-05,-0.0017160125363929312,0.0,0.38373749942128854,99.81642317985708,DEGRADED,2.4199999999999986,4.0,2.4199999999999986,3.3544863037914707,VALID,0.6514453811578723,VALID,2.0030853142362606,VALID,1.9887884370400617,VALID,2.118218254650925,VALID,0.38041125280110527,VALID,crazyflie-6dof,2.0.0,63.31510836350881,0.07597813003621057,61.444982147923675,2.487572323279685,0.0762151304696776,0.12,0.46724178563816804,false,100.0,false,63.28298825843286,0.07593958591011943,61.42846791515184,2.486903752031922,0.07619002130101273,0.12,0.4668791141105405,false,100.0,false,63.292071459489144,0.07595048575138696,61.43313887449835,2.4870928537093473,0.07619549938930463,0.12,0.46698166757423404,false,100.0,false,63.32418571565203,0.07598902285878242,61.44964753147346,2.4877611992235007,0.07622060320436776,0.12,0.4673442895786392,false,100.0,false,[]
1,child-f9d0c0c9a9ae419f6470a221,py-f996c906ee10788ea67a,f996c906ee10,4b81296e5dd75a57ec2747997355f69bfd8a5d1068302c364c372acc996e4530,evt-a508129bd50b41a39dc1e124833701be,45636,Alpha,SIM,vehicle-adapter,2026-08-15T05:18:06.874307Z,2.4299999999999984,2.439999999999998,245,2.4299999999999984,,fast-sim-Alpha,1,home,TAKING_OFF,true,true,true,simulated,98.58701734467704,-1.3490073133139628,-0.00046994401796337723,0.38453793704520367,-1.3519962891582817,-0.004197684137164867,0.38436037314041516,0.00010818643417885988,-0.0016767559061953313,0.06229079329530673,-0.0003165253471703969,0.0002417742133118007,9.237425744743799e-08,,,,,99.45449904858549,4.194566655340611,4.048328885735446,1.949836928075617,false,,false,modeled_transport,SIMULATED_MODEL,100.0,30.0,0.0,-4.7786664442065786e-05,0.0009660696911034743,9.484420085377943,-0.00220521288451239,-0.006088803762063831,-2.454073674689593e-07,,,,,,0.00010818615413355494,-0.0016767560001846277,0.0,0.38436040362847074,99.82285423627299,DEGRADED,2.4299999999999984,4.0,2.4299999999999984,3.3491103133436417,VALID,0.6485796280336111,VALID,2.0052412536427506,VALID,1.9987112674104708,VALID,2.1136507610981123,VALID,0.38062659945297733,VALID,crazyflie-6dof,2.0.0,63.330345205060766,0.07599641424607292,61.45147277163271,2.487757722923859,0.07617483944779642,0.12,0.467356937334233,false,100.0,false,63.34370788702318,0.07601244946442781,61.45833844378363,2.488035667912745,0.07615996038485978,0.12,0.467507821110136,false,100.0,false,63.34846793523694,0.07601816152228433,61.46078375079942,2.48813466198301,0.07616549832674645,0.12,0.467561571297768,false,100.0,false,63.33509767320621,0.07600211720784744,61.45391474352403,2.487856581977317,0.07618037110313396,0.12,0.46741059833348003,false,100.0,false,[]
1,child-f9d0c0c9a9ae419f6470a221,py-f996c906ee10788ea67a,f996c906ee10,4b81296e5dd75a57ec2747997355f69bfd8a5d1068302c364c372acc996e4530,evt-7f63919367874281a99c61456f5d93f7,45637,Alpha,SIM,vehicle-adapter,2026-08-15T05:18:06.890760Z,2.4399999999999986,2.4499999999999984,246,2.4399999999999986,,fast-sim-Alpha,1,home,TAKING_OFF,true,true,true,simulated,98.54600462740073,-1.3473347032073315,-0.000411173947081882,0.38436510452779693,-1.3519948958179462,-0.004213842031636206,0.3849507666901284,0.00012892362115953,-0.0016355976856216369,0.059039354971317265,-0.00033551201192238484,0.00017633165624278727,1.1109251501847269e-07,,,,,99.45233453482005,4.194544990485855,4.048440311317464,1.9480623888919586,false,,false,modeled_transport,SIMULATED_MODEL,100.0,30.0,0.0,-6.31477088483014e-05,0.000943840510139298,9.481507154198756,-0.0018986668665664564,-0.006544255971993317,-2.617239494292237e-07,,,,,,0.00012892334469693156,-0.0016355977920023152,0.0,0.38495079434136725,99.82864230046069,DEGRADED,2.4399999999999986,4.0,2.4399999999999986,3.3501759302770924,VALID,0.6512446203458727,VALID,2.00652233387356,VALID,1.9944352305620765,VALID,2.1149769267243186,VALID,0.3835296023485547,VALID,crazyflie-6dof,2.0.0,63.29932512635003,0.07595919015162003,61.43434765625388,2.487132895510697,0.0761355955807547,0.12,0.467005055886827,false,100.0,false,63.29539301876894,0.07595447162252272,61.43232602670688,2.4870510510451713,0.0761232402019442,0.12,0.4669606654809324,false,100.0,false,63.301197397908325,0.07596143687748999,61.43531020653972,2.487171863784486,0.0761291349880979,0.12,0.4670261926697385,false,100.0,false,63.305119805140464,0.07596614376616856,61.437326648416445,2.487253498230278,0.07614148274630109,0.12,0.4670704748544605,false,100.0,false,[]
1,child-f9d0c0c9a9ae419f6470a221,py-f996c906ee10788ea67a,f996c906ee10,4b81296e5dd75a57ec2747997355f69bfd8a5d1068302c364c372acc996e4530,evt-10ee6cc917e8418fa9826b696dba2c4a,45638,Alpha,SIM,vehicle-adapter,2026-08-15T05:18:06.902950Z,2.4499999999999984,2.459999999999998,247,2.4499999999999984,,fast-sim-Alpha,1,home,TAKING_OFF,true,true,true,simulated,98.58016252083092,-1.3504155429844962,-0.002649829652693954,0.3859611845148553,-1.3519934106284692,-0.004229574940725926,0.3855084768816321,0.00014267477836659375,-0.001592877485034204,0.05577101915037582,-0.00035119970708437056,0.0001047897105814673,1.328359704914177e-07,,,,,99.45016996446566,4.194523345348201,4.048414846425933,1.9481133189634412,false,,false,modeled_transport,SIMULATED_MODEL,100.0,30.0,0.0,-7.48952444519081e-05,0.000920544735800236,9.479817370025572,-0.0015687698218582783,-0.007154194894262304,-2.820891780631963e-07,,,,,,0.00014267450893724754,-0.0015928776022202762,0.0,0.3855085027727909,99.83345016102247,DEGRADED,2.4499999999999984,4.0,2.4499999999999984,3.3541254385244157,VALID,0.6460401835585096,VALID,2.0077581428310096,VALID,1.9950797298799776,VALID,2.1148933613756595,VALID,0.3863695497588804,VALID,crazyflie-6dof,2.0.0,63.311838795845595,0.07597420655501472,61.439574364545145,2.4873288501551474,0.07610891609735448,0.12,0.4671142907049057,false,100.0,false,63.289591451611216,0.07594750974193346,61.42813713429057,2.486865823627501,0.07609298892812186,0.12,0.4668631535976813,false,100.0,false,63.29661479171138,0.07595593775005366,61.43174826353987,2.4870120171201537,0.07609951568240955,0.12,0.4669424329021655,false,100.0,false,63.318849992173895,0.07598261999060868,61.44317787645947,2.48747473526648,0.07611543349949111,0.12,0.4671934417586886,false,100.0,false,[]
1,child-f9d0c0c9a9ae419f6470a221,py-f996c906ee10788ea67a,f996c906ee10,4b81296e5dd75a57ec2747997355f69bfd8a5d1068302c364c372acc996e4530,evt-a486678b187a46e3bb1784dcaebecd48,45639,Alpha,SIM,vehicle-adapter,2026-08-15T05:18:06.914918Z,2.4699999999999984,2.479999999999998,249,2.4699999999999984,,fast-sim-Alpha,1,home,TAKING_OFF,true,true,true,simulated,98.62229220139079,-1.349838489068265,-0.00042868211370588813,0.3861779039187329,-1.3519904399353488,-0.004259714687229671,0.386524656485388,0.0001481712693735888,-0.0015033098139257417,0.04915154174535246,-0.0003835457576003521,-3.719006863268904e-05,1.7850277427582383e-07,,,,,99.44584694423837,4.194480093094103,4.048520443991135,1.9461286546921919,false,,false,modeled_transport,SIMULATED_MODEL,100.0,30.0,0.0,-8.588077322139835e-05,0.0008716723105181407,9.47516335251777,-0.0016210056051382666,-0.006919039685236776,-3.386343228818039e-07,,,,,,0.00014817102257443432,-0.0015033099509486692,0.0,0.3865246851829997,99.83627546671495,DEGRADED,2.4699999999999984,4.0,2.4699999999999984,3.3501095185647456,VALID,0.6511003527771425,VALID,2.003186413710331,VALID,2.0010473770314547,VALID,2.1141371560995394,VALID,0.38355168548258456,VALID,crazyflie-6dof,2.0.0,63.24669855730318,0.07589603826876382,61.403693825706696,2.485941097899458,0.07603524098740495,0.12,0.46634980541269966,false,100.0,false,63.277640526609424,0.07593316863193131,61.41961080832691,2.486585500194904,0.07604034795387453,0.12,0.466698998205373,false,100.0,false,63.27902502804746,0.07593483003365695,61.4203228179324,2.4866143260493456,0.07603957204623475,0.12,0.46671462413843573,false,100.0,false,63.248065159715935,0.07589767819165913,61.404397003408675,2.4859695661924803,0.07603445109787085,0.12,0.4663652269356834,false,100.0,false,[]
1,child-f9d0c0c9a9ae419f6470a221,py-f996c906ee10788ea67a,f996c906ee10,4b81296e5dd75a57ec2747997355f69bfd8a5d1068302c364c372acc996e4530,evt-d57cf6453e0146678a8d2f85a44c535d,45640,Alpha,SIM,vehicle-adapter,2026-08-15T05:18:06.924216Z,2.4799999999999986,2.4899999999999984,250,2.4799999999999986,,fast-sim-Alpha,1,home,TAKING_OFF,true,true,true,simulated,98.61018925395474,-1.3489722592711602,-0.0020904961663001645,0.38699703376912475,-1.3519890805280803,-0.004274097218149832,0.38698275824698647,0.00014055990842088843,-0.001456506696050929,0.04581017615984845,-0.00039846694192757017,-0.00010083431794619035,1.9962734640704237e-07,,,,,99.4436878305047,4.194458469442384,4.048718292417826,1.9432023603058388,false,,false,modeled_transport,SIMULATED_MODEL,100.0,30.0,0.0,-8.510580199244547e-05,0.0008460243791204758,9.472514587303348,-0.0014921182869641451,-0.006364425273143954,-3.7607345051575616e-07,,,,,,0.00014055967689808726,-0.0014565068397395947,0.0,0.3869827909360924,99.83522798627675,DEGRADED,2.4799999999999986,4.0,2.4799999999999986,3.3530950896235683,VALID,0.6463902766258596,VALID,2.0020265237539787,VALID,1.996891052614234,VALID,2.1141729078083995,VALID,0.3870937711810913,VALID,crazyflie-6dof,2.0.0,63.182122616084754,0.07581854713930171,61.36935868641752,2.484672451076494,0.07599542871923548,0.12,0.46564028697964366,false,100.0,false,63.20116684073446,0.07584140020888135,61.3791669883049,2.4850695615891842,0.07600495283195215,0.12,0.465855146601305,false,100.0,false,63.21054987866401,0.0758526598543968,61.38399833327875,2.48526516913691,0.07600717140126063,0.12,0.46596101491908287,false,100.0,false,63.19148497025683,0.07582978196430819,61.374180958184034,2.484867691275615,0.07599763060519056,0.12,0.46574591180580716,false,100.0,false,[]
1,child-f9d0c0c9a9ae419f6470a221,py-f996c906ee10788ea67a,f996c906ee10,4b81296e5dd75a57ec2747997355f69bfd8a5d1068302c364c372acc996e4530,evt-ec1887a0098f46879f57594d2df68f91,45641,Alpha,SIM,vehicle-adapter,2026-08-15T05:18:06.935633Z,2.4899999999999984,2.4999999999999982,251,2.4899999999999984,,fast-sim-Alpha,1,home,TAKING_OFF,true,true,true,simulated,98.58682204136409,-1.350764093383756,-0.0005862008474069487,0.38643475171285746,-1.351987879620919,-0.004288005825395712,0.3874071170331603,0.00012683270150159114,-0.001408425774042219,0.04243587861737598,-0.0004139256669286206,-0.00015887681632610314,2.1900503673645705e-07,,,,,99.44153118309892,4.194436878305047,4.04886317841355,1.940982665199736,false,,false,modeled_transport,SIMULATED_MODEL,100.0,30.0,0.0,-8.056045409411943e-05,0.0008196834355735884,9.469221528553023,-0.0015458722485057548,-0.005804250148071518,-4.1989591245170127e-07,,,,,,0.0001268324872725741,-0.00140842592247513,0.0,0.387407155110692,99.83321287721492,DEGRADED,2.4899999999999984,4.0,2.4899999999999984,3.352451887111188,VALID,0.6475047358675932,VALID,2.00256585585536,VALID,1.9940684521005607,VALID,2.1144839136773785,VALID,0.38694941474669675,VALID,crazyflie-6dof,2.0.0,63.14784721386141,0.07577741665663369,61.350515862700796,2.4839984465316562,0.0759558636882261,0.12,0.4652591699668396,false,100.0,false,63.156892535017825,0.07578827104202139,61.35517750595773,2.484187190088995,0.07596572178618873,0.12,0.46536120288667754,false,100.0,false,63.1454642415566,0.07577455708986792,61.349287641284015,2.483948717526963,0.07596397648883041,0.12,0.46523229036506086,false,100.0,false,63.13639575116866,0.07576367490140239,61.344613138881755,2.483759453320424,0.07595409893558448,0.12,0.46513000198115795,false,100.0,false,[]
1,child-f9d0c0c9a9ae419f6470a221,py-f996c906ee10788ea67a,f996c906ee10,4b81296e5dd75a57ec2747997355f69bfd8a5d1068302c364c372acc996e4530,evt-3f6cfb8222294eac9735bb391eb9c37a,45642,Alpha,SIM,vehicle-adapter,2026-08-15T05:18:06.946459Z,2.4999999999999987,2.5099999999999985,252,2.4999999999999987,,fast-sim-Alpha,1,home,TAKING_OFF,true,true,true,simulated,98.64214707549311,-1.3485914838403956,-3.3925641284522634e-05,0.3884470727087204,-1.3519868828856527,-0.004301429537246449,0.3877975681504179,0.00010779456883933132,-0.0013590997458057532,0.03904511172575974,-0.00042844852041375837,-0.00020799438357515422,2.3499343068383272e-07,,,,,99.4393740481429,4.19441531183099,4.048808702298588,1.9414214604267714,false,,false,modeled_transport,SIMULATED_MODEL,100.0,30.0,0.0,-7.251570620967667e-05,0.0007925862391338434,9.467574739266926,-0.0014522850552552155,-0.004911756963763161,-4.699292525404476e-07,,,,,,0.00010779437290752594,-0.0013590998958804455,0.0,0.38779761213244357,99.83121377770341,DEGRADED,2.4999999999999987,4.0,2.4999999999999987,3.3527094950131264,VALID,0.6506254675474974,VALID,2.0042196523068276,VALID,1.9976113567126146,VALID,2.1154530190722753,VALID,0.393330612921364,VALID,crazyflie-6dof,2.0.0,63.138457875581665,0.075766149450698,61.34444487068301,2.483719222300974,0.07592213650261515,0.12,0.46511451962853717,false,100.0,false,63.171846355463245,0.07580621562655589,61.36165096226873,2.484415864034422,0.07593951346090161,0.12,0.4654911122755578,false,100.0,false,63.181176746424406,0.07581741209570929,61.36645743092159,2.484610468755512,0.07594098769126421,0.12,0.4655963621754153,false,100.0,false,63.147762952928346,0.07577731554351401,61.34924104978866,2.483913410417981,0.07592358855421591,0.12,0.46521946634726097,false,100.0,false,[]
1,child-f9d0c0c9a9ae419f6470a221,py-f996c906ee10788ea67a,f996c906ee10,4b81296e5dd75a57ec2747997355f69bfd8a5d1068302c364c372acc996e4530,evt-a8404b89a84247d78664226d03dbaa33,45643,Alpha,SIM,vehicle-adapter,2026-08-15T05:18:06.957221Z,2.5099999999999985,2.5199999999999982,253,2.5099999999999985,,fast-sim-Alpha,1,home,TAKING_OFF,true,true,true,simulated,98.62140995921028,-1.3505142061718807,-0.0033759151899174556,0.3867836951490988,-1.3519861285041381,-0.00431436053290018,0.38815365733594615,8.432605152186354e-05,-0.0013087622752713214,0.03560891855283264,-0.00043986095937286824,-0.0002496016535723853,2.4780122927145457e-07,,,,,99.43722216694789,4.194393740481429,4.04914175982009,1.9366930754965668,false,,false,modeled_transport,SIMULATED_MODEL,100.0,30.0,0.0,-6.154813981623175e-05,0.0007647443371036353,9.463032244670964,-0.0011412436028835037,-0.004160727164319381,-5.256195870443419e-07,,,,,,8.432587352480292e-05,-0.0013087624227755262,0.0,0.3881537069766597,99.82984894966677,DEGRADED,2.5099999999999985,4.0,2.5099999999999985,3.3527717028445694,VALID,0.6517037692747324,VALID,2.0056229642269963,VALID,1.9956405484985007,VALID,2.1125989163945667,VALID,0.38868962489684306,VALID,crazyflie-6dof,2.0.0,63.03952190642848,0.07564742628771418,61.29227218268297,2.481810988491609,0.07586951406627147,0.12,0.46404621707064625,false,100.0,false,63.044714557583404,0.07565365746910008,61.29495326816471,2.4819195494434663,0.075884123129245,0.12,0.4641047610548161,false,100.0,false,63.062072710583436,0.07567448725270012,61.30391394411742,2.4822823799154294,0.0758904146188061,0.12,0.46430047480497794,false,100.0,false,63.05685317492533,0.0756682238099104,61.301219781665516,2.4821732894585122,0.0758757808602951,0.12,0.46424162256612655,false,100.0,false,[]
1,child-f9d0c0c9a9ae419f6470a221,py-f996c906ee10788ea67a,f996c906ee10,4b81296e5dd75a57ec2747997355f69bfd8a5d1068302c364c372acc996e4530,evt-6efb534567354bd4ae941c4d9e8aa20c,45644,Alpha,SIM,vehicle-adapter,2026-08-15T05:18:06.968295Z,2.5199999999999987,2.5299999999999985,254,2.5199999999999987,,fast-sim-Alpha,1,home,TAKING_OFF,true,true,true,simulated,98.61631674263545,-1.3488616768715285,-0.00014697344335274157,0.38881170062701165,-1.3519856451604584,-0.004326789789613154,0.38847528928691955,5.738383860530536e-05,-0.0012574771058588298,0.03216319509733926,-0.0004524332850468866,-0.0002813660538791702,2.5611138936915955e-07,,,,,99.4350675474402,4.194372221669479,4.048935404901533,1.9391575569227728,false,,false,modeled_transport,SIMULATED_MODEL,100.0,30.0,0.0,-4.806953890102751e-05,0.0007364306821246933,9.46207934412812,-0.0012572323467970365,-0.003176440085632796,-5.861436337926819e-07,,,,,,5.738367889858911e-05,-0.0012574772492556453,0.0,0.3884753444237538,99.8289356004136,DEGRADED,2.5199999999999987,4.0,2.5199999999999987,3.3525185621993687,VALID,0.6500497888547874,VALID,2.000798125766234,VALID,1.996858838841895,VALID,2.108321648587158,VALID,0.38851801689562304,VALID,crazyflie-6dof,2.0.0,63.109708010303386,0.07573164961236406,61.32716904495871,2.4830974602851463,0.0758483542454313,0.12,0.4647640971867497,false,100.0,false,63.14000522335063,0.07576800626802074,61.34278961717396,2.4837299271640183,0.07586837824300599,0.12,0.4651057494573831,false,100.0,false,63.11420601285821,0.07573704721542984,61.32948862961801,2.483191378769664,0.07586540347185261,0.12,0.4648148164718523,false,100.0,false,63.083880880147724,0.07570065705617726,61.313846724195486,2.4825580481230096,0.07584535258198402,0.12,0.46447289380678763,false,100.0,false,[]
1,child-f9d0c0c9a9ae419f6470a221,py-f996c906ee10788ea67a,f996c906ee10,4b81296e5dd75a57ec2747997355f69bfd8a5d1068302c364c372acc996e4530,evt-5666a66a83ce4fe1bcdbe396384a8c76,45645,Alpha,SIM,vehicle-adapter,2026-08-15T05:18:06.979707Z,2.5299999999999985,2.5399999999999983,255,2.5299999999999985,,fast-sim-Alpha,1,home,TAKING_OFF,true,true,true,simulated,98.60872375610838,-1.3500332243356388,-0.0005313949619285868,0.3870681783378834,-1.351985453203203,-0.0043387099745745466,0.38876204789793073,2.7931079514733286e-05,-0.0012053078061478064,0.028675861101113476,-0.0004634411320195644,-0.000304629840755192,2.602609359898769e-07,,,,,99.43291838106474,4.194350675474402,4.049281945132378,1.9342497379198793,false,,false,modeled_transport,SIMULATED_MODEL,100.0,30.0,0.0,-3.269919999117268e-05,0.0007075301005670491,9.457918392756516,-0.0011007845756980756,-0.00232637863383721,-6.503807242360207e-07,,,,,,2.7930937279134736e-05,-0.0012053079428537557,0.0,0.3887621076850737,99.828908892171,DEGRADED,2.5299999999999985,4.0,2.5299999999999985,3.354782095032729,VALID,0.6491426539467406,VALID,2.0043977470417977,VALID,1.9944873373036855,VALID,2.109208405955939,VALID,0.3926489956213403,VALID,crazyflie-6dof,2.0.0,62.98588338209481,0.07558306005851377,61.26213968759223,2.4806767615714493,0.075797875482819,0.12,0.4634189195361229,false,100.0,false,62.99393123511693,0.07559271748214032,61.26629855163203,2.480845165702136,0.07581532634306504,0.12,0.4635096255046142,false,100.0,false,63.01136335616033,0.07561363602739239,61.275304918646256,2.481209858895555,0.07581829651751519,0.12,0.463706112585047,false,100.0,false,63.003287260610776,0.07560394471273292,61.27113271140543,2.4810409144610386,0.07580081701408414,0.12,0.46361508029409515,false,100.0,false,[]
1,child-f9d0c0c9a9ae419f6470a221,py-f996c906ee10788ea67a,f996c906ee10,4b81296e5dd75a57ec2747997355f69bfd8a5d1068302c364c372acc996e4530,evt-301980ff41e8409e9da738d8ce62873d,45646,Alpha,SIM,vehicle-adapter,2026-08-15T05:18:06.982791Z,2.5399999999999987,2.5499999999999985,256,2.5399999999999987,,fast-sim-Alpha,1,home,TAKING_OFF,true,true,true,simulated,98.62621579140259,-1.3489167453277775,-0.003346310286389657,0.3883904015605967,-1.3519855640094307,-0.004350116461510959,0.38901386737113314,-3.061507168029418e-06,-0.001152521106792553,0.025181947320245784,-0.0004714754317134333,-0.0003184537277106647,2.595529556515623e-07,,,,,99.43076647359035,4.194329183810647,4.049075429290927,1.9367167269538819,false,,false,modeled_transport,SIMULATED_MODEL,100.0,30.0,0.0,-1.5934134309392167e-05,0.0006781153098145438,9.457260477367765,-0.0008034299914477094,-0.001382388511447384,-7.170070436357121e-07,,,,,,-3.0616334204217506e-06,-0.0011525212340943326,0.0,0.38901393033339626,99.8300984831495,DEGRADED,2.5399999999999987,4.0,2.5399999999999987,3.352004536762584,VALID,0.6479342358167461,VALID,2.0051482419493256,VALID,1.9928040310162811,VALID,2.109798606800006,VALID,0.3885212814106935,VALID,crazyflie-6dof,2.0.0,63.042028933315045,0.07565043471997805,61.289835828308966,2.4816716831768053,0.07577414511184592,0.12,0.46397870400369534,false,100.0,false,63.064562972353855,0.07567747556682462,61.30146772667786,2.48214266751562,0.07579398676081085,0.12,0.46423270860752347,false,100.0,false,63.07761325985645,0.07569313591182773,61.308202123613086,2.4824153483272355,0.0758001150512194,0.12,0.4643798251726583,false,100.0,false,63.05505130350066,0.07566606156420079,61.2965584260681,2.481943886230881,0.07578024354200574,0.12,0.4641254891700046,false,100.0,false,[]
1,child-f9d0c0c9a9ae419f6470a221,py-f996c906ee10788ea67a,f996c906ee10,4b81296e5dd75a57ec2747997355f69bfd8a5d1068302c364c372acc996e4530,evt-f096becb8b014ee7bf50b42d4c89b0b8,45647,Alpha,SIM,vehicle-adapter,2026-08-15T05:18:07.004547Z,2.5599999999999987,2.5699999999999985,258,2.5599999999999987,,fast-sim-Alpha,1,home,TAKING_OFF,true,true,true,simulated,98.62995127551751,-1.350124686334285,-0.0020801886424298504,0.3901812884013554,-1.3519867006982869,-0.0043713657761545064,0.38941183746907726,-6.610721877679367e-05,-0.0010450861312951921,0.01813844475568829,-0.0004903906672206715,-0.00032162227131213945,2.446773571511208e-07,,,,,99.4264679780421,4.194286186460419,4.049116096478416,1.9356011997644915,false,,false,modeled_transport,SIMULATED_MODEL,100.0,30.0,0.0,1.955389618643567e-05,0.0006183905841996547,9.454639894498495,-0.0009927628989366258,0.00027148883645721736,-8.512959650319402e-07,,,,,,-6.610731307322584e-05,-0.0010450862407829595,0.0,0.3894119044331026,99.83425214494258,DEGRADED,2.5599999999999987,4.0,2.5599999999999987,3.349523877085653,VALID,0.6487827471132313,VALID,2.0053536095859634,VALID,1.996457419965465,VALID,2.109935832428101,VALID,0.39112809785091396,VALID,crazyflie-6dof,2.0.0,63.02981716216214,0.07563578059459457,61.28121675149244,2.4813476116025077,0.075726456531383,0.12,0.4637993460440755,false,100.0,false,63.0497589939725,0.075659710792767,61.291512576428,2.481764501507239,0.07574511586712931,0.12,0.4640240909372729,false,100.0,false,63.04774521338149,0.07565729425605779,61.29047303629924,2.481722409320556,0.07574271935113074,0.12,0.4640013945588569,false,100.0,false,63.02777820497315,0.07563333384596778,61.28016385337737,2.481304978535451,0.07572402960919712,0.12,0.46377636822428614,false,100.0,false,[]
1,child-f9d0c0c9a9ae419f6470a221,py-f996c906ee10788ea67a,f996c906ee10,4b81296e5dd75a57ec2747997355f69bfd8a5d1068302c364c372acc996e4530,evt-f44d9926bab24492bce933a445117856,45648,Alpha,SIM,vehicle-adapter,2026-08-15T05:18:07.014610Z,2.5699999999999985,2.5799999999999983,260,2.5699999999999985,,fast-sim-Alpha,1,home,FLYING,true,true,true,simulated,98.66472944973303,-1.3479409186394133,-0.0016086982444884082,0.3905024299240892,-1.3519877092179509,-0.004381194943425816,0.38955741542032085,-9.634017963042095e-05,-0.0009902188160031994,0.014557795124359485,-0.0005016091418032261,-0.0003099322114091359,2.2972200797139803e-07,,,,,99.42432672958006,4.194264679780421,4.049730408592772,1.92712361583831,false,,false,modeled_transport,SIMULATED_MODEL,100.0,30.0,0.0,3.730462725226374e-05,0.0005879754684058073,9.448586962732929,-0.001121847930523132,0.0011690065883201623,-9.157078236907077e-07,,,,,,-9.634025778839071e-05,-0.0009902189184470595,0.0,0.3895574831389853,99.83721312432426,DEGRADED,2.5699999999999985,4.0,2.5699999999999985,3.349330879459658,VALID,0.6468928455875743,VALID,2.002172035780241,VALID,1.9923245257000133,VALID,2.111568933495719,VALID,0.3906555274021738,VALID,crazyflie-6dof,2.0.0,62.83352230161698,0.07540022676194037,61.17867702754197,2.477571487159128,0.07566201669189711,0.12,0.4616981312187076,false,100.0,false,62.852930909316065,0.07542351709117927,61.18873139461412,2.4779786619198405,0.07568183524613369,0.12,0.4619167238826573,false,100.0,false,62.84823225808711,0.07541787870970453,61.18629763086406,2.477880101049181,0.07567863104073068,0.12,0.46186380257156934,false,100.0,false,62.82880083469253,0.07539456100163104,61.17623062582803,2.4774724144850024,0.0756587828231467,0.12,0.4616449581653757,false,100.0,false,[]
1,child-f9d0c0c9a9ae419f6470a221,py-f996c906ee10788ea67a,f996c906ee10,4b81296e5dd75a57ec2747997355f69bfd8a5d1068302c364c372acc996e4530,evt-cfb64ddf49d74992873289cc70d65278,45651,Alpha,SIM,vehicle-adapter,2026-08-15T05:18:07.024617Z,2.5799999999999983,2.589999999999998,261,2.5799999999999983,,fast-sim-Alpha,1,home,FLYING,true,true,true,simulated,98.66791988504269,-1.349633364881513,-0.0006808331833561771,0.38901766474880795,-1.3519889852724143,-0.004390482604582379,0.3896667732229922,-0.00012444482771757236,-0.0009343909444256671,0.010935780267135042,-0.0005143718401011369,-0.0002890279243659191,2.093207209728172e-07,,,,,99.42218562819174,4.194243267295801,4.04971892358426,1.926991249484388,false,,false,modeled_transport,SIMULATED_MODEL,100.0,30.0,0.0,5.436256425825651e-05,0.0005571026494917428,9.444450429003028,-0.0012762704407862891,0.0020904294710841647,-9.78210487094088e-07,,,,,,-0.00012444488958896475,-0.0009343910419866015,0.0,0.38966684104752847,99.84063145692748,DEGRADED,2.5799999999999983,4.0,2.5799999999999983,3.3555491413536243,VALID,0.6506191151587893,VALID,2.003755396308008,VALID,1.9966392849946684,VALID,2.1107695301630747,VALID,0.38791120842770616,VALID,crazyflie-6dof,2.0.0,62.83352230161698,0.07540022676194037,61.17726817742394,2.4775074063130287,0.07561267954610068,0.12,0.4616650471825544,false,100.0,false,62.852930909316065,0.07542351709117927,61.187322312959594,2.477914570542419,0.0756333687709506,0.12,0.4618836199018254,false,100.0,false,62.84823225808711,0.07541787870970453,61.18488860525534,2.477816012220975,0.07562955771564076,0.12,0.46183070341956134,false,100.0,false,62.82880083469253,0.07539456100163104,61.17482183204683,2.477408336201356,0.07560883938619313,0.12,0.4616118789804466,false,100.0,false,[]
1,child-f9d0c0c9a9ae419f6470a221,py-f996c906ee10788ea67a,f996c906ee10,4b81296e5dd75a57ec2747997355f69bfd8a5d1068302c364c372acc996e4530,evt-30a3e394d7a34baf95def5807e0a4780,45655,Alpha,SIM,vehicle-adapter,2026-08-15T05:18:07.035662Z,2.589999999999998,2.599999999999998,262,2.589999999999998,,fast-sim-Alpha,1,home,FLYING,true,true,true,simulated,98.6608582488376,-1.3504712832104668,-0.0029832796376093743,0.38929458013103047,-1.3519904986356064,-0.004399218361524412,0.38973964151253665,-0.00014945079290506867,-0.0008774291750576932,0.007286828954444768,-0.0005288590816049757,-0.00025877314156949225,1.83147802023289e-07,,,,,99.42004466685488,4.194221856281917,4.049706966045753,1.9268652031746636,false,,false,modeled_transport,SIMULATED_MODEL,100.0,30.0,0.0,7.018634586496413e-05,0.0005256840746868828,9.441756765099326,-0.0014487248672868627,0.003025479233582524,-1.039155265349893e-06,,,,,,-0.00014945083852800953,-0.0008774292703910337,0.0,0.3897397090652339,99.84433574671641,DEGRADED,2.589999999999998,4.0,2.589999999999998,3.352643734767957,VALID,0.6509723053222364,VALID,1.9999012709600286,VALID,1.9951001738173315,VALID,2.1117558703785613,VALID,0.39023973232112585,VALID,crazyflie-6dof,2.0.0,62.83352230161698,0.07540022676194037,61.17593656299722,2.4774461645354293,0.07557473218541627,0.12,0.4616335428022069,false,100.0,false,62.852930909316065,0.07542351709117927,61.185990479689636,2.4778533187000824,0.07559607526392487,0.12,0.4618520965149505,false,100.0,false,62.84823225808711,0.07541787870970453,61.183556824958664,2.477754762814913,0.07559180828013418,0.12,0.4617991846343742,false,100.0,false,62.82880083469253,0.07539456100163104,61.17349027086847,2.4773470968726814,0.07557043651741478,0.12,0.46158037922313194,false,100.0,false,[]
1,child-f9d0c0c9a9ae419f6470a221,py-f996c906ee10788ea67a,f996c906ee10,4b81296e5dd75a57ec2747997355f69bfd8a5d1068302c364c372acc996e4530,evt-853ee22e940443e8bd4160c9f4052169,45656,Alpha,SIM,vehicle-adapter,2026-08-15T05:18:07.046206Z,2.599999999999998,2.6099999999999977,263,2.599999999999998,,fast-sim-Alpha,1,home,FLYING,true,true,true,simulated,98.67500292932704,-1.3482420087839933,-0.003619545637379697,0.3902195058799212,-1.3519922104172777,-0.0044073900828021555,0.3897758596025679,-0.00017038468892254427,-0.0008191465022332156,0.0036218090031181482,-0.0005451964648104792,-0.00021910806609940384,1.5085847752669954e-07,,,,,99.41790383885944,4.194200446668549,4.049694556977139,1.9267451958887225,false,,false,modeled_transport,SIMULATED_MODEL,100.0,30.0,0.0,8.422866245660259e-05,0.0004936209259014815,9.440149885127378,-0.0016337390921097512,0.003966508709719443,-1.0988072792728804e-06,,,,,,-0.00017038471873493776,-0.0008191465982704622,0.0,0.38977592688715296,99.84808726331754,DEGRADED,2.599999999999998,4.0,2.599999999999998,3.3505050411663433,VALID,0.6461112887113898,VALID,2.0048831952875292,VALID,1.9947673940877801,VALID,2.111264975146621,VALID,0.38989739368752974,VALID,crazyflie-6dof,2.0.0,62.83352230161698,0.07540022676194037,61.174678758929225,2.4773876359486064,0.07554538264583457,0.12,0.4616035478383691,false,100.0,false,62.852930909316065,0.07542351709117927,61.1847324689087,2.4777947804944196,0.07556721666430712,0.12,0.46182208344099046,false,100.0,false,62.84823225808711,0.07541787870970453,61.18229886421472,2.4776962269375895,0.07556260716138204,0.12,0.46176917594507333,false,100.0,false,62.82880083469253,0.07539456100163104,61.1722325170973,2.4772885706262886,0.0755407447750869,0.12,0.46155038866428955,false,100.0,false,[]
1,child-f9d0c0c9a9ae419f6470a221,py-f996c906ee10788ea67a,f996c906ee10,4b81296e5dd75a57ec2747997355f69bfd8a5d1068302c364c372acc996e4530,evt-9b04440bb37e4b28841e7c5342ebdca2,45657,Alpha,SIM,vehicle-adapter,2026-08-15T05:18:07.056987Z,2.6099999999999977,2.6199999999999974,264,2.6099999999999977,,fast-sim-Alpha,1,home,FLYING,true,true,true,simulated,98.66987232790717,-1.3493227193146753,-0.004129552854229749,0.389247901892224,-1.3519940768856007,-0.004414981912962542,0.3897835928330026,-0.00018651347829439202,-0.0007596163354901151,0.0007733230434792127,-0.0005606196812008865,-0.00017253060140891,1.1380942499972596e-07,,,,,99.41564782789915,4.194179038388595,4.041898298569447,2.030409864270228,false,,false,modeled_transport,SIMULATED_MODEL,100.0,30.0,0.0,9.59362788928908e-05,0.00046080138020915175,9.521803283859079,-0.0015423223645633732,0.004657747806548214,-1.1295991223928974e-06,,,,,,-0.00018651349404867062,-0.0007596164336347213,0.0,0.38978365988772384,99.85188240781041,DEGRADED,2.6099999999999977,4.0,2.6099999999999977,3.353403021990765,VALID,0.6479101666455792,VALID,2.0063304817280287,VALID,1.9943536508148094,VALID,2.107376555511031,VALID,0.3904538587009339,VALID,crazyflie-6dof,2.0.0,65.28206344728748,0.07833847613674498,62.41593371673076,2.522788562932775,0.07618167631468525,0.12,0.4875039357627759,false,100.0,false,65.28308397167145,0.07833970076600573,62.41644096430341,2.522809065363783,0.07619838698343762,0.12,0.4875155049750763,false,100.0,false,65.29943773876894,0.07835932528652274,62.42456836816809,2.523137566762307,0.07619977697210123,0.12,0.487700907750782,false,100.0,false,65.29843292758098,0.07835811951309717,62.42406906625396,2.5231173854867355,0.07618304964950089,0.12,0.48768951578159364,false,100.0,false,[]
1,child-f9d0c0c9a9ae419f6470a221,py-f996c906ee10788ea67a,f996c906ee10,4b81296e5dd75a57ec2747997355f69bfd8a5d1068302c364c372acc996e4530,evt-eecc177a818c421fa7d9ccea44f7f846,45658,Alpha,SIM,vehicle-adapter,2026-08-15T05:18:07.067941Z,2.6199999999999974,2.6299999999999972,265,2.6199999999999974,,fast-sim-Alpha,1,home,FLYING,true,true,true,simulated,98.67673998630819,-1.3510754746182239,-0.0019313805142989835,0.3906163696631349,-1.3519960474489703,-0.004421980875457775,0.38976939195668886,-0.00019722611275650145,-0.000699081158625561,-0.0014200876313763544,-0.0005738196271069358,-0.00011952122546228141,7.239443305536283e-08,,,,,99.41338603370663,4.194156478278992,4.041485370285097,2.0356147732590784,false,,false,modeled_transport,SIMULATED_MODEL,100.0,30.0,0.0,0.00010493688230066062,0.00042728998401683326,9.587310812040702,-0.001319995195390294,0.005300939092402333,-1.1347026569141305e-06,,,,,,-0.00019722611682928027,-0.0006990812594403646,0.0,0.38976945891017106,99.85567021454345,DEGRADED,2.6199999999999974,4.0,2.6199999999999974,3.3542541767593894,VALID,0.6500657381677851,VALID,2.0017518519842907,VALID,1.9973372226736832,VALID,2.111000416486983,VALID,0.38890422306829153,VALID,crazyflie-6dof,2.0.0,65.3933002507703,0.07847196030092435,62.47588778924502,2.5249538649580705,0.07669185467673167,0.12,0.4887771116013576,false,100.0,false,65.40464760862396,0.07848557713034876,62.48151750666203,2.5251813891638673,0.0767077800626039,0.12,0.48890582328898363,false,100.0,false,65.41560839265321,0.07849873007118385,62.48695443106067,2.525401121668032,0.07671207757595942,0.12,0.48903015672440603,false,100.0,false,65.40428248642539,0.07848513898371046,62.48133637656842,2.5251740688176327,0.07669614604253408,0.12,0.4889016816443313,false,100.0,false,[]
1,child-f9d0c0c9a9ae419f6470a221,py-f996c906ee10788ea67a,f996c906ee10,4b81296e5dd75a57ec2747997355f69bfd8a5d1068302c364c372acc996e4530,evt-fba6de219f7046ce9f3d5703cd27234a,45659,Alpha,SIM,vehicle-adapter,2026-08-15T05:18:07.073584Z,2.6299999999999972,2.639999999999997,266,2.6299999999999972,,fast-sim-Alpha,1,home,FLYING,true,true,true,simulated,98.66798573176516,-1.3513802421236394,-0.0035143609807347445,0.39095743095220353,-1.3519980627716863,-0.004428381564669593,0.3897381750558298,-0.0002017132103138898,-0.0006382580226833628,-0.0031216900859054597,-0.0005800352665866249,-5.7955108006514455e-05,2.571194941019375e-08,,,,,99.41112433447053,4.194133860337066,4.041469161901762,2.03552931249747,false,,false,modeled_transport,SIMULATED_MODEL,100.0,30.0,0.0,0.00011089049397266463,0.00039322824327187294,9.63649161344549,-0.0006215643622227105,0.006156613416191993,-1.1163294717674236e-06,,,,,,-0.00020171320560781624,-0.0006382581248649921,0.0,0.38973824127229756,99.85999178452037,DEGRADED,2.6299999999999972,4.0,2.6299999999999972,3.3532204607439113,VALID,0.6477906430902398,VALID,2.005138157308459,VALID,1.9966349895989475,VALID,2.110396859173564,VALID,0.3895778788923737,VALID,crazyflie-6dof,2.0.0,65.35871219851391,0.0784304546382167,62.463516243098425,2.5244437464043212,0.07706769391020246,0.12,0.4884906069656828,false,100.0,false,65.388628383847,0.0784663540606164,62.47836579454048,2.5250438864465328,0.07708854207395138,0.12,0.4888299939809907,false,100.0,false,65.42775346396287,0.07851330415675543,62.49777528744937,2.525828315116927,0.07710338579922742,0.12,0.4892739252290411,false,100.0,false,65.39786472567613,0.07847743767081135,62.48294896862674,2.525229114013865,0.07708254117205943,0.12,0.48893478632175513,false,100.0,false,[]
1,child-f9d0c0c9a9ae419f6470a221,py-f996c906ee10788ea67a,f996c906ee10,4b81296e5dd75a57ec2747997355f69bfd8a5d1068302c364c372acc996e4530,evt-e74695b3b3d44494b374963781ecce45,45660,Alpha,SIM,vehicle-adapter,2026-08-15T05:18:07.090586Z,2.639999999999997,2.649999999999997,267,2.639999999999997,,fast-sim-Alpha,1,home,FLYING,true,true,true,simulated,98.64161204301278,-1.3485909227443809,-0.0034341089810474242,0.3886727976725252,-1.3520000535702512,-0.004434186615561172,0.38969375265326395,-0.00019901928634326148,-0.0005779347793553312,-0.004442240256585794,-0.0005785626943762969,1.3633997097762136e-05,-2.651863576559234e-08,,,,,99.40886104743998,4.194111243344706,4.041339368784575,2.0369583274845082,false,,false,modeled_transport,SIMULATED_MODEL,100.0,30.0,0.0,0.00011333795259195199,0.00035902278252177705,9.674596812305568,0.00014725710528692417,0.007158912337979634,-1.0759083133815624e-06,,,,,,-0.0001990192755945376,-0.0005779348813605043,0.0,0.3896938179115208,99.86455080923865,DEGRADED,2.639999999999997,4.0,2.639999999999997,3.350757763342683,VALID,0.6495250787325835,VALID,2.0059422986046913,VALID,1.9965933485604135,VALID,2.1104706283694528,VALID,0.3886690302977646,VALID,crazyflie-6dof,2.0.0,65.39417474065328,0.07847300968878393,62.485693366237015,2.5252589258677482,0.07736219228197859,0.12,0.4889673576292666,false,100.0,false,65.42360596465703,0.07850832715758843,62.50029475085962,2.525849017372889,0.07738659694018245,0.12,0.4893013603340323,false,100.0,false,65.44213200912475,0.07853055841094969,62.50948222460462,2.5262203143663426,0.07740325179414413,0.12,0.48951162872198767,false,100.0,false,65.41273464512875,0.0784952815741545,62.49490211271612,2.52563108256458,0.07737885985011833,0.12,0.48917798079922165,false,100.0,false,[]
1,child-f9d0c0c9a9ae419f6470a221,py-f996c906ee10788ea67a,f996c906ee10,4b81296e5dd75a57ec2747997355f69bfd8a5d1068302c364c372acc996e4530,evt-bced5c686da64bd1b8561dfdf62fb62f,45661,Alpha,SIM,vehicle-adapter,2026-08-15T05:18:07.102691Z,2.649999999999997,2.6599999999999966,268,2.649999999999997,,fast-sim-Alpha,1,home,FLYING,true,true,true,simulated,98.62788958403496,-1.351607961394642,-0.002715088591853874,0.39076717895199875,-1.3520019449704885,-0.004439406816413785,0.3896394804291513,-0.00018864679671063352,-0.0005189321256929663,-0.005427222411269472,-0.0005689432453380061,9.087491644228851e-05,-8.097801045314387e-08,,,,,99.40659083649491,4.1940886104744,4.04084937168341,2.043189850567577,false,,false,modeled_transport,SIMULATED_MODEL,100.0,30.0,0.0,0.0001117553177566444,0.00032511241045716805,9.708153590991783,0.0009619451884110341,0.007724093791648445,-1.0142161231153215e-06,,,,,,-0.00018864678229766805,-0.0005189322249574554,0.0,0.389639545100482,99.86890632883329,DEGRADED,2.649999999999997,4.0,2.649999999999997,3.350399346387356,VALID,0.6491681723067912,VALID,2.003868818497609,VALID,1.997057405394077,VALID,2.110579648499135,VALID,0.3854348056336027,VALID,crazyflie-6dof,2.0.0,65.55261297015974,0.07866313556419169,62.56866992419028,2.5283057055023095,0.07762866179427566,0.12,0.4907536473986989,false,100.0,false,65.54198815718925,0.0786503857886271,62.56341042609021,2.528093177106379,0.07764384747318487,0.12,0.49063299898925594,false,100.0,false,65.56030890886244,0.07867237069063493,62.57247899395364,2.5284596242739092,0.07766180154587414,0.12,0.49084104123646766,false,100.0,false,65.57097447290226,0.07868516936748271,62.577757066288285,2.528672903226681,0.0776466375164712,0.12,0.4909621629431547,false,100.0,false,[]
1,child-f9d0c0c9a9ae419f6470a221,py-f996c906ee10788ea67a,f996c906ee10,4b81296e5dd75a57ec2747997355f69bfd8a5d1068302c364c372acc996e4530,evt-f66a156e984a4302b41cc74d58dafd17,45662,Alpha,SIM,vehicle-adapter,2026-08-15T05:18:07.115094Z,2.6699999999999964,2.679999999999996,270,2.6699999999999964,,fast-sim-Alpha,1,home,FLYING,true,true,true,simulated,98.59175968188462,-1.3474816217755397,0.0006056862154123653,0.39122683982860773,-1.3520051013850252,-0.004448187567510623,0.38951020965072236,-0.0001428278658152722,-0.0004089903705416005,-0.006745103593097657,-0.0005179864850113012,0.00026156940295693796,-1.9187239391909153e-07,,,,,99.4020539432474,4.194043237036894,4.040834407199187,2.0427843978205003,false,,false,modeled_transport,SIMULATED_MODEL,100.0,30.0,0.0,9.530555555211425e-05,0.000260093534502669,9.750338866932623,0.003189335910074433,0.00865418622438881,-8.292607862616228e-07,,,,,,-0.00014282784764121969,-0.00040899045281443024,0.0,0.38951027523033466,99.87615296174941,DEGRADED,2.6699999999999964,4.0,2.6699999999999964,3.3523241465900733,VALID,0.65122837738271,VALID,2.0065400716541917,VALID,1.9943650936786685,VALID,2.1108445392319535,VALID,0.3882005716513279,VALID,crazyflie-6dof,2.0.0,65.51666499894536,0.07861999799873443,62.55972281989762,2.527934804754864,0.07795617051963395,0.12,0.4905449283146134,false,100.0,false,65.49930935965105,0.07859917123158125,62.55112462917063,2.527587366105571,0.077964675907831,0.12,0.4903477850237423,false,100.0,false,65.54325002939862,0.07865190003527833,62.57288858216814,2.5284668114066613,0.07799359149132869,0.12,0.49084694013624147,false,100.0,false,65.5606602116436,0.0786727922539723,62.58150753304504,2.528815088939235,0.07798512515889217,0.12,0.491044744345903,false,100.0,false,[]
1,child-f9d0c0c9a9ae419f6470a221,py-f996c906ee10788ea67a,f996c906ee10,4b81296e5dd75a57ec2747997355f69bfd8a5d1068302c364c372acc996e4530,evt-bd9ad65ce03346a384c018f9c267ae14,45663,Alpha,SIM,vehicle-adapter,2026-08-15T05:18:07.125451Z,2.679999999999996,2.689999999999996,271,2.679999999999996,,fast-sim-Alpha,1,home,FLYING,true,true,true,simulated,98.5538740782926,-1.348972489163433,-0.0008048569834216844,0.391062955012763,-1.352006203085861,-0.004451831977426039,0.3894384677987977,-0.00010769954885649817,-0.00036107995079654863,-0.007174185192465599,-0.00046847748990907443,0.00034435447957106407,-2.397782081337725e-07,,,,,99.39978557150914,4.194020539432474,4.040905447099726,2.0415345644246248,false,,false,modeled_transport,SIMULATED_MODEL,100.0,30.0,0.0,8.002655457885243e-05,0.0002302449802911912,9.76374362580775,0.004950900962597798,0.00827850902455633,-7.073559993985088e-07,,,,,,-0.00010769952691316024,-0.0003610800162438671,0.0,0.3894385336238694,99.87972391000903,DEGRADED,2.679999999999996,4.0,2.679999999999996,3.352937446868977,VALID,0.6485369008360808,VALID,2.005343385827549,VALID,1.9986243586149888,VALID,2.109255574624032,VALID,0.3894777877363477,VALID,crazyflie-6dof,2.0.0,65.48093047003817,0.0785771165640458,62.54620401817614,2.5274329651245875,0.07806207522912616,0.12,0.4902515794702463,false,100.0,false,65.4428883607007,0.07853146603284085,62.52734188161608,2.5266707640208925,0.07805716665658091,0.12,0.48981942561271336,false,100.0,false,65.50414161880423,0.07860496994256506,62.557706804515014,2.527897781844323,0.07809709096657347,0.12,0.49051529384006937,false,100.0,false,65.5422445980612,0.07865069351767344,62.57657999771321,2.5286604297363104,0.07810204695486271,0.12,0.490948265501596,false,100.0,false,[]
1,child-f9d0c0c9a9ae419f6470a221,py-f996c906ee10788ea67a,f996c906ee10,4b81296e5dd75a57ec2747997355f69bfd8a5d1068302c364c372acc996e4530,evt-15ff4488d3344d5286b557ba56713a6d,45664,Alpha,SIM,vehicle-adapter,2026-08-15T05:18:07.134222Z,2.689999999999996,2.6999999999999957,272,2.689999999999996,,fast-sim-Alpha,1,home,FLYING,true,true,true,simulated,98.52421291083682,-1.349269387245387,-0.002695732063144325,0.3893102024123045,-1.352006887225371,-0.004455064063452372,0.38936352687202747,-6.525871130160594e-05,-0.0003202032396788728,-0.007494092677023945,-0.00040102264848995516,0.00042102135411766693,-2.787851909358446e-07,,,,,99.39751600056582,4.193997855715091,4.0408018170424596,2.042613848988716,false,,false,modeled_transport,SIMULATED_MODEL,100.0,30.0,0.0,6.0271586521522084e-05,0.00020337972971349455,9.774661010778898,0.006745485637219736,0.007666688434073646,-5.676048310559066e-07,,,,,,-6.525868188035642e-05,-0.0003202032836194346,0.0,0.38936359268968435,99.88305120739832,DEGRADED,2.689999999999996,4.0,2.689999999999996,3.3514488656111183,VALID,0.6469993991237194,VALID,2.006841905315603,VALID,1.990821418138718,VALID,2.1133517736069614,VALID,0.38701891417636475,VALID,crazyflie-6dof,2.0.0,65.50245290910424,0.07860294349092509,62.56080068939396,2.527957971013343,0.07814944793260757,0.12,0.4905620323625332,false,100.0,false,65.4804007287173,0.07857648087446076,62.549871367883334,2.527516338791151,0.07813920803797048,0.12,0.49031144620149597,false,100.0,false,65.51850855165378,0.07862221026198454,62.56875555084043,2.5282794111992146,0.0781805312377135,0.12,0.4907444944503869,false,100.0,false,65.54062670933514,0.07864875205120217,62.57971066615012,2.528722085697708,0.07819082635940348,0.12,0.4909958759743,false,100.0,false,[]
1,child-f9d0c0c9a9ae419f6470a221,py-f996c906ee10788ea67a,f996c906ee10,4b81296e5dd75a57ec2747997355f69bfd8a5d1068302c364c372acc996e4530,evt-0f18b284a951448a8dd6ddc64e553ecf,45665,Alpha,SIM,vehicle-adapter,2026-08-15T05:18:07.146082Z,2.6999999999999957,2.7099999999999955,273,2.6999999999999957,,fast-sim-Alpha,1,home,FLYING,true,true,true,simulated,98.53397498643643,-1.3499811214089867,-0.00014181435490991882,0.38897078839268195,-1.352007088119623,-0.004457965429337784,0.38928652959324517,-1.6315838198919614e-05,-0.00028767642368764763,-0.007699727878229812,-0.00031950917643580465,0.0004900870561465017,-3.0779000426770746e-07,,,,,99.39524186407837,4.1939751600056585,4.040470947104159,2.0467228387130167,false,,false,modeled_transport,SIMULATED_MODEL,100.0,30.0,0.0,3.641686066981932e-05,0.00018045796805373198,9.786088230134181,0.008151348531254918,0.006906570808102434,-4.122790827660568e-07,,,,,,-1.6315796660876908e-05,-0.00028767644339337085,0.0,0.3892865962140829,99.8850368470037,DEGRADED,2.6999999999999957,4.0,2.6999999999999957,3.3535938444080395,VALID,0.645808888276752,VALID,2.0080738723843177,VALID,1.99144092828542,VALID,2.108119032588293,VALID,0.3850638413739046,VALID,crazyflie-6dof,2.0.0,65.60605458804538,0.07872726550565445,62.61591432489742,2.5299778265611113,0.07824509967369705,0.12,0.4917498830431641,false,100.0,false,65.58573420195192,0.0787028810423423,62.605860045006764,2.529571586303189,0.07823136829088685,0.12,0.4915188599014421,false,100.0,false,65.59385091689,0.078712621100268,62.60987650113206,2.5297338700460346,0.07826483287308686,0.12,0.49161113642615556,false,100.0,false,65.61424085989212,0.07873708903187054,62.61996384036753,2.5301414460571796,0.07827862641917824,0.12,0.4918429593422549,false,100.0,false,[]
1,child-f9d0c0c9a9ae419f6470a221,py-f996c906ee10788ea67a,f996c906ee10,4b81296e5dd75a57ec2747997355f69bfd8a5d1068302c364c372acc996e4530,evt-bad1ed6870e149e1a0db99f582949ddc,45666,Alpha,SIM,vehicle-adapter,2026-08-15T05:18:07.156729Z,2.7099999999999955,2.7199999999999953,274,2.7099999999999955,,fast-sim-Alpha,1,home,FLYING,true,true,true,simulated,98.53658916102485,-1.3474679075459803,-0.0007375671174096963,0.38937575903891136,-1.3520067478944193,-0.00446063176499732,0.3892084259523767,3.8329970662870866e-05,-0.00026488893430871564,-0.007810364086846544,-0.0002233729752624744,0.0005515016038001023,-3.2690342112280857e-07,,,,,99.39296639807328,4.193952418640784,4.040358463298135,2.047919404570192,false,,false,modeled_transport,SIMULATED_MODEL,100.0,30.0,0.0,8.911639818187482e-06,0.0001622343794323005,9.795588154353188,0.009613621120153123,0.006141455066950007,-2.4429828823516405e-07,,,,,,3.833003045327198e-05,-0.0002648889283868838,0.0,0.38920849485191117,99.88476799869936,DEGRADED,2.7099999999999955,4.0,2.7099999999999955,3.3533628143212493,VALID,0.6489753702793711,VALID,2.0051914446236787,VALID,1.9934011667278244,VALID,2.1109939894020866,VALID,0.390957832949579,VALID,crazyflie-6dof,2.0.0,65.61015368133634,0.0787321844176036,62.62182676933347,2.530146277746662,0.07831948339853541,0.12,0.4918594011467964,false,100.0,false,65.59732371481736,0.07871678845778082,62.61547908564007,2.5298898085713324,0.07830535292968192,0.12,0.49171350893047433,false,100.0,false,65.63130027399833,0.078757560328798,62.63228621022674,2.530568876652007,0.07834059487517996,0.12,0.49209988285828093,false,100.0,false,65.64420172398691,0.0787730420687843,62.63866568143851,2.5308266301570255,0.07835479329264784,0.12,0.49224661163464,false,100.0,false,[]
1,child-f9d0c0c9a9ae419f6470a221,py-f996c906ee10788ea67a,f996c906ee10,4b81296e5dd75a57ec2747997355f69bfd8a5d1068302c364c372acc996e4530,evt-fff478c69cb34532831ccb9f0cba9182,45667,Alpha,SIM,vehicle-adapter,2026-08-15T05:18:07.166918Z,2.7199999999999953,2.729999999999995,275,2.7199999999999953,,fast-sim-Alpha,1,home,FLYING,true,true,true,simulated,98.54271149941948,-1.349582938026676,-0.00014850661687076157,0.38824500404618834,-1.352005820859884,-0.00446317122022526,0.38912989614456606,9.74219839321884e-05,-0.0002530488024098294,-0.007852980781064556,-0.00011418914846720114,0.0006008606760811023,-3.359043903913052e-07,,,,,99.39069136034814,4.193929663980733,4.040364617533719,2.047533952640866,false,,false,modeled_transport,SIMULATED_MODEL,100.0,30.0,0.0,-2.1777493582749927e-05,0.00014947970425879288,9.802390167965092,0.010918383208992773,0.004935907318071885,-6.700910555506003e-08,,,,,,9.742206915658118e-05,-0.00025304877133511494,0.0,0.3891299689260152,99.88181842362017,DEGRADED,2.7199999999999953,4.0,2.7199999999999953,3.3522599500312666,VALID,0.6497782063999622,VALID,2.0041306298153874,VALID,1.9939418190891465,VALID,2.1103972390337447,VALID,0.38876864347566453,VALID,crazyflie-6dof,2.0.0,65.61732146561306,0.07874078575873567,62.62915328446209,2.5304461495663633,0.07837983879744333,0.12,0.492029283901332,false,100.0,false,65.57193962814554,0.07868632755377464,62.60669568543212,2.5295387806812086,0.07835573503297143,0.12,0.49151314288203324,false,100.0,false,65.59164636900617,0.0787099756428074,62.61644980395668,2.529932882634827,0.07838807433828231,0.12,0.4917372597771129,false,100.0,false,65.63710002104183,0.0787645200252502,62.63893561701413,2.530841391469565,0.07841225049884883,0.12,0.4922542660803876,false,100.0,false,[]
1,child-f9d0c0c9a9ae419f6470a221,py-f996c906ee10788ea67a,f996c906ee10,4b81296e5dd75a57ec2747997355f69bfd8a5d1068302c364c372acc996e4530,evt-5f800e5914e04c8ea6f341182f0faebb,45668,Alpha,SIM,vehicle-adapter,2026-08-15T05:18:07.178137Z,2.729999999999995,2.739999999999995,276,2.729999999999995,,fast-sim-Alpha,1,home,FLYING,true,true,true,simulated,98.53923889013603,-1.3505531007456377,-0.00013422523472516028,0.3901476223092923,-1.3520042729130801,-0.004465703113214693,0.3890516506768173,0.00015979116762035022,-0.00025324294202399477,-0.007824546774876096,6.855617288147392e-06,0.0006385740902614318,-3.3676890810395373e-07,,,,,99.38841346105089,4.193906913603482,4.040148711037196,2.050109367527042,false,,false,modeled_transport,SIMULATED_MODEL,100.0,30.0,0.0,-5.4966504301507714e-05,0.00014287462210268688,9.809495364812218,0.012104476643889915,0.0037713414245957397,1.1594394142398885e-07,,,,,,0.000159791286592936,-0.0002532428882172345,0.0,0.38905173000910537,99.87551607747378,DEGRADED,2.729999999999995,4.0,2.729999999999995,3.3533802632616068,VALID,0.6474492736100768,VALID,2.0073381966264163,VALID,1.9957922434414614,VALID,2.1114302448644224,VALID,0.39028233918491534,VALID,crazyflie-6dof,2.0.0,65.65764164785153,0.07878916997742184,62.652685317028286,2.531261658266109,0.07843732295723359,0.12,0.49251991577106036,false,100.0,false,65.638959869871,0.0787667518438452,62.64344812515507,2.530888461977707,0.07841365824595646,0.12,0.4923073737774382,false,100.0,false,65.65891087853755,0.07879069305424506,62.65331278406017,2.5312870088673094,0.07844388893026726,0.12,0.49253435645227783,false,100.0,false,65.67766322296953,0.07881319586756343,62.66258181382347,2.531661491453817,0.0784676290122007,0.12,0.4927477215262656,false,100.0,false,[]
1,child-f9d0c0c9a9ae419f6470a221,py-f996c906ee10788ea67a,f996c906ee10,4b81296e5dd75a57ec2747997355f69bfd8a5d1068302c364c372acc996e4530,evt-ce89cb00a4f44e54b20d3f3a8292da81,45669,Alpha,SIM,vehicle-adapter,2026-08-15T05:18:07.189861Z,2.739999999999995,2.7499999999999947,277,2.739999999999995,,fast-sim-Alpha,1,home,FLYING,true,true,true,simulated,98.53408181866372,-1.3499886869446962,-0.0017333511907167156,0.3894605788488626,-1.3520020797807433,-0.004468355979417432,0.38897394260871665,0.00022449405312955248,-0.00026635793524836226,-0.00777080681006459,0.00013786711401962378,0.0006667188395375504,-3.3172278624943617e-07,,,,,99.38613946862169,4.193884134610509,4.040389645641525,2.0465931862686904,false,,false,modeled_transport,SIMULATED_MODEL,100.0,30.0,0.0,-9.000647006187669e-05,0.0001430257378495501,9.812026190795535,0.013101149362553325,0.0028144749629819767,3.009528281608617e-07,,,,,,0.00022449421586518748,-0.00026635786330993217,0.0,0.3889740327575974,99.86535048063236,DEGRADED,2.739999999999995,4.0,2.739999999999995,3.3540448191892427,VALID,0.6495117971121814,VALID,2.0063712594102583,VALID,1.996429561945947,VALID,2.1119624802069326,VALID,0.3908201331505216,VALID,crazyflie-6dof,2.0.0,65.56537219595307,0.07867844663514369,62.61061403407962,2.5297127665055323,0.0784574924545837,0.12,0.4916090278421431,false,100.0,false,65.55944332227843,0.07867133198673411,62.60767818247602,2.5295941466613296,0.07843794656221335,0.12,0.4915415777358283,false,100.0,false,65.57224121945895,0.07868668946335074,62.61401506855648,2.5298501815503807,0.07846446849931397,0.12,0.4916871759865583,false,100.0,false,65.57823816694255,0.07869388580033106,62.61698399998694,2.529970137948483,0.07848409126603877,0.12,0.4917554047041607,false,100.0,false,[]
1,child-f9d0c0c9a9ae419f6470a221,py-f996c906ee10788ea67a,f996c906ee10,4b81296e5dd75a57ec2747997355f69bfd8a5d1068302c364c372acc996e4530,evt-c25375b247084110816fe3f5e7dbabd2,45670,Alpha,SIM,vehicle-adapter,2026-08-15T05:18:07.193709Z,2.7499999999999947,2.7599999999999945,278,2.7499999999999947,,fast-sim-Alpha,1,home,FLYING,true,true,true,simulated,98.51949569355594,-1.349302377891103,-0.0013351724735182605,0.39140443250426904,-1.3519992259887097,-0.004471262432796054,0.38889708250889143,0.0002906514423238102,-0.000292748836789583,-0.007686009982521558,0.00027368858201194,0.0006859775827516164,-3.2291296977755623e-07,,,,,99.38386373672839,4.193861394686217,4.040249491889425,2.0481587039795492,false,,false,modeled_transport,SIMULATED_MODEL,100.0,30.0,0.0,-0.00012636217496815854,0.00015041996938951327,9.815132231837655,0.013582146224260995,0.0019258744664184023,4.84679157569672e-07,,,,,,0.00029065166020335824,-0.0002927487538986843,0.0,0.388897188574892,99.85162741808278,DEGRADED,2.7499999999999947,4.0,2.7499999999999947,3.353533867060249,VALID,0.645960337532255,VALID,2.0036390069327665,VALID,1.9938614639261043,VALID,2.1151867058670866,VALID,0.39018128860093393,VALID,crazyflie-6dof,2.0.0,65.61318176498814,0.07873581811798576,62.637501928090785,2.530711353381917,0.07848749275192596,0.12,0.4921942590389146,false,100.0,false,65.60065235311555,0.07872078282373866,62.63130186685015,2.5304608554391455,0.07846907981223952,0.12,0.49205167364038677,false,100.0,false,65.58598153834045,0.07870317784600854,62.62404052362712,2.5301674790564728,0.07848464921984895,0.12,0.4918847297583032,false,100.0,false,65.59857565674552,0.07871829078809463,62.63027410944356,2.530419331475748,0.07850313916525627,0.12,0.4920280415419446,false,100.0,false,[]
1,child-f9d0c0c9a9ae419f6470a221,py-f996c906ee10788ea67a,f996c906ee10,4b81296e5dd75a57ec2747997355f69bfd8a5d1068302c364c372acc996e4530,evt-5694eac2c12044559ccef2c2655bc100,45671,Alpha,SIM,vehicle-adapter,2026-08-15T05:18:07.214895Z,2.7699999999999942,2.779999999999994,280,2.7699999999999942,,fast-sim-Alpha,1,home,FLYING,true,true,true,simulated,98.51617782410356,-1.3503581926773343,-0.0001131066002901639,0.3876605645708783,-1.3519915220893155,-0.004478360076132495,0.3887463572945275,0.0004235482960967759,-0.00038454253594616953,-0.0074652601200375646,0.0005408962036190002,0.0006957575541250573,-3.045587471936938e-07,,,,,99.37931087324978,4.193815921068223,4.039832654926035,2.053110215246673,false,,false,modeled_transport,SIMULATED_MODEL,100.0,30.0,0.0,-0.00020099707227550466,0.00018752282399038273,9.820853692025796,0.013061952356850095,-6.261084650624211e-06,8.375244318137073e-07,,,,,,0.0004235486604438147,-0.0003845424632033567,0.0,0.3887465082539671,99.81765005365558,DEGRADED,2.7699999999999942,4.0,2.7699999999999942,3.3518965492708097,VALID,0.6443908661755945,VALID,2.0029307292218665,VALID,1.9952304996659886,VALID,2.1099458386800887,VALID,0.3892535517513091,VALID,crazyflie-6dof,2.0.0,65.73752890478676,0.07888503468574411,62.70497012167059,2.533175859236862,0.07854721333124416,0.12,0.49365003149438463,false,100.0,false,65.71603792814199,0.07885924551377037,62.69435548296241,2.532747045596126,0.07852585515420901,0.12,0.4934053051347338,false,100.0,false,65.67207664954073,0.07880649197944888,62.67263080079524,2.5318694047917583,0.07851794723592208,0.12,0.4929047781947775,false,100.0,false,65.69362444601792,0.0788323493352215,62.68328120620224,2.532299663347272,0.07853937938740374,0.12,0.4931501004227773,false,100.0,false,[]
1,child-f9d0c0c9a9ae419f6470a221,py-f996c906ee10788ea67a,f996c906ee10,4b81296e5dd75a57ec2747997355f69bfd8a5d1068302c364c372acc996e4530,evt-f2fec730983e4f87849ce18da244f050,45672,Alpha,SIM,vehicle-adapter,2026-08-15T05:18:07.225311Z,2.779999999999994,2.789999999999994,281,2.779999999999994,,fast-sim-Alpha,1,home,FLYING,true,true,true,simulated,98.4809154142704,-1.3493574806275916,-0.00074947958915479,0.38873032801700164,-1.3519866866550523,-0.004482796839530243,0.3886735190644874,0.000488552505897157,-0.0004485200201194706,-0.007283823004011758,0.0006650489473296066,0.0006877592278756979,-2.9935124090337196e-07,,,,,99.37703070529909,4.193793108732498,4.0398817720608795,2.052151155615266,false,,false,modeled_transport,SIMULATED_MODEL,100.0,30.0,0.0,-0.00023821253505301645,0.0002168264447692577,9.824797899901501,0.012415274026774368,-0.0007998321670830901,1.0030275202899564e-06,,,,,,0.000488552960858158,-0.00044851997305862037,0.0,0.38867369694153303,99.79923859870718,DEGRADED,2.779999999999994,4.0,2.779999999999994,3.3529639235247264,VALID,0.6482310313155906,VALID,2.0051247407031196,VALID,1.9970715626866762,VALID,2.1064311763499255,VALID,0.3892293916272163,VALID,crazyflie-6dof,2.0.0,65.6840808244687,0.07882089698936243,62.68176227769201,2.532269088663012,0.0785780951336962,0.12,0.49312666829296525,false,100.0,false,65.67950450076788,0.07881540540092144,62.67950018846522,2.532177702932671,0.07856068430245715,0.12,0.4930745554716205,false,100.0,false,65.66844394964018,0.07880213273956821,62.674032223709354,2.531956803621196,0.07855145312505173,0.12,0.4929486082799937,false,100.0,false,65.67307342225673,0.07880768810670807,62.676321000641046,2.5320492675032624,0.07856893534904637,0.12,0.4930013235706864,false,100.0,false,[]
1,child-f9d0c0c9a9ae419f6470a221,py-f996c906ee10788ea67a,f996c906ee10,4b81296e5dd75a57ec2747997355f69bfd8a5d1068302c364c372acc996e4530,evt-2aafcdd9b25d48eea312093572fe9602,45673,Alpha,SIM,vehicle-adapter,2026-08-15T05:18:07.235962Z,2.789999999999994,2.7999999999999936,282,2.789999999999994,,fast-sim-Alpha,1,home,FLYING,true,true,true,simulated,98.48867321253988,-1.3476424766690778,-0.0025312528788450535,0.39042887265324305,-1.351981218555443,-0.004487975539039132,0.3886026236277366,0.000551572366051964,-0.0005234048050912273,-0.007089543675076193,0.0007807919765418094,0.0006718245623264544,-2.992689524964479e-07,,,,,99.37475283814953,4.193770307052991,4.040014274456594,2.05008043461117,false,,false,modeled_transport,SIMULATED_MODEL,100.0,30.0,0.0,-0.00027474575670159967,0.00025276666211959935,9.826082763613563,0.011574302928547603,-0.0015934661352936797,1.1601783162357456e-06,,,,,,0.0005515729217211522,-0.0005234047995659447,0.0,0.38860282977846156,99.78077315024066,DEGRADED,2.789999999999994,4.0,2.789999999999994,3.3516561143079624,VALID,0.6479460387948007,VALID,2.0036375255650465,VALID,1.9924869100794074,VALID,2.1142063131658055,VALID,0.3863076763989298,VALID,crazyflie-6dof,2.0.0,65.64123606124504,0.07876948327349403,62.66358123429219,2.5316176267511077,0.07859160470016156,0.12,0.49273912076772247,false,100.0,false,65.62565163349717,0.07875078196019661,62.65587129888485,2.5313061442600997,0.0785738860890622,0.12,0.49256164703440986,false,100.0,false,65.60274575540234,0.0787232949064828,62.64453569518547,2.530848184252549,0.07856013692055563,0.12,0.4923008213161299,false,100.0,false,65.61838022064846,0.07874205626477815,62.65227330419204,2.531160784760916,0.07857792406428638,0.12,0.4924788454929076,false,100.0,false,[]
1,child-f9d0c0c9a9ae419f6470a221,py-f996c906ee10788ea67a,f996c906ee10,4b81296e5dd75a57ec2747997355f69bfd8a5d1068302c364c372acc996e4530,evt-00d805bbfcd14144a0b970ab323dda4c,45674,Alpha,SIM,vehicle-adapter,2026-08-15T05:18:07.246798Z,2.7999999999999936,2.8099999999999934,283,2.7999999999999936,,fast-sim-Alpha,1,home,FLYING,true,true,true,simulated,98.46911077470945,-1.349343969013314,-0.0007407439794513914,0.39046356629617857,-1.3519751474768495,-0.004493992515979312,0.38853349951501004,0.000611568035844071,-0.0006078024201118333,-0.006912411272663732,0.0008832727687645128,0.0006453289205738656,-3.082225213775197e-07,,,,,99.37247869776559,4.193747528381495,4.040243052464329,2.0467263455466744,false,,false,modeled_transport,SIMULATED_MODEL,100.0,30.0,0.0,-0.00031015411533606707,0.0002948238379170236,9.824368657698496,0.010248079820900558,-0.002649564006740596,1.3091665306286162e-06,,,,,,0.0006115686969743721,-0.0006078024687076113,0.0,0.3885337319786218,99.76354686312936,DEGRADED,2.7999999999999936,4.0,2.7999999999999936,3.3531249889873904,VALID,0.6492240293219111,VALID,2.0054913906243437,VALID,1.99698912497574,VALID,2.1158344619512492,VALID,0.3897466760859324,VALID,crazyflie-6dof,2.0.0,65.57989263209537,0.07869587115851444,62.63597812391774,2.5306457544946634,0.07858729959725469,0.12,0.49215770037739137,false,100.0,false,65.54466689645368,0.0786536002757444,62.61852999178642,2.529940807548443,0.07856350516042188,0.12,0.4917565632583029,false,100.0,false,65.49624354444433,0.07859549225333319,62.59452819964877,2.528971076809135,0.07853876750312805,0.12,0.49120524668573373,false,100.0,false,65.53151705852444,0.07863782047022934,62.612013967499195,2.5296775443298816,0.07856262766101119,0.12,0.49160683522524656,false,100.0,false,[]
1,child-f9d0c0c9a9ae419f6470a221,py-f996c906ee10788ea67a,f996c906ee10,4b81296e5dd75a57ec2747997355f69bfd8a5d1068302c364c372acc996e4530,evt-8798323183e349b6ad3ac13d37b9f896,45675,Alpha,SIM,vehicle-adapter,2026-08-15T05:18:07.253422Z,2.8099999999999934,2.819999999999993,284,2.8099999999999934,,fast-sim-Alpha,1,home,FLYING,true,true,true,simulated,98.51065293577824,-1.3487900270680484,-0.0005163312910115895,0.3867797888395573,-1.351968511930393,-0.004500929832296875,0.3884660105430916,0.0006676684164882527,-0.0007002889020149511,-0.0067488971918383545,0.0009717620952044978,0.0006096456034810055,-3.268081102122551e-07,,,,,99.37020462334479,4.193724786977656,4.040224763573559,2.0466669787141463,false,,false,modeled_transport,SIMULATED_MODEL,100.0,30.0,0.0,-0.00034386866102034935,0.000342232913700051,9.823007329359545,0.008848933815994645,-0.003568331902105082,1.451131672263026e-06,,,,,,0.0006676691842963338,-0.0007002890144644449,0.0,0.38846626615177177,99.7478230426631,DEGRADED,2.8099999999999934,4.0,2.8099999999999934,3.3518842451309783,VALID,0.6505661094913311,VALID,2.004252195344612,VALID,1.991458657507928,VALID,2.1102478969529006,VALID,0.38686298459301066,VALID,crazyflie-6dof,2.0.0,65.55163146178127,0.07866195775413752,62.62442910765185,2.5301676928539183,0.0785769571786855,0.12,0.49188786199523243,false,100.0,false,65.54053399325332,0.07864864079190399,62.618930586592356,2.529945540244442,0.07855577446128459,0.12,0.4917614813572839,false,100.0,false,65.51277359348546,0.07861532831218256,62.605171581320484,2.529389645506227,0.07852892534838386,0.12,0.4914453685385042,false,100.0,false,65.5239179902671,0.07862870158832051,62.610695884173296,2.5296128397581006,0.07855017141700468,0.12,0.49157226682312577,false,100.0,false,[]
1,child-f9d0c0c9a9ae419f6470a221,py-f996c906ee10788ea67a,f996c906ee10,4b81296e5dd75a57ec2747997355f69bfd8a5d1068302c364c372acc996e4530,evt-3ca3da2dd7b547adb43da2a0e7594770,45676,Alpha,SIM,vehicle-adapter,2026-08-15T05:18:07.268847Z,2.819999999999993,2.829999999999993,285,2.819999999999993,,fast-sim-Alpha,1,home,FLYING,true,true,true,simulated,98.51885092395143,-1.3509770025605587,-0.0007328860196487864,0.38976027511203853,-1.3519613583764354,-0.004508855710591637,0.3884006282030541,0.0007190506654546357,-0.0007994255380017211,-0.0065382340037500875,0.0010460016350978246,0.0005652863140833894,-3.556813890923196e-07,,,,,99.36792240276927,4.193702046233448,4.039652157387336,2.0539985179659874,false,,false,modeled_transport,SIMULATED_MODEL,100.0,30.0,0.0,-0.0003753955380299762,0.0003941943631651616,9.827722640843271,0.0074239556889491905,-0.004435929598978272,1.5880015839935394e-06,,,,,,0.0007190515373739842,-0.0007994257195822937,0.0,0.38840090273797007,99.73381931003199,DEGRADED,2.819999999999993,4.0,2.819999999999993,3.3498399313870326,VALID,0.647632663767514,VALID,2.0052329530073005,VALID,1.993644390371883,VALID,2.112622557481787,VALID,0.3883893481887249,VALID,crazyflie-6dof,2.0.0,65.7208200239969,0.07886498402879627,62.710479628195245,2.5332852432083355,0.07861558343684814,0.12,0.49373453519106114,false,100.0,false,65.70571219019573,0.07884685462823487,62.703014397556935,2.532983673857801,0.07859517165353189,0.12,0.493562388524724,false,100.0,false,65.67956331444444,0.07881547597733332,62.69008906884317,2.532461535537566,0.07856721781502454,0.12,0.49326446356818654,false,100.0,false,65.694718704147,0.07883366244497639,62.697581021110146,2.5327641843489492,0.0785876913513548,0.12,0.4934371306820156,false,100.0,false,[]
1,child-f9d0c0c9a9ae419f6470a221,py-f996c906ee10788ea67a,f996c906ee10,4b81296e5dd75a57ec2747997355f69bfd8a5d1068302c364c372acc996e4530,evt-4b1fffa2b7204528a9eb0e605a0fbca2,45677,Alpha,SIM,vehicle-adapter,2026-08-15T05:18:07.280481Z,2.829999999999993,2.8399999999999928,286,2.829999999999993,,fast-sim-Alpha,1,home,FLYING,true,true,true,simulated,98.52574808775866,-1.3488348321815569,0.0008177157538359027,0.3886244225369977,-1.3519537374171566,-0.004517822851507897,0.3883372350243939,0.0007653713566951194,-0.0009037202018705109,-0.006339317866022043,0.0011054259909449022,0.0005167988159778017,-3.906165492216351e-07,,,,,99.36564676731712,4.193679224027693,4.040073831007126,2.0480719069353563,false,,false,modeled_transport,SIMULATED_MODEL,100.0,30.0,0.0,-0.0004042881907128067,0.0004498954810230587,9.826548223608746,0.005942437476597225,-0.004848750766281283,1.7223526615961531e-06,,,,,,0.000765372328191198,-0.0009037204550617831,0.0,0.38833752415087336,99.7214459351248,DEGRADED,2.829999999999993,4.0,2.829999999999993,3.3502369232675813,VALID,0.6500343890624909,VALID,2.001563471487865,VALID,1.994784050153057,VALID,2.1089799581758313,VALID,0.38710334033064264,VALID,crazyflie-6dof,2.0.0,65.56301733634363,0.07867562080361236,62.63507475998381,2.5305032644098553,0.07860320041341255,0.12,0.492097205760569,false,100.0,false,65.57844384411892,0.07869413261294271,62.6427157140889,2.5308119645970946,0.07859245174486983,0.12,0.49227294133151633,false,100.0,false,65.54908057820785,0.07865889669384941,62.62817002552947,2.530224308040065,0.07856270771399915,0.12,0.49193845221657917,false,100.0,false,65.5337037980079,0.07864044455760948,62.62055001237072,2.529916453882519,0.07857351758389841,0.12,0.49176330762669196,false,100.0,false,[]
1,child-f9d0c0c9a9ae419f6470a221,py-f996c906ee10788ea67a,f996c906ee10,4b81296e5dd75a57ec2747997355f69bfd8a5d1068302c364c372acc996e4530,evt-1933e9f355884af7b9157e28184e79de,45678,Alpha,SIM,vehicle-adapter,2026-08-15T05:18:07.292666Z,2.8399999999999928,2.8499999999999925,287,2.8399999999999928,,fast-sim-Alpha,1,home,FLYING,true,true,true,simulated,98.53068396974993,-1.3506039671812793,-0.0005983342967249591,0.3895847476476584,-1.351945703255994,-0.004527871562787858,0.38827591440998843,0.000806262206974725,-0.0010119354081183154,-0.006132061440544678,0.0011523123282901721,0.0004642498640005017,-4.313699045683102e-07,,,,,99.36336866110355,4.193656467673171,4.039884298257078,2.0502955922085335,false,,false,modeled_transport,SIMULATED_MODEL,100.0,30.0,0.0,-0.00043033458369909263,0.0005085099177626878,9.827382440354652,0.004688635734437097,-0.005254896452626447,1.8567554186029333e-06,,,,,,0.0008062632717251102,-0.0010119357321570208,0.0,0.3882762140332969,99.71054800354035,DEGRADED,2.8399999999999928,4.0,2.8399999999999928,3.3502137441373114,VALID,0.6472631832696869,VALID,2.003482929511999,VALID,1.994623379247539,VALID,2.1145738449585347,VALID,0.3901594340228542,VALID,crazyflie-6dof,2.0.0,65.6137588598292,0.07873651063179504,62.66241493550589,2.531489061888201,0.07860855759670374,0.12,0.4926817117595041,false,100.0,false,65.60474207563423,0.07872569049076109,62.657951482444176,2.5313087435488004,0.07859779727241385,0.12,0.4925789751466705,false,100.0,false,65.59480746324991,0.07871376895589988,62.65303292093529,2.531110039354703,0.0785724892645626,0.12,0.4924657859706258,false,100.0,false,65.60387704957698,0.07872465245949237,62.657523245747285,2.5312914432817233,0.07858331129187969,0.12,0.4925691193317329,false,100.0,false,[]
1,child-f9d0c0c9a9ae419f6470a221,py-f996c906ee10788ea67a,f996c906ee10,4b81296e5dd75a57ec2747997355f69bfd8a5d1068302c364c372acc996e4530,evt-e391ca03b8194fe0897cf3a35bf33d7e,45679,Alpha,SIM,vehicle-adapter,2026-08-15T05:18:07.304438Z,2.8599999999999923,2.869999999999992,289,2.8599999999999923,,fast-sim-Alpha,1,home,FLYING,true,true,true,simulated,98.52684305066818,-1.3495756834043562,-0.0019142315255896952,0.38775958292368695,-1.3519286121764849,-0.0045513079273110995,0.38815930504364443,0.000871890158627956,-0.0012348208124221616,-0.005726678967393761,0.0012059481909249437,0.0003591319662536054,-5.143717438771439e-07,,,,,99.35881434271765,4.19361092717432,4.039820633955882,2.0505372429217514,false,,false,modeled_transport,SIMULATED_MODEL,100.0,30.0,0.0,-0.0004732905804742198,0.0006316168207993553,9.827414718097359,0.001994635159218521,-0.005191360250374652,2.1352507347458345e-06,,,,,,0.0008718913848054171,-0.0012348212618533245,0.0,0.3881596123275886,99.69344885953215,DEGRADED,2.8599999999999923,4.0,2.8599999999999923,3.3546928760121326,VALID,0.647167605800895,VALID,2.004316736659692,VALID,1.9927968535924536,VALID,2.1109890863772183,VALID,0.3871913105753978,VALID,crazyflie-6dof,2.0.0,65.6107466719569,0.0787328960063483,62.66522104548498,2.531562530109566,0.07860666597943776,0.12,0.49273134094637844,false,100.0,false,65.62217745014227,0.07874661294017073,62.67087917937329,2.531791108569883,0.078607491388611,0.12,0.4928616143555324,false,100.0,false,65.59368660712026,0.07871242392854431,62.65677448013688,2.531221304019773,0.07857854324689907,0.12,0.4925369253085025,false,100.0,false,65.58231662249143,0.07869877994698972,62.65114379560435,2.5309938344641947,0.07857778345508683,0.12,0.4924073623113381,false,100.0,false,[]
1,child-f9d0c0c9a9ae419f6470a221,py-f996c906ee10788ea67a,f996c906ee10,4b81296e5dd75a57ec2747997355f69bfd8a5d1068302c364c372acc996e4530,evt-4053764e4abc4f76856141186ace00e0,45680,Alpha,SIM,vehicle-adapter,2026-08-15T05:18:07.314293Z,2.869999999999992,2.879999999999992,290,2.869999999999992,,fast-sim-Alpha,1,home,FLYING,true,true,true,simulated,98.52085266428409,-1.3476581940089256,-0.0009635861858658589,0.3892165585284017,-1.3519196589393723,-0.004564706916526438,0.3881042886509734,0.0008970242604290682,-0.0013465533330254068,-0.005501639267102565,0.0012099509966283653,0.0003092064455753231,-5.518531993402816e-07,,,,,99.35653447883269,4.193588143427177,4.039697331191028,2.05187749647,false,,false,modeled_transport,SIMULATED_MODEL,100.0,30.0,0.0,-0.00049027811508464,0.0006945998610870772,9.829160642729816,0.00040028182285751514,-0.0049925529540234765,2.2826071732112005e-06,,,,,,0.0008970255501892293,-0.0013465538236642589,0.0,0.3881045912929526,99.68791797837173,DEGRADED,2.869999999999992,4.0,2.869999999999992,3.349096235276211,VALID,0.650736466615071,VALID,2.0046401113606125,VALID,1.9966563398651551,VALID,2.1082526901474625,VALID,0.38709274958436923,VALID,crazyflie-6dof,2.0.0,65.64803641052683,0.0787776436926322,62.68576457199114,2.532315158451417,0.07862345842279672,0.12,0.4931754574974323,false,100.0,false,65.65404817223333,0.07878485780668,62.68873874374628,2.532435305988434,0.07862586780491078,0.12,0.4932439859595709,false,100.0,false,65.61184193607883,0.0787342103232946,62.667852011675684,2.5315915452304054,0.07859155331614706,0.12,0.4927629157723489,false,100.0,false,65.60589476924392,0.07872707372309269,62.664907749955404,2.531472605968268,0.07858921246664824,0.12,0.4926951372406478,false,100.0,false,[]
1,child-f9d0c0c9a9ae419f6470a221,py-f996c906ee10788ea67a,f996c906ee10,4b81296e5dd75a57ec2747997355f69bfd8a5d1068302c364c372acc996e4530,evt-d5868c50123149d59390a3451253a0e7,45681,Alpha,SIM,vehicle-adapter,2026-08-15T05:18:07.324827Z,2.879999999999992,2.8899999999999917,291,2.879999999999992,,fast-sim-Alpha,1,home,FLYING,true,true,true,simulated,98.497907354953,-1.34732089008977,-0.0014907799650958563,0.3890530567846064,-1.3519105018997806,-0.0045792079523507626,0.3880514158436676,0.000917071222299857,-0.0014564374244129498,-0.0052872807305814895,0.0011983880178577343,0.00025869247114638046,-5.883171006592964e-07,,,,,99.35425791135779,4.193565344788327,4.039897040232272,2.0489107274044724,false,,false,modeled_transport,SIMULATED_MODEL,100.0,30.0,0.0,-0.0005044205825072657,0.0007574007666820651,9.828092201586054,-0.0011562968416855216,-0.005051398172599544,2.4363499586246064e-06,,,,,,0.0009170725613487857,-0.00145643793070379,0.0,0.38805170747527784,99.68479177550286,DEGRADED,2.879999999999992,4.0,2.879999999999992,3.3491837756909635,VALID,0.6479843607469062,VALID,2.006423180307567,VALID,1.997509494582674,VALID,2.112397206463766,VALID,0.38681959167107083,VALID,crazyflie-6dof,2.0.0,65.57888193064476,0.07869465831677369,62.65361059881946,2.5311413601803605,0.07861860795821235,0.12,0.4924820725609278,false,100.0,false,65.56212923262127,0.07867455507914553,62.64531131982525,2.5308060778539123,0.07861543165974887,0.12,0.4922911319231915,false,100.0,false,65.53420682454107,0.07864104818944928,62.63147346969022,2.530247042955876,0.07858133323757889,0.12,0.4919729172395911,false,100.0,false,65.55102737013931,0.07866123284416718,62.639810197686344,2.530583838183443,0.07858458123479323,0.12,0.492164605680762,false,100.0,false,[]
1,child-f9d0c0c9a9ae419f6470a221,py-f996c906ee10788ea67a,f996c906ee10,4b81296e5dd75a57ec2747997355f69bfd8a5d1068302c364c372acc996e4530,evt-67af9ede03664356bb2730ba7b467187,45682,Alpha,SIM,vehicle-adapter,2026-08-15T05:18:07.335164Z,2.8899999999999917,2.8999999999999915,292,2.8899999999999917,,fast-sim-Alpha,1,home,FLYING,true,true,true,simulated,98.44626220633546,-1.3470670778914948,-0.001559337496594486,0.3872901853078732,-1.3519011946016024,-0.004594777971254584,0.3880006220240113,0.0009317725649980296,-0.0015629480294160258,-0.005079381965628071,0.0011711076766735356,0.00020537264366710158,-6.255207037672389e-07,,,,,99.35198107404844,4.193542579113578,4.039856060731597,2.049153578407619,false,,false,modeled_transport,SIMULATED_MODEL,100.0,30.0,0.0,-0.000515694774227691,0.0008191652447848367,9.827445757642277,-0.002728033255344392,-0.0053319834153165956,2.5966960052383426e-06,,,,,,0.0009317739382144411,-0.0015629485183591917,0.0,0.38800089627680473,99.68428971161016,DEGRADED,2.8899999999999917,4.0,2.8899999999999917,3.3496468467402782,VALID,0.6479688804960138,VALID,2.006688781369961,VALID,1.9983781164562135,VALID,2.1154644460679717,VALID,0.3916481618627559,VALID,crazyflie-6dof,2.0.0,65.58437513162593,0.07870125015795111,62.65815895575798,2.531299432117027,0.07861731453949827,0.12,0.492577113440393,false,100.0,false,65.56527971829777,0.07867833566195732,62.64869949548123,2.530917283537724,0.07860924302276126,0.12,0.492359449486666,false,100.0,false,65.53367936616272,0.07864041523939526,62.63303880377807,2.5302846141348017,0.07857421157773901,0.12,0.4919992883288219,false,100.0,false,65.55284564293001,0.07866341477151602,62.6425383169236,2.530668380792351,0.07858235807183965,0.12,0.49221772715173806,false,100.0,false,[]
1,child-f9d0c0c9a9ae419f6470a221,py-f996c906ee10788ea67a,f996c906ee10,4b81296e5dd75a57ec2747997355f69bfd8a5d1068302c364c372acc996e4530,evt-9030346db55b4aa4ac2cc0a528e8d50b,45683,Alpha,SIM,vehicle-adapter,2026-08-15T05:18:07.345553Z,2.8999999999999915,2.9099999999999913,293,2.8999999999999915,,fast-sim-Alpha,1,home,FLYING,true,true,true,simulated,98.47944567648487,-1.3468049342141117,-0.0009479843040908877,0.3861145518586409,-1.3518917946726148,-0.004611369295036586,0.38795212428970083,0.0009407081388628262,-0.001664602760718544,-0.00484977343105375,0.001128435380774566,0.0001475411938735317,-6.643757653880346e-07,,,,,99.34970043271069,4.193519810740485,4.039576520444316,2.0525772039731627,false,,false,modeled_transport,SIMULATED_MODEL,100.0,30.0,0.0,-0.0005239576463575452,0.000879036681824286,9.829616149555235,-0.004267228904920038,-0.005783145627143554,2.763790446254723e-06,,,,,,0.0009407095321641212,-0.001664603195559271,0.0,0.38795237551498546,99.68646949758494,DEGRADED,2.8999999999999915,4.0,2.8999999999999915,3.351211164119206,VALID,0.6505904502095576,VALID,2.0093042595122923,VALID,1.993623696401535,VALID,2.114520273742871,VALID,0.3863910369081536,VALID,crazyflie-6dof,2.0.0,65.66058806521782,0.07879270567826138,62.697654096164825,2.5327197137380684,0.07863748547536359,0.12,0.4934209944716455,false,100.0,false,65.64089527913201,0.07876907433495842,62.68791064183912,2.5323261194448468,0.0786255582241332,0.12,0.493196458427789,false,100.0,false,65.61201469868672,0.07873441763842406,62.67361559436762,2.531748660063602,0.07859063638831494,0.12,0.4928672017406747,false,100.0,false,65.631781375427,0.0787581376505124,62.68340025967943,2.532143919106142,0.07860264197910893,0.12,0.4930925493330536,false,100.0,false,[]
1,child-f9d0c0c9a9ae419f6470a221,py-f996c906ee10788ea67a,f996c906ee10,4b81296e5dd75a57ec2747997355f69bfd8a5d1068302c364c372acc996e4530,evt-49b737700ff84214a2712e61ed821ba9,45684,Alpha,SIM,vehicle-adapter,2026-08-15T05:18:07.356139Z,2.9099999999999913,2.919999999999991,294,2.9099999999999913,,fast-sim-Alpha,1,home,FLYING,true,true,true,simulated,98.47600597800246,-1.3476912531207552,-0.0005082444261780127,0.3881861349512235,-1.3518823650967786,-0.004628921362626872,0.38790625722485095,0.0009433424570342784,-0.0017601228571397115,-0.004586706484988046,0.001072273668469997,8.394737755859797e-05,-7.049732260431044e-07,,,,,99.3474172965566,4.193497004327107,4.039385313924253,2.05482253867778,false,,false,modeled_transport,SIMULATED_MODEL,100.0,30.0,0.0,-0.0005289756698480458,0.0009361861652484385,9.832961333824922,-0.005616170762040703,-0.006359382253396988,2.9378293608069165e-06,,,,,,0.0009433438596341709,-0.0017601232039771517,0.0,0.38790648159342545,99.69103166448139,DEGRADED,2.9099999999999913,4.0,2.9099999999999913,3.352356724097476,VALID,0.649484658928291,VALID,2.0092274368576155,VALID,1.9963341896871887,VALID,2.1134582921030893,VALID,0.3872500743321751,VALID,crazyflie-6dof,2.0.0,65.70408598893594,0.07884490318672313,62.721060901414575,2.533545322789227,0.0786649452195629,0.12,0.49391566843484386,false,100.0,false,65.68431316929362,0.07882117580315234,62.71128455577841,2.5331504185193614,0.07865009696222831,0.12,0.4936901767970474,false,100.0,false,65.66721205409576,0.07880065446491491,62.70282662202323,2.5328087699853934,0.07861876400411677,0.12,0.4934951707022094,false,100.0,false,65.68706193126658,0.0788244743175199,62.71264382651168,2.5332053247017376,0.07863369406837573,0.12,0.49372152274367953,false,100.0,false,[]
1,child-f9d0c0c9a9ae419f6470a221,py-f996c906ee10788ea67a,f996c906ee10,4b81296e5dd75a57ec2747997355f69bfd8a5d1068302c364c372acc996e4530,evt-412b281bea9c4b7fb63525b2ae074129,45685,Alpha,SIM,vehicle-adapter,2026-08-15T05:18:07.366796Z,2.919999999999991,2.929999999999991,295,2.919999999999991,,fast-sim-Alpha,1,home,FLYING,true,true,true,simulated,98.46365925609187,-1.3486447477557244,0.001098310738992172,0.38714837785312206,-1.3518729731365158,-0.004647362973117613,0.3878629330286525,0.0009392639871325287,-0.001848515048601427,-0.004332419619840211,0.0010054154029709565,1.5694113621896813e-05,-7.446870385784785e-07,,,,,99.34513887159103,4.1934741729655665,4.0396804877878205,2.0505824690177175,false,,false,modeled_transport,SIMULATED_MODEL,100.0,30.0,0.0,-0.0005304548671080125,0.000989896893401487,9.83208265357231,-0.006685826354537367,-0.0068253268428415505,3.1190726497664303e-06,,,,,,0.0009392653929810478,-0.0018485152834383208,0.0,0.3878631291140893,99.69738821255534,DEGRADED,2.919999999999991,4.0,2.919999999999991,3.349060836439074,VALID,0.6447462633444787,VALID,2.005478112490971,VALID,1.993992149788457,VALID,2.1107194823272573,VALID,0.38954464179630877,VALID,crazyflie-6dof,2.0.0,65.58879120299488,0.07870654944359387,62.665957368931544,2.5315044523181616,0.07865518642808993,0.12,0.49271533867169953,false,100.0,false,65.58380237806512,0.07870056285367813,62.663486257976786,2.5314046273310904,0.07864254294275766,0.12,0.4926584570199597,false,100.0,false,65.57652100837694,0.07869182521005233,62.65987921737549,2.5312589144157336,0.07861682900389826,0.12,0.49257543862869596,false,100.0,false,65.58159020756882,0.0786979082490826,62.66239044010251,2.531360359790242,0.07862955789575353,0.12,0.49263323469736214,false,100.0,false,[]
1,child-f9d0c0c9a9ae419f6470a221,py-f996c906ee10788ea67a,f996c906ee10,4b81296e5dd75a57ec2747997355f69bfd8a5d1068302c364c372acc996e4530,evt-8072eb9ee9fc4b55b5338527ba4a9a1d,45686,Alpha,SIM,vehicle-adapter,2026-08-15T05:18:07.373679Z,2.929999999999991,2.9399999999999906,296,2.929999999999991,,fast-sim-Alpha,1,home,FLYING,true,true,true,simulated,98.48368764702155,-1.3461502773383371,0.000619391816449791,0.3877639750737126,-1.3518636873495828,-0.00466661827305469,0.3878222328217937,0.000928357934371936,-0.0019293266926416898,-0.004070020685886799,0.000933246197174625,-5.426284930711083e-05,-7.794233264790173e-07,,,,,99.34285830974993,4.193451388715911,4.039513464441664,2.0525056569908755,false,,false,modeled_transport,SIMULATED_MODEL,100.0,30.0,0.0,-0.0005281663347307478,0.0010396140609731964,9.832893248288233,-0.007216920649752271,-0.006995696380817661,3.3075156680346396e-06,,,,,,0.0009283593417983912,-0.0019293268092293245,0.0,0.3878224022794072,99.7044483577061,DEGRADED,2.929999999999991,4.0,2.929999999999991,3.3548086056050113,VALID,0.6487383542394952,VALID,2.0036103917262778,VALID,1.9963861108696799,VALID,2.1097720256327617,VALID,0.3877000963273584,VALID,crazyflie-6dof,2.0.0,65.61118331990929,0.07873341998389113,62.678675546549655,2.5319135380365783,0.07865394123149344,0.12,0.4929688865340711,false,100.0,false,65.62185710983466,0.0787462285318016,62.683960089036006,2.5321270078418485,0.07864761776867688,0.12,0.4930906027632823,false,100.0,false,65.63876939405871,0.07876652327287045,62.69233137604462,2.5324651671077083,0.07863332949742463,0.12,0.4932834709700155,false,100.0,false,65.62817906574104,0.07875381487888924,62.68708962064839,2.532253425692705,0.07863974199019917,0.12,0.4931626967235067,false,100.0,false,[]
1,child-f9d0c0c9a9ae419f6470a221,py-f996c906ee10788ea67a,f996c906ee10,4b81296e5dd75a57ec2747997355f69bfd8a5d1068302c364c372acc996e4530,evt-43dc115dfbdd44e6b1a3db9d063f05dc,45687,Alpha,SIM,vehicle-adapter,2026-08-15T05:18:07.387881Z,2.9399999999999906,2.9499999999999904,297,2.9399999999999906,,fast-sim-Alpha,1,home,FLYING,true,true,true,simulated,98.44541025453657,-1.3481315677638643,-0.0016990929204775311,0.38846275463677143,-1.3518545791540915,-0.004686610048065676,0.387784105093478,0.000910333527116697,-0.0020024527747019576,-0.003812772831562894,0.0008593882845274103,-0.0001275250416181472,-8.100638901660469e-07,,,,,99.34057926829792,4.193428583097499,4.039593285085171,2.0511373068084042,false,,false,modeled_transport,SIMULATED_MODEL,100.0,30.0,0.0,-0.000522034433987227,0.0010850773274187582,9.832377630293877,-0.007385791546583132,-0.007326219042856583,3.502560605871096e-06,,,,,,0.0009103349371774715,-0.002002452776726907,0.0,0.3877842514453501,99.71133996785821,DEGRADED,2.9399999999999906,4.0,2.9399999999999906,3.351888257987554,VALID,0.6512829415850179,VALID,2.0059312167649797,VALID,1.9955131799943058,VALID,2.1118138023676534,VALID,0.38904270877452524,VALID,crazyflie-6dof,2.0.0,65.59154135452083,0.078709849625425,62.670624375164394,2.531638333980091,0.0786489094800105,0.12,0.492802273654518,false,100.0,false,65.57422655991175,0.0786890718718941,62.66204691540786,2.531291839491735,0.07863900179281327,0.12,0.49260482984907944,false,100.0,false,65.58835029848596,0.07870602035818315,62.66904376355763,2.5315744836997607,0.0786324700435461,0.12,0.49276588422704354,false,100.0,false,65.60575082729326,0.07872690099275191,62.677661680001115,2.531922612473726,0.07864247016281493,0.12,0.49296431907776317,false,100.0,false,[]
1,child-f9d0c0c9a9ae419f6470a221,py-f996c906ee10788ea67a,f996c906ee10,4b81296e5dd75a57ec2747997355f69bfd8a5d1068302c364c372acc996e4530,evt-742147a30afd4f13bf8fe9cf394a80c9,45688,Alpha,SIM,vehicle-adapter,2026-08-15T05:18:07.399211Z,2.9499999999999904,2.95999999999999,298,2.9499999999999904,,fast-sim-Alpha,1,home,FLYING,true,true,true,simulated,98.40686045236036,-1.3470656114252293,-0.0007217796220787892,0.38771408191964657,-1.3518457201378111,-0.004707258883510869,0.3877483857133262,0.0008851825377204996,-0.002067679010299243,-0.003571938015184406,0.0007829345359016224,-0.00020139713978973087,-8.336921896012401e-07,,,,,99.33830193888869,4.193405792682979,4.039686057559645,2.049596468299406,false,,false,modeled_transport,SIMULATED_MODEL,100.0,30.0,0.0,-0.0005119049901509587,0.0011262158008894727,9.830735915406795,-0.007645375254896414,-0.007387209275559681,3.7032618381973397e-06,,,,,,0.0008851839534467423,-0.002067678906058339,0.0,0.38774851241931346,99.7179119722494,DEGRADED,2.9499999999999904,4.0,2.9499999999999904,3.3485610631036655,VALID,0.648673014293273,VALID,2.004915851816763,VALID,1.99661892033663,VALID,2.112389376051705,VALID,0.39068188689186034,VALID,crazyflie-6dof,2.0.0,65.55173995167145,0.07866208794200574,62.65243716824106,2.5309617690067507,0.07863506249013472,0.12,0.4924055041046397,false,100.0,false,65.56294518489443,0.07867553422187332,62.65799052984383,2.531186107381144,0.07863095410927236,0.12,0.4925332833204729,false,100.0,false,65.5505757423356,0.07866069089080271,62.65186012219064,2.530938458157906,0.07862236191470037,0.12,0.4923922284000949,false,100.0,false,65.53945783579434,0.0786473494029532,62.64634891865332,2.5307158228370055,0.07862656576254545,0.12,0.49226545247419873,false,100.0,false,[]
1,child-f9d0c0c9a9ae419f6470a221,py-f996c906ee10788ea67a,f996c906ee10,4b81296e5dd75a57ec2747997355f69bfd8a5d1068302c364c372acc996e4530,evt-169288d0cd8f43a4a8aedc13b9d1135e,45689,Alpha,SIM,vehicle-adapter,2026-08-15T05:18:07.410943Z,2.95999999999999,2.96999999999999,299,2.95999999999999,,fast-sim-Alpha,1,home,FLYING,true,true,true,simulated,98.37295017149555,-1.347995758789586,0.0009761055412574196,0.38822685018232705,-1.3518371814866705,-0.004728484745331858,0.38771505325328914,0.0008529479743288216,-0.0021249361316815502,-0.003333246003700552,0.0007052708546945004,-0.0002752528896258708,-8.495673402240532e-07,,,,,99.33602311866714,4.193383019388887,4.03956265443473,2.050938199387884,false,,false,modeled_transport,SIMULATED_MODEL,100.0,30.0,0.0,-0.0004977675913954258,0.001162913419009681,9.830521335276092,-0.007766368502960423,-0.007385574129158577,3.908111171148663e-06,,,,,,0.0008529493994071601,-0.002124935935523001,0.0,0.38771516436685116,99.72360455528843,DEGRADED,2.95999999999999,4.0,2.95999999999999,3.351151147215874,VALID,0.6523486002264781,VALID,2.0062637200746463,VALID,1.9967216887749881,VALID,2.113358945055733,VALID,0.3894465932557128,VALID,crazyflie-6dof,2.0.0,65.57839251609686,0.07869407101931622,62.6670334450921,2.5314740796900623,0.07863227828960472,0.12,0.49271240320880233,false,100.0,false,65.57951195533258,0.0786954143463991,62.66758805841557,2.5314964836427536,0.07862952430525136,0.12,0.4927251700789684,false,100.0,false,65.58223235368372,0.07869867882442047,62.66893580586028,2.531550926745206,0.0786238776045692,0.12,0.4927561956938221,false,100.0,false,65.58120074995709,0.07869744089994851,62.668424732946015,2.5315302816346246,0.0786267294877367,0.12,0.49274443040629134,false,100.0,false,[]
1,child-f9d0c0c9a9ae419f6470a221,py-f996c906ee10788ea67a,f996c906ee10,4b81296e5dd75a57ec2747997355f69bfd8a5d1068302c364c372acc996e4530,evt-4cd7f9ef9196434b91ba7d9efa00d600,45690,Alpha,SIM,vehicle-adapter,2026-08-15T05:18:07.423075Z,2.96999999999999,2.9799999999999898,300,2.96999999999999,,fast-sim-Alpha,1,home,FLYING,true,true,true,simulated,98.42900946646706,-1.346738633517919,-0.0009977713389967072,0.38775763677315117,-1.3518290315144,-0.004750211001564499,0.38768399607157467,0.0008139210778909069,-0.002174583610661381,-0.00310571817144778,0.0006306673124601712,-0.00034662675999595934,-8.56091427990088e-07,,,,,99.33374558990454,4.193360231186672,4.039627039709306,2.0497758863539746,false,,false,modeled_transport,SIMULATED_MODEL,100.0,30.0,0.0,-0.00047965021180234593,0.001195136653886617,9.829404741033416,-0.00746035442975299,-0.007137385888503952,4.115144928667549e-06,,,,,,0.0008139225130521473,-0.002174583346330471,0.0,0.3876840964606911,99.72758035497336,DEGRADED,2.96999999999999,4.0,2.96999999999999,3.350039123131046,VALID,0.6497108259616567,VALID,2.0000882896978385,VALID,1.9937030899316894,VALID,2.1098975209330564,VALID,0.38706529323691247,VALID,crazyflie-6dof,2.0.0,65.52937803382393,0.07863525364058871,62.64415366837205,2.5305901703846065,0.07861703837620616,0.12,0.4922011058677623,false,100.0,false,65.54528170185134,0.0786543380422216,62.65203855200233,2.530908690275785,0.07861970551850812,0.12,0.49238246931314733,false,100.0,false,65.57192628973073,0.07868631154767686,62.665244039844936,2.5314421427334004,0.07862339789114536,0.12,0.4926863517239412,false,100.0,false,65.55610979800286,0.07866733175760343,62.657405831863336,2.531125508364347,0.07862083028277728,0.12,0.49250595944912384,false,100.0,false,[]
1,child-f9d0c0c9a9ae419f6470a221,py-f996c906ee10788ea67a,f996c906ee10,4b81296e5dd75a57ec2747997355f69bfd8a5d1068302c364c372acc996e4530,evt-48854db55b674ffd8b4fcc13b3d5bb05,45691,Alpha,SIM,vehicle-adapter,2026-08-15T05:18:07.434304Z,2.9899999999999896,2.9999999999999893,302,2.9899999999999896,,fast-sim-Alpha,1,home,FLYING,true,true,true,simulated,98.46520009865904,-1.3483304323056358,-0.0011411668269643463,0.38766896564547815,-1.3518141568736308,-0.004794875486440074,0.3876286876522895,0.0007166062794447232,-0.0022523941032186055,-0.0026501257028910263,0.0004904547474314611,-0.00048197299078285376,-8.434734313383744e-07,,,,,99.32918765871929,4.193314671813327,4.0394468954086635,2.0515703520543003,false,,false,modeled_transport,SIMULATED_MODEL,100.0,30.0,0.0,-0.0004321092515989387,0.001246930821518816,9.82971097293532,-0.006868784979390676,-0.00664822894919548,4.525632984096577e-06,,,,,,0.000716607730078128,-0.002252393769681439,0.0,0.38762877929621925,99.73003362397851,DEGRADED,2.9899999999999896,4.0,2.9899999999999896,3.348564002717808,VALID,0.645822183341041,VALID,2.0088744620239374,VALID,1.9965233909232039,VALID,2.109439322801808,VALID,0.3847688895468803,VALID,crazyflie-6dof,2.0.0,65.58668875294128,0.07870402650352955,62.67515089691226,2.5317294370980172,0.07862166483583669,0.12,0.49287206029289266,false,100.0,false,65.58842155064877,0.07870610586077852,62.67600932467684,2.531764112831703,0.07862430348447337,0.12,0.4928918262844153,false,100.0,false,65.59024696009322,0.07870829635211186,62.676913605738584,2.5318006407849776,0.078627740906693,0.12,0.4929126488729958,false,100.0,false,65.58859603243576,0.0787063152389229,62.67609576157187,2.531767604404176,0.0786252019081479,0.12,0.49289381660399667,false,100.0,false,[]
1,child-f9d0c0c9a9ae419f6470a221,py-f996c906ee10788ea67a,f996c906ee10,4b81296e5dd75a57ec2747997355f69bfd8a5d1068302c364c372acc996e4530,evt-a3f96f3640744e6686c4fe01a221d879,45692,Alpha,SIM,vehicle-adapter,2026-08-15T05:18:07.444754Z,2.9999999999999893,3.009999999999989,303,2.9999999999999893,,fast-sim-Alpha,1,home,FLYING,true,true,true,simulated,98.43612246191492,-1.3474836586651517,-0.0008266993670553221,0.387859330278832,-1.3518075517318806,-0.0048176773404792214,0.3876044427751025,0.0006591988389272252,-0.0022812151882484603,-0.0024244877186996305,0.00042485056600869006,-0.000542657698486628,-8.240107301274354e-07,,,,,99.32690936786257,4.193291876587193,4.03950724375848,2.0504617710515913,false,,false,modeled_transport,SIMULATED_MODEL,100.0,30.0,0.0,-0.0004030013485487229,0.0012668737430955694,9.829215813195116,-0.006560417147526072,-0.006068469249280655,4.723521339492319e-06,,,,,,0.0006592002898021166,-0.002281214850938129,0.0,0.3876045348264012,99.72905423677034,DEGRADED,2.9999999999999893,4.0,2.9999999999999893,3.349266178382187,VALID,0.6511065778722224,VALID,2.003993139817623,VALID,1.9958757050190226,VALID,2.11382146472191,VALID,0.3866136869543757,VALID,crazyflie-6dof,2.0.0,65.54390440371904,0.07865268528446286,62.65525416198986,2.5309635304688665,0.07861461495792994,0.12,0.4924283042691108,false,100.0,false,65.57161937198978,0.07868594324638774,62.66899119331582,2.531518438844356,0.0786248532108668,0.12,0.4927444404986363,false,100.0,false,65.57667764794319,0.07869201317753181,62.67149766929504,2.5316196881231,0.07862894304783097,0.12,0.49280214322912075,false,100.0,false,65.5490401538256,0.07865884818459072,62.65780019087934,2.5310663774902853,0.07861880275692293,0.12,0.4924868830547237,false,100.0,false,[]
1,child-f9d0c0c9a9ae419f6470a221,py-f996c906ee10788ea67a,f996c906ee10,4b81296e5dd75a57ec2747997355f69bfd8a5d1068302c364c372acc996e4530,evt-e5d681d4c0be49af991de0290fe8b288,45693,Alpha,SIM,vehicle-adapter,2026-08-15T05:18:07.455044Z,3.009999999999989,3.019999999999989,304,3.009999999999989,,fast-sim-Alpha,1,home,FLYING,true,true,true,simulated,98.39860386982433,-1.346114737831679,-0.002039511389868835,0.3882777061535188,-1.3518015696995669,-0.004840707888421971,0.3875823718082258,0.0005968874937733485,-0.0023038563196867874,-0.002207096687667498,0.000363237813988396,-0.0005962691058679733,-7.960101191875213e-07,,,,,99.32463166203891,4.193269093678626,4.039523950580166,2.0499352412948384,false,,false,modeled_transport,SIMULATED_MODEL,100.0,30.0,0.0,-0.00037072700190702614,0.0012830993641216918,9.828391253651722,-0.006161273609446267,-0.0053611392224005685,4.9125867313942045e-06,,,,,,0.0005968889347877656,-0.00230385599654492,0.0,0.38758246627728943,99.727223529895,DEGRADED,3.009999999999989,4.0,3.009999999999989,3.354217643893354,VALID,0.6467026988195834,VALID,2.005831484051872,VALID,1.9990371024923108,VALID,2.119261606058209,VALID,0.3846516969560915,VALID,crazyflie-6dof,2.0.0,65.53138768569052,0.07863766522282861,62.65024513814708,2.530771657452637,0.07860646351944893,0.12,0.49231699973135984,false,100.0,false,65.55008595706701,0.0786601031484804,62.659515791293074,2.5311461477068447,0.07861972732806898,0.12,0.4925302853132357,false,100.0,false,65.56059931643472,0.07867271917972166,62.664727086179816,2.53135665921193,0.07862593255288264,0.12,0.4926502164178516,false,100.0,false,65.54197290615164,0.07865036748738197,62.65549367041373,2.5309836731706024,0.07861276376742905,0.12,0.4924377398323914,false,100.0,false,[]
1,child-f9d0c0c9a9ae419f6470a221,py-f996c906ee10788ea67a,f996c906ee10,4b81296e5dd75a57ec2747997355f69bfd8a5d1068302c364c372acc996e4530,evt-71a1013383504423b34bc09c4063b4da,45694,Alpha,SIM,vehicle-adapter,2026-08-15T05:18:07.465230Z,3.019999999999989,3.0299999999999887,305,3.019999999999989,,fast-sim-Alpha,1,home,FLYING,true,true,true,simulated,98.36227033595289,-1.3481764510529324,-0.0009190145304347449,0.3867701301061937,-1.3517962541657815,-0.004863907962911048,0.3875623322960171,0.0005302629199647574,-0.002320617296501636,-0.00200395122086916,0.0003043784026988006,-0.0006440740064963998,-7.610693606196888e-07,,,,,99.32235504263183,4.193246316620389,4.039574506643005,2.0489574663787273,false,,false,modeled_transport,SIMULATED_MODEL,100.0,30.0,0.0,-0.00033569062119262125,0.001295845954877771,9.8269668619441,-0.005885938963732513,-0.004780488633132764,5.0898413088851565e-06,,,,,,0.0005302643411615881,-0.002320617000432289,0.0,0.3875624306356245,99.72487247631926,DEGRADED,3.019999999999989,4.0,3.019999999999989,3.353575088385411,VALID,0.6485485392818591,VALID,2.0023426231548624,VALID,1.996031411047114,VALID,2.113784002617862,VALID,0.3867626640825867,VALID,crazyflie-6dof,2.0.0,65.52166093596792,0.0786259931231615,62.646547398909604,2.530653958018379,0.07859858764687543,0.12,0.49224382262567573,false,100.0,false,65.52428394841098,0.07862914073809317,62.64784830049328,2.5307065089071097,0.07860933653587161,0.12,0.49227374299620313,false,100.0,false,65.5208470430845,0.0786250164517014,62.64614373151627,2.530637651573266,0.07861297571151092,0.12,0.49223453872891465,false,100.0,false,65.51828918390493,0.07862194702068591,62.64487507181558,2.530586403119421,0.07860231764046728,0.12,0.49220536202793375,false,100.0,false,[]
1,child-f9d0c0c9a9ae419f6470a221,py-f996c906ee10788ea67a,f996c906ee10,4b81296e5dd75a57ec2747997355f69bfd8a5d1068302c364c372acc996e4530,evt-8a09e03f830b4853a94f25a96da604c1,45695,Alpha,SIM,vehicle-adapter,2026-08-15T05:18:07.475639Z,3.0299999999999887,3.0399999999999885,306,3.0299999999999887,,fast-sim-Alpha,1,home,FLYING,true,true,true,simulated,98.36939299505052,-1.34762382705946,-0.000787555766070547,0.38760499214553773,-1.3517916400856766,-0.004887222663012601,0.38754443888108964,0.0004601853976367535,-0.0023319162800323604,-0.0017893414927472318,0.0002494422078199993,-0.0006833770556786029,-7.194279376808899e-07,,,,,99.32007524547657,4.1932235504263184,4.039337242446014,2.051817439733893,false,,false,modeled_transport,SIMULATED_MODEL,100.0,30.0,0.0,-0.0002982293264873247,0.0013052851620875801,9.828113451666605,-0.0054936167254144,-0.003930303616428752,5.252483140693721e-06,,,,,,0.0004601867852313753,-0.002331916021509082,0.0,0.38754454143033246,99.72263947836043,DEGRADED,3.0299999999999887,4.0,3.0299999999999887,3.348530568440534,VALID,0.6448649888398054,VALID,2.008456199803997,VALID,1.9953698967406779,VALID,2.113528557593758,VALID,0.3880684856984038,VALID,crazyflie-6dof,2.0.0,65.5659187096979,0.07867910245163746,62.66952301273116,2.5314333827165254,0.07860426271834335,0.12,0.4927167069846087,false,100.0,false,65.59551691701368,0.07871462030041641,62.68418870692699,2.5320257795640404,0.07862115689821328,0.12,0.4930543902542107,false,100.0,false,65.60755049398114,0.07872906059277736,62.69014920832008,2.532266544316648,0.07862747618493289,0.12,0.4931916938778524,false,100.0,false,65.57800990853914,0.07869361189024697,62.67551497833651,2.5316754184147765,0.07861066741760458,0.12,0.49285464861722145,false,100.0,false,[]
1,child-f9d0c0c9a9ae419f6470a221,py-f996c906ee10788ea67a,f996c906ee10,4b81296e5dd75a57ec2747997355f69bfd8a5d1068302c364c372acc996e4530,evt-8d513c1e11df401cb84e0ced869e7de8,45696,Alpha,SIM,vehicle-adapter,2026-08-15T05:18:07.486316Z,3.0399999999999885,3.0499999999999883,307,3.0399999999999885,,fast-sim-Alpha,1,home,FLYING,true,true,true,simulated,98.37166926385875,-1.3473521371960113,2.515179730638254e-05,0.3869572927249115,-1.3517877527141648,-0.004910602401684967,0.3875286317890045,0.000387610041096062,-0.0023382894138767834,-0.001580709208515163,0.00019964793481987625,-0.0007131264053015758,-6.721287391038165e-07,,,,,99.3177974487744,4.193200752454766,4.039449475058697,2.0500170319482893,false,,false,modeled_transport,SIMULATED_MODEL,100.0,30.0,0.0,-0.00025882505642105,0.0013116526635926556,9.827515845876666,-0.004979423998366701,-0.002974933826359992,5.397925565329021e-06,,,,,,0.00038761137837517066,-0.00233828919995369,0.0,0.38752873805103843,99.72094930172976,DEGRADED,3.0399999999999885,4.0,3.0399999999999885,3.352219648441272,VALID,0.6489090987216294,VALID,2.00787444287406,VALID,1.996687380570878,VALID,2.1103116471066516,VALID,0.3864129692830181,VALID,crazyflie-6dof,2.0.0,65.52376632991778,0.07862851959590132,62.64978636923255,2.5307064666173593,0.07859771460394928,0.12,0.49228895608363726,false,100.0,false,65.54670604040216,0.07865604724848259,62.66116157543393,2.5311659623245477,0.07861724439434842,0.12,0.4925506538234122,false,100.0,false,65.56148669316474,0.07867378403179769,62.66848863480139,2.5314619351857037,0.07862639664598524,0.12,0.49271928767813133,false,100.0,false,65.53859632391973,0.07864631558870368,62.65714067022989,2.5310035398903907,0.07860694574146866,0.12,0.49245813436310876,false,100.0,false,[]
1,child-f9d0c0c9a9ae419f6470a221,py-f996c906ee10788ea67a,f996c906ee10,4b81296e5dd75a57ec2747997355f69bfd8a5d1068302c364c372acc996e4530,evt-55474dab594a41949646ff0a6792a897,45697,Alpha,SIM,vehicle-adapter,2026-08-15T05:18:07.494464Z,3.0499999999999883,3.059999999999988,308,3.0499999999999883,,fast-sim-Alpha,1,home,FLYING,true,true,true,simulated,98.3562011209339,-1.346594675005403,-0.0011710553968001828,0.3880888698636845,-1.3517846076201119,-0.004934005246993206,0.3875149523761553,0.0003135066817348739,-0.0023404997396123464,-0.0013679412849187944,0.0001573394502698606,-0.0007330904747174902,-6.204535188295222e-07,,,,,99.3155183822146,4.193177974487744,4.039340981703206,2.051159903818408,false,,false,modeled_transport,SIMULATED_MODEL,100.0,30.0,0.0,-0.0002180135781944337,0.0013152500717588003,9.827929507762034,-0.004230844718954206,-0.001996405987931821,5.52386664053884e-06,,,,,,0.0003135079481864076,-0.002340499574065928,0.0,0.38751506130224384,99.7200248895344,DEGRADED,3.0499999999999883,4.0,3.0499999999999883,3.349133874300462,VALID,0.6492295999713799,VALID,2.010074409772772,VALID,1.9967776741591658,VALID,2.112965609049796,VALID,0.3915952760462625,VALID,crazyflie-6dof,2.0.0,65.54543505728677,0.07865452206874411,62.66155204358257,2.5311137514677133,0.0785988513666674,0.12,0.49253414031076426,false,100.0,false,65.56465570597912,0.07867758684717495,62.67108010192659,2.531498622233164,0.07861925358831573,0.12,0.49275342882402307,false,100.0,false,65.5902612550866,0.07870831350610392,62.6837685876789,2.532011153438115,0.07863375945132411,0.12,0.4930455939633451,false,100.0,false,65.57108110387979,0.07868529732465575,62.674264625457766,2.531627255997231,0.07861342857607148,0.12,0.49282674072027544,false,100.0,false,[]
1,child-f9d0c0c9a9ae419f6470a221,py-f996c906ee10788ea67a,f996c906ee10,4b81296e5dd75a57ec2747997355f69bfd8a5d1068302c364c372acc996e4530,evt-aa2fe2b68ff04fc393a77b6180af26a5,45698,Alpha,SIM,vehicle-adapter,2026-08-15T05:18:07.507316Z,3.059999999999988,3.069999999999988,309,3.059999999999988,,fast-sim-Alpha,1,home,FLYING,true,true,true,simulated,98.33582802280351,-1.3471530884064833,-1.1264608884165722e-05,0.3874574185416231,-1.351782211755323,-0.004957396491726022,0.3875032391033599,0.00023871447456403293,-0.0023392675632598974,-0.001171327279542167,0.00012217220206213103,-0.0007445267772909431,-5.657679330185932e-07,,,,,99.3132419805415,4.193155183822146,4.039498070889021,2.0487615057959143,false,,false,modeled_transport,SIMULATED_MODEL,100.0,30.0,0.0,-0.00017633934751673172,0.0013165039622135273,9.82631416778281,-0.003516720780917509,-0.0011436294821033244,5.628386027098542e-06,,,,,,0.00023871565142815038,-0.002339267445660536,0.0,0.3875033493957527,99.71992183009189,DEGRADED,3.059999999999988,4.0,3.059999999999988,3.3509126935238536,VALID,0.6495180194092116,VALID,2.0048542500754922,VALID,1.9956222014261447,VALID,2.10870574675454,VALID,0.3885653812597037,VALID,crazyflie-6dof,2.0.0,65.50017528480195,0.07860021034176234,62.64015646226196,2.5303479118949364,0.0785883170169161,0.12,0.49207891641604906,false,100.0,false,65.50916308445241,0.07861099570134289,62.64461567693698,2.5305280417857103,0.07860632684147009,0.12,0.4921814506936521,false,100.0,false,65.51969976651598,0.07862363971981917,62.649842512388744,2.530739179702953,0.07862036719357371,0.12,0.4923016604818972,false,100.0,false,65.51074327368987,0.07861289192842785,62.64539960494583,2.530559708542505,0.07860242031257877,0.12,0.49219947820431575,false,100.0,false,[]
1,child-f9d0c0c9a9ae419f6470a221,py-f996c906ee10788ea67a,f996c906ee10,4b81296e5dd75a57ec2747997355f69bfd8a5d1068302c364c372acc996e4530,evt-98755c53f7d041e4811525ababe4d8d0,45699,Alpha,SIM,vehicle-adapter,2026-08-15T05:18:07.518325Z,3.069999999999988,3.0799999999999876,310,3.069999999999988,,fast-sim-Alpha,1,home,FLYING,true,true,true,simulated,98.34887610741853,-1.347750664484485,-0.0003777353959722755,0.38746060825034023,-1.3517805638630345,-0.0049807502754136606,0.3874934549642559,0.00016405788434474907,-0.0023354720796842565,-0.0009784139103963252,9.578864938152438e-05,-0.0007475567024843704,-5.08998051964225e-07,,,,,99.31096434441264,4.193132419805415,4.039391981108367,2.0498725159729485,false,,false,modeled_transport,SIMULATED_MODEL,100.0,30.0,0.0,-0.00013427548259723528,0.001315820563641178,9.825944101901353,-0.0026383510329440196,-0.0003029918988896082,5.71000674606725e-06,,,,,,0.00016405895169972908,-0.0023354720068933317,0.0,0.3874935650156175,99.72073351312955,DEGRADED,3.069999999999988,4.0,3.069999999999988,3.3522918889820996,VALID,0.6471923993431083,VALID,2.0047420305278796,VALID,1.996590202807898,VALID,2.1112397803355423,VALID,0.386298852207824,VALID,crazyflie-6dof,2.0.0,65.5147009584908,0.07861764115018896,62.64824547969193,2.5306082042117612,0.07858427062525988,0.12,0.49224001514578564,false,100.0,false,65.52991218400003,0.07863589462080003,62.655790297891365,2.530912968993098,0.07860233678835091,0.12,0.49241355866440517,false,100.0,false,65.55467721186903,0.07866561265424285,62.66806977956282,2.5314089853910566,0.07862026654037686,0.12,0.4926961276435086,false,100.0,false,65.53948797836885,0.07864738557404263,62.660538951455756,2.5311047857243887,0.07860225423102365,0.12,0.49252281451924934,false,100.0,false,[]
1,child-f9d0c0c9a9ae419f6470a221,py-f996c906ee10788ea67a,f996c906ee10,4b81296e5dd75a57ec2747997355f69bfd8a5d1068302c364c372acc996e4530,evt-61c4e1db00d64d08a18765d5a6d6b45b,45700,Alpha,SIM,vehicle-adapter,2026-08-15T05:18:07.529807Z,3.0799999999999876,3.0899999999999874,311,3.0799999999999876,,fast-sim-Alpha,1,home,FLYING,true,true,true,simulated,98.29052333245784,-1.3470022054714101,0.0005933149036931517,0.3872800479672329,-1.3517796536997286,-0.005004049928118276,0.38748555733514645,9.043085693465381e-05,-0.0023300273445982906,-0.0007897629109465676,7.86103148840926e-05,-0.0007414371852985392,-4.5078742542566286e-07,,,,,99.30868686901009,4.193109643444126,4.039380053770549,2.0497278622970234,false,,false,modeled_transport,SIMULATED_MODEL,100.0,30.0,0.0,-9.228645220825654e-05,0.0013136935557781912,9.825517796144988,-0.0017178291160224685,0.0006119522238745755,5.767699145845291e-06,,,,,,9.043179633344439e-05,-0.0023300273110322574,0.0,0.38748566503846377,99.72268242600761,DEGRADED,3.0799999999999876,4.0,3.0799999999999876,3.3550835542920026,VALID,0.6473475040284646,VALID,2.00432917541432,VALID,1.99471933940814,VALID,2.1103160628378417,VALID,0.388007558378952,VALID,crazyflie-6dof,2.0.0,65.50949652718569,0.07861139583262283,62.646583362199,2.5305335927014063,0.07858012047170498,0.12,0.49219899070181183,false,100.0,false,65.53111511696059,0.0786373381403527,62.65730676615723,2.53096675174198,0.07860013828109046,0.12,0.49244564431403415,false,100.0,false,65.55032865471621,0.07866039438565944,62.666833986403084,2.5313515923762697,0.07861933696823678,0.12,0.49266487927796715,false,100.0,false,65.52872277153223,0.07863446732583868,62.65612028668009,2.5309188253266384,0.07859936341537288,0.12,0.4924183480032102,false,100.0,false,[]
1,child-f9d0c0c9a9ae419f6470a221,py-f996c906ee10788ea67a,f996c906ee10,4b81296e5dd75a57ec2747997355f69bfd8a5d1068302c364c372acc996e4530,evt-080ba84a90bc4f03832553771645442d,45701,Alpha,SIM,vehicle-adapter,2026-08-15T05:18:07.541717Z,3.0899999999999874,3.099999999999987,312,3.0899999999999874,,fast-sim-Alpha,1,home,FLYING,true,true,true,simulated,98.28960431817649,-1.3468706156959178,-0.000700063816207526,0.38765767898639375,-1.3517794630681785,-0.005027289617124846,0.3874795282981361,1.8624869025064532e-05,-0.002324012517992091,-0.0006029037010413241,7.236426787431596e-05,-0.000727144844607989,-3.9170007130805555e-07,,,,,99.30640914670933,4.193086868690101,4.0393406133903715,2.0499500706805,false,,false,modeled_transport,SIMULATED_MODEL,100.0,30.0,0.0,-5.087415778579768e-05,0.0013106375910556054,9.825338486388555,-0.0006246003622487656,0.0014292345110485168,5.800844793640092e-06,,,,,,1.8625661977083693e-05,-0.0023240125167814977,0.0,0.3874796317505843,99.72562296461905,DEGRADED,3.0899999999999874,4.0,3.0899999999999874,3.3549418562834847,VALID,0.6473266039353766,VALID,2.0041619667864365,VALID,1.9976730678069206,VALID,2.1137252968294686,VALID,0.38877152106256063,VALID,crazyflie-6dof,2.0.0,65.51350663261908,0.0786162079591429,62.64945672148122,2.530624949419215,0.0785783600978254,0.12,0.49225580884895453,false,100.0,false,65.5241613634846,0.0786289936361815,62.654741958557935,2.5308384381469686,0.0785965777645931,0.12,0.4923773744645922,false,100.0,false,65.55411937777656,0.07866494325333187,62.669597530111275,2.531438505282074,0.07861993158281416,0.12,0.49271921489480025,false,100.0,false,65.54346820423437,0.07865216184508125,62.66431667114082,2.531225193400944,0.07860174823422286,0.12,0.49259767247215325,false,100.0,false,[]
1,child-f9d0c0c9a9ae419f6470a221,py-f996c906ee10788ea67a,f996c906ee10,4b81296e5dd75a57ec2747997355f69bfd8a5d1068302c364c372acc996e4530,evt-7f381e6116a84b158dfa60d49c116924,45702,Alpha,SIM,vehicle-adapter,2026-08-15T05:18:07.555361Z,3.109999999999987,3.119999999999987,314,3.109999999999987,,fast-sim-Alpha,1,home,FLYING,true,true,true,simulated,98.27431936469912,-1.346073267790737,-0.0001532410133082236,0.38698146950729917,-1.3517811346978053,-0.005073612389909251,0.3874727515255802,-0.00011694268577639581,-0.002313957739468083,-0.0002529627647018806,8.789529621745918e-05,-0.0006786005675193909,-2.7180962575148214e-07,,,,,99.30185562120876,4.193041324108221,4.039358025207759,2.049110652002635,false,,false,modeled_transport,SIMULATED_MODEL,100.0,30.0,0.0,2.8507114949920774e-05,0.0013040882327527044,9.823827338527657,0.0012110570782314996,0.0027290523894053682,5.799062122519865e-06,,,,,,-0.00011694222176412294,-0.002313957780192482,0.0,0.38747284223767914,99.73369590597473,DEGRADED,3.109999999999987,4.0,3.109999999999987,3.34993420889104,VALID,0.6482850161424003,VALID,2.0051620343409735,VALID,1.9974811388862719,VALID,2.1103742305295636,VALID,0.385371634364637,VALID,crazyflie-6dof,2.0.0,65.50227644559654,0.07860273173471585,62.645550682548155,2.5304780789311034,0.07857204423873879,0.12,0.4921700717480266,false,100.0,false,65.50957080569047,0.07861148496682857,62.64916988905757,2.53062427163969,0.07858613919113316,0.12,0.49225330106185805,false,100.0,false,65.5211377736206,0.07862536532834472,62.65490812012398,2.530856059336776,0.07860536460014045,0.12,0.49238528717029856,false,100.0,false,65.51383804723258,0.0786166056566791,62.65128694294495,2.530709787025788,0.0785912862272283,0.12,0.492301992022452,false,100.0,false,[]
1,child-f9d0c0c9a9ae419f6470a221,py-f996c906ee10788ea67a,f996c906ee10,4b81296e5dd75a57ec2747997355f69bfd8a5d1068302c364c372acc996e4530,evt-1eedc3d42a5540cabe3ce116d654a15d,45707,Alpha,SIM,vehicle-adapter,2026-08-15T05:18:07.566208Z,3.119999999999987,3.1299999999999866,315,3.119999999999987,,fast-sim-Alpha,1,home,FLYING,true,true,true,simulated,98.27989487581223,-1.3473621967734757,0.0005364259763611916,0.38767622769542337,-1.3517829304033078,-0.005096727615083859,0.387471891685243,-0.00017962585829208708,-0.0023115317588654908,-8.598403372639396e-05,0.00010793712635280416,-0.0006459822083918755,-2.1086399432450312e-07,,,,,99.29957877966471,4.193018556212087,4.039331751989975,2.049157389641071,false,,false,modeled_transport,SIMULATED_MODEL,100.0,30.0,0.0,6.577543917137343e-05,0.0013016040959216515,9.823349796947584,0.002004187049977976,0.0032618364943243524,5.775175164025276e-06,,,,,,-0.00017962556952412446,-0.0023115318102072276,0.0,0.38747197478701995,99.73838425119223,DEGRADED,3.119999999999987,4.0,3.119999999999987,3.3547357928653736,VALID,0.6473695183414875,VALID,2.0065685387630827,VALID,1.992232008470376,VALID,2.113032648493322,VALID,0.3879111258601676,VALID,crazyflie-6dof,2.0.0,65.50227644559654,0.07860273173471585,62.646326933004936,2.530492975260316,0.07857032871675382,0.12,0.4921817531207758,false,100.0,false,65.50957080569047,0.07861148496682857,62.64994618436047,2.5306391688295045,0.07858309446474503,0.12,0.49226498478379577,false,100.0,false,65.5211377736206,0.07862536532834472,62.655684486530184,2.5308709578910706,0.07860098886670684,0.12,0.4923969746177513,false,100.0,false,65.51383804723258,0.0786166056566791,62.652063264480596,2.5307246847190115,0.07858823397877346,0.12,0.49231367711874835,false,100.0,false,[]
1,child-f9d0c0c9a9ae419f6470a221,py-f996c906ee10788ea67a,f996c906ee10,4b81296e5dd75a57ec2747997355f69bfd8a5d1068302c364c372acc996e4530,evt-5d3db61256d749009487c61ecd6038b5,45708,Alpha,SIM,vehicle-adapter,2026-08-15T05:18:07.576816Z,3.1299999999999866,3.1399999999999864,316,3.1299999999999866,,fast-sim-Alpha,1,home,FLYING,true,true,true,simulated,98.29076727459235,-1.346506253378093,0.0014667244558777088,0.3869934035156681,-1.3517853138154294,-0.005119845736861671,0.38747266628452365,-0.00023829379275904322,-0.0023118016342936042,7.745992807173252e-05,0.0001353156252620584,-0.0006085825648501736,-1.4890424949387042e-07,,,,,99.2973018879066,4.192995787796647,4.039305594123824,2.0492025823023026,false,,false,modeled_transport,SIMULATED_MODEL,100.0,30.0,0.0,0.000101037656917464,0.001300237955567024,9.822996067762395,0.002737853777721852,0.0037399650808877137,5.741094910871986e-06,,,,,,-0.000238293683029239,-0.00231180169094145,0.0,0.38747274158656553,99.74316216945549,DEGRADED,3.1299999999999866,4.0,3.1299999999999866,3.3517349561845005,VALID,0.649081726494239,VALID,2.0055114910223395,VALID,1.9953629698918387,VALID,2.1133161740126982,VALID,0.38509451548355633,VALID,crazyflie-6dof,2.0.0,65.50227644559654,0.07860273173471585,62.64708521139231,2.530507217499288,0.07856925129329226,0.12,0.49219304835483363,false,100.0,false,65.50957080569047,0.07861148496682857,62.65070450655568,2.53065341189129,0.07858101821210739,0.12,0.49227628228534737,false,100.0,false,65.5211377736206,0.07862536532834472,62.65644287818246,2.5308852022574224,0.07859791245236354,0.12,0.49240827571525814,false,100.0,false,65.51383804723258,0.0786166056566791,62.65282161230119,2.530738928262102,0.07858615209555858,0.12,0.4923249759468635,false,100.0,false,[]
1,child-f9d0c0c9a9ae419f6470a221,py-f996c906ee10788ea67a,f996c906ee10,4b81296e5dd75a57ec2747997355f69bfd8a5d1068302c364c372acc996e4530,evt-6164c2c8567f44b9a48b1def2646ea57,45709,Alpha,SIM,vehicle-adapter,2026-08-15T05:18:07.587756Z,3.1399999999999864,3.149999999999986,317,3.1399999999999864,,fast-sim-Alpha,1,home,FLYING,true,true,true,simulated,98.3131491128305,-1.3468851385073763,2.9687567755595605e-05,0.38645849605293175,-1.3517882452926149,-0.00514299688385842,0.3874766265849092,-0.00029292139560409405,-0.0023150489701473024,0.0003960300385574822,0.0001657405459794576,-0.000570685363946401,-8.660393934309278e-08,,,,,99.29500262479384,4.192973018879066,4.0377727587671455,2.0693368014844906,false,,false,modeled_transport,SIMULATED_MODEL,100.0,30.0,0.0,0.00013404193194128597,0.0013003871095558037,9.838508456269341,0.0030424957454122875,0.0037897209861287385,5.6595705551200585e-06,,,,,,-0.000292921461781852,-0.0023150490273125563,0.0,0.387476695003936,99.74730158816436,DEGRADED,3.1399999999999864,4.0,3.1399999999999864,3.3494667206378383,VALID,0.6505420417479887,VALID,2.009024404121296,VALID,1.996655770772674,VALID,2.1092255502697714,VALID,0.3870331839074509,VALID,crazyflie-6dof,2.0.0,66.00172152927298,0.07920206583512758,62.894640414652926,2.5395426573874076,0.07870328199237768,0.12,0.49755044955135835,false,100.0,false,65.98049571218233,0.0791765948546188,62.88419227931441,2.5391207854249096,0.07870580638738581,0.12,0.4973079257660655,false,100.0,false,65.96389878177277,0.07915667853812731,62.87602012081328,2.5387908122351477,0.07871356170345352,0.12,0.4971183080756573,false,100.0,false,65.98506379353917,0.079182076552247,62.886441165565834,2.5392115903413455,0.07871102414107814,0.12,0.4973601180914095,false,100.0,false,[]
1,child-f9d0c0c9a9ae419f6470a221,py-f996c906ee10788ea67a,f996c906ee10,4b81296e5dd75a57ec2747997355f69bfd8a5d1068302c364c372acc996e4530,evt-932361104d1348b6b5edc3b33d38a6dc,45710,Alpha,SIM,vehicle-adapter,2026-08-15T05:18:07.598983Z,3.149999999999986,3.159999999999986,318,3.149999999999986,,fast-sim-Alpha,1,home,FLYING,true,true,true,simulated,98.28083030832948,-1.3478777804212598,0.0018937771080287805,0.38825308029294753,-1.3517916865758923,-0.00516620827982067,0.3874849954091258,-0.0003436808784672558,-0.0023209776577242996,0.0008368824216564708,0.00019335596669234998,-0.0005342582884210738,-2.4690520447748503e-08,,,,,99.29270238355716,4.192950026247939,4.0376837427735035,2.0702171130152167,false,,false,modeled_transport,SIMULATED_MODEL,100.0,30.0,0.0,0.00016477652094299636,0.0013022089079584812,9.850736488486891,0.002761545492006525,0.003642708606211191,5.537299060458717e-06,,,,,,-0.0003436811099715786,-0.00232097770959661,0.0,0.38748505795278604,99.75071559180125,DEGRADED,3.149999999999986,4.0,3.149999999999986,3.3510561646932393,VALID,0.6495006488481051,VALID,2.002389276080582,VALID,1.9950190005616286,VALID,2.1122944631799854,VALID,0.38792688383135293,VALID,crazyflie-6dof,2.0.0,66.02449461637579,0.07922939353965094,62.90771801069639,2.5400147030676874,0.07881107522940402,0.12,0.49783292101014737,false,100.0,false,66.01210715938777,0.07921452859126532,62.9016229795056,2.5397686049841797,0.07880928485883089,0.12,0.49769135797533454,false,100.0,false,65.97576055918157,0.07917091267101789,62.88373212898506,2.539046229021268,0.07880429344380895,0.12,0.4972760392875583,false,100.0,false,65.98807946757516,0.07918569536109019,62.889797046939556,2.5392911112275294,0.07880605351572054,0.12,0.4974167947421765,false,100.0,false,[]
1,child-f9d0c0c9a9ae419f6470a221,py-f996c906ee10788ea67a,f996c906ee10,4b81296e5dd75a57ec2747997355f69bfd8a5d1068302c364c372acc996e4530,evt-e837d07d7cb64296935d4998eb6f131c,45711,Alpha,SIM,vehicle-adapter,2026-08-15T05:18:07.609235Z,3.159999999999986,3.1699999999999857,319,3.159999999999986,,fast-sim-Alpha,1,home,FLYING,true,true,true,simulated,98.27829880761686,-1.3476854505497153,0.000956793650001812,0.3869316159384519,-1.3517955998281848,-0.005189502936097259,0.38749837483394295,-0.0003906579927386766,-0.002329175247363196,0.0013379424817161478,0.00021692142645176764,-0.0004984426278226573,3.645464012935782e-08,,,,,99.29040645821166,4.192927023835572,4.0379520630171895,2.0663328109373795,false,,false,modeled_transport,SIMULATED_MODEL,100.0,30.0,0.0,0.00019333756786213407,0.001305538849212658,9.85675708277437,0.002356549133283845,0.00358156723943726,5.379797327161847e-06,,,,,,-0.0003906583780136329,-0.002329175287921459,0.0,0.3874984320868261,99.75370443374554,DEGRADED,3.159999999999986,4.0,3.159999999999986,3.354578380925487,VALID,0.6477495421112479,VALID,2.003980061207794,VALID,1.9948897978847402,VALID,2.1109270321734277,VALID,0.38981981748512035,VALID,crazyflie-6dof,2.0.0,65.91031608647181,0.07909237930376617,62.853338204319655,2.537987666696497,0.07886172969780655,0.12,0.49663500772601693,false,100.0,false,65.91494617699047,0.07909793541238855,62.855620377099505,2.5380798197393424,0.07886176293198921,0.12,0.49668790887207925,false,100.0,false,65.90128516580407,0.07908154219896488,62.84888636219319,2.537807903445509,0.07885394429037554,0.12,0.4965318281897235,false,100.0,false,65.89657942144056,0.07907589530572867,62.846566378030154,2.537714223597136,0.07885386576056964,0.12,0.49647806614956,false,100.0,false,[]
1,child-f9d0c0c9a9ae419f6470a221,py-f996c906ee10788ea67a,f996c906ee10,4b81296e5dd75a57ec2747997355f69bfd8a5d1068302c364c372acc996e4530,evt-125bbd12551a41cbbed895baa2a4c659,45712,Alpha,SIM,vehicle-adapter,2026-08-15T05:18:07.613537Z,3.1699999999999857,3.1799999999999855,320,3.1699999999999857,,fast-sim-Alpha,1,home,FLYING,true,true,true,simulated,98.28448341137566,-1.346489331221872,0.0010452159951242091,0.38743758295791736,-1.3517999470683557,-0.005212897324543452,0.38751738187074825,-0.0004338449721153476,-0.00233899399263091,0.0019007036805296362,0.00023395382696666056,-0.00046230207378540145,9.651923747353359e-08,,,,,99.28810805308358,4.192904064582117,4.0377617184357195,2.0685646152807795,false,,false,modeled_transport,SIMULATED_MODEL,100.0,30.0,0.0,0.00021977261927031214,0.0013101482627349587,9.862927035654401,0.0017032429368675451,0.0036140566664948767,5.191714823738902e-06,,,,,,-0.0004338454972140451,-0.0023389940147682214,0.0,0.38751743388674653,99.75672302606776,DEGRADED,3.1699999999999857,4.0,3.1699999999999857,3.3462414631783433,VALID,0.6445570403474781,VALID,2.0040523391967544,VALID,1.9925970984051353,VALID,2.1147397077538455,VALID,0.3870461718362656,VALID,crazyflie-6dof,2.0.0,65.96470420625394,0.07915764504750473,62.88168892072482,2.539012763146862,0.07891513724934669,0.12,0.49724720350782703,false,100.0,false,65.97154352781442,0.07916585223337731,62.88505703989124,2.5391487597731945,0.0789171985601389,0.12,0.4973253639818467,false,100.0,false,65.94618429624177,0.07913542115549012,62.872566636455254,2.5386444270447783,0.07890377258343355,0.12,0.49703556876129795,false,100.0,false,65.93926282924922,0.07912711539509905,62.869156643424574,2.5385067396515844,0.0789016527756229,0.12,0.4969564790298079,false,100.0,false,[]
1,child-f9d0c0c9a9ae419f6470a221,py-f996c906ee10788ea67a,f996c906ee10,4b81296e5dd75a57ec2747997355f69bfd8a5d1068302c364c372acc996e4530,evt-f7a9118220724db6bd2460e00b569bcd,45713,Alpha,SIM,vehicle-adapter,2026-08-15T05:18:07.631458Z,3.1799999999999855,3.1899999999999853,321,3.1799999999999855,,fast-sim-Alpha,1,home,FLYING,true,true,true,simulated,98.30180373871463,-1.3466006643726065,0.0011194635150537004,0.3886319605124672,-1.3518046907585055,-0.005236399795824599,0.387542354021566,-0.0004733034716770578,-0.0023496403723558008,0.0024972150817759164,0.0002428977238497733,-0.0004265606784602074,1.5481088035417956e-07,,,,,99.2858112741395,4.192881080530836,4.037848501807472,2.067101049668735,false,,false,modeled_transport,SIMULATED_MODEL,100.0,30.0,0.0,0.00024407638553481346,0.001315674555025767,9.866301905096366,0.000894392278980666,0.003574140821169199,4.976996566199326e-06,,,,,,-0.0004733041219344187,-0.0023496403683968188,0.0,0.38754240071137774,99.75998277531247,DEGRADED,3.1799999999999855,4.0,3.1799999999999855,3.354533422967482,VALID,0.6467342784813213,VALID,2.0067165454657685,VALID,1.9958322074007024,VALID,2.1145495948991204,VALID,0.39197968771607655,VALID,crazyflie-6dof,2.0.0,65.93188310737455,0.07911825972884945,62.86714257324479,2.5384799745229327,0.07894729633632507,0.12,0.4969304255803415,false,100.0,false,65.9282809246229,0.07911393710954748,62.865367475162095,2.5384082987515946,0.07894777269534799,0.12,0.49688926056283145,false,100.0,false,65.90477042541582,0.07908572451049897,62.85377929936812,2.537940385768911,0.07893068234808595,0.12,0.4966206045758462,false,100.0,false,65.90828456298321,0.07908994147557985,62.855511679687446,2.5380103366616806,0.07893013581170431,0.12,0.49666075894971595,false,100.0,false,[]
1,child-f9d0c0c9a9ae419f6470a221,py-f996c906ee10788ea67a,f996c906ee10,4b81296e5dd75a57ec2747997355f69bfd8a5d1068302c364c372acc996e4530,evt-321d59ad440c4a0f9dc6c83e76d13e5b,45714,Alpha,SIM,vehicle-adapter,2026-08-15T05:18:07.643814Z,3.199999999999985,3.209999999999985,323,3.199999999999985,,fast-sim-Alpha,1,home,FLYING,true,true,true,simulated,98.29195961071693,-1.3473005839623267,-0.001209960944988625,0.38750761929359817,-1.3518152166466577,-0.0052837140495078415,0.38761037153425565,-0.0005410006862956447,-0.0023695711850236175,0.0037063340170229164,0.0002300335931511968,-0.0003536659384214977,2.644810097883306e-07,,,,,99.28122236625669,4.192835176968247,4.037900363629159,2.0657975111838494,false,,false,modeled_transport,SIMULATED_MODEL,100.0,30.0,0.0,0.0002864153888291203,0.001327662643112276,9.86774214801053,-0.0012920760928632267,0.0037263009642880215,4.481089057026885e-06,,,,,,-0.0005410015396128941,-0.002369571104632592,0.0,0.3876104060306215,99.76901048004763,DEGRADED,3.199999999999985,4.0,3.199999999999985,3.349415227135669,VALID,0.6511427880030544,VALID,2.0029746452724178,VALID,1.9960580987298704,VALID,2.116764777696274,VALID,0.3866155247598892,VALID,crazyflie-6dof,2.0.0,65.89996785561142,0.0790799614267337,62.854146756341436,2.5379878204303163,0.07896767695775904,0.12,0.4966414546572859,false,100.0,false,65.91369855630089,0.07909643826756106,62.86091590270352,2.5382611518158855,0.078972587226709,0.12,0.49679837973128943,false,100.0,false,65.86639864621921,0.07903967837546304,62.8375909269808,2.5373193125363613,0.07894410751648924,0.12,0.49625784276546603,false,100.0,false,65.85257002236733,0.07902308402684079,62.830768202822306,2.537043817732756,0.0789391075653497,0.12,0.49609983402980795,false,100.0,false,[]
1,child-f9d0c0c9a9ae419f6470a221,py-f996c906ee10788ea67a,f996c906ee10,4b81296e5dd75a57ec2747997355f69bfd8a5d1068302c364c372acc996e4530,evt-205df0ccd3944fb6aaf47f4cfa33dc35,45715,Alpha,SIM,vehicle-adapter,2026-08-15T05:18:07.654922Z,3.209999999999985,3.2199999999999847,324,3.209999999999985,,fast-sim-Alpha,1,home,FLYING,true,true,true,simulated,98.2506320445658,-1.34635019018906,0.000685521915904993,0.38826032230496355,-1.351820917824857,-0.005307483846202483,0.3876535984908109,-0.0005687662614737406,-0.0023761084889971943,0.004322695655523123,0.00020150566789614571,-0.0003126182207857928,3.1539592227695887e-07,,,,,99.27892747631782,4.192812223662567,4.037907152787739,2.0654009449797166,false,,false,modeled_transport,SIMULATED_MODEL,100.0,30.0,0.0,0.0003043990148976672,0.0013329432200078982,9.86828648265707,-0.002852790829508636,0.0041047727676015704,4.205805769244257e-06,,,,,,-0.0005687671883628745,-0.002376108357850903,0.0,0.3876536253037816,99.77633060217251,DEGRADED,3.209999999999985,4.0,3.209999999999985,3.3524652616386246,VALID,0.6489969822531244,VALID,2.003939542336273,VALID,1.9967509204745748,VALID,2.110502139089668,VALID,0.3905366968710818,VALID,crazyflie-6dof,2.0.0,65.88404591580341,0.07906085509896409,62.84759947949935,2.537727714738094,0.07897552388968984,0.12,0.4964913302588476,false,100.0,false,65.90423242935528,0.07908507891522633,62.85755358021995,2.5381296520830867,0.07898522651452142,0.12,0.49672204221933186,false,100.0,false,65.85940159314194,0.07903128191177032,62.83544273059418,2.5372368365045057,0.07895047153538343,0.12,0.4962096998714459,false,100.0,false,65.83911317759869,0.07900693581311842,62.825431004541066,2.5368325723020893,0.07894067116255406,0.12,0.49597787263009113,false,100.0,false,[]
1,child-f9d0c0c9a9ae419f6470a221,py-f996c906ee10788ea67a,f996c906ee10,4b81296e5dd75a57ec2747997355f69bfd8a5d1068302c364c372acc996e4530,evt-84afc0f43f58461b9f73f21752e66a29,45716,Alpha,SIM,vehicle-adapter,2026-08-15T05:18:07.665209Z,3.2199999999999847,3.2299999999999844,325,3.2199999999999847,,fast-sim-Alpha,1,home,FLYING,true,true,true,simulated,98.23791656584298,-1.3462845818956801,-8.340503843609279e-05,0.38707762391552425,-1.3518268507512794,-0.00533127717626277,0.3877028598813814,-0.0005919757037667177,-0.0023785480940616797,0.004926139057054302,0.00015931865915678236,-0.00026730774933545674,3.627286688771717e-07,,,,,99.27663485715999,4.192789274763178,4.03803748161188,2.063357242042758,false,,false,modeled_transport,SIMULATED_MODEL,100.0,30.0,0.0,0.0003200417840993051,0.0013366635312205822,9.866994519387246,-0.004218699502087584,0.004531047927017587,3.915818371911859e-06,,,,,,-0.0005919766889791309,-0.0023785479095216333,0.0,0.38770287865315356,99.7857344794294,DEGRADED,3.2199999999999847,4.0,3.2199999999999847,3.3502000032440087,VALID,0.6465429194250918,VALID,2.004546064137663,VALID,1.9959335850426134,VALID,2.113844395127331,VALID,0.3861219238789237,VALID,crazyflie-6dof,2.0.0,65.82406596155295,0.07898887915386353,62.819238262229504,2.536664386691899,0.07896552372387575,0.12,0.49586545040160496,false,100.0,false,65.83616397489453,0.07900339676987343,62.825210265296306,2.5369055384141395,0.0789764190689383,0.12,0.4960036988519192,false,100.0,false,65.81954296045004,0.07898345155254004,62.81700524551572,2.536574216640026,0.07894535002969318,0.12,0.49581376644323166,false,100.0,false,65.80733970078202,0.07896880764093843,62.81097963805564,2.536330900352293,0.07893434987561453,0.12,0.4956743263460026,false,100.0,false,[]
1,child-f9d0c0c9a9ae419f6470a221,py-f996c906ee10788ea67a,f996c906ee10,4b81296e5dd75a57ec2747997355f69bfd8a5d1068302c364c372acc996e4530,evt-c0c42e26007d4b37bf1f619e47a1c894,45717,Alpha,SIM,vehicle-adapter,2026-08-15T05:18:07.674259Z,3.2299999999999844,3.2399999999999842,326,3.2299999999999844,,fast-sim-Alpha,1,home,FLYING,true,true,true,simulated,98.26385118516806,-1.3481293155748777,-0.0002762424111593274,0.3893693419755885,-1.3518329645201828,-0.005355039631923852,0.3877581918192137,-0.0006101759172419009,-0.002375668315304915,0.005533193783230361,0.00010431780534565782,-0.0002170339275140488,4.0549182764819484e-07,,,,,99.27434022710428,4.1927663485716,4.0378788198120095,2.0651670501359836,false,,false,modeled_transport,SIMULATED_MODEL,100.0,30.0,0.0,0.00033312625525131097,0.001338085605977415,9.867355546816013,-0.005500084346899983,0.005027382705119077,3.613615086949637e-06,,,,,,-0.0006101769487130614,-0.0023756680808096247,0.0,0.3877582030614737,99.79712606105231,DEGRADED,3.2299999999999844,4.0,3.2299999999999844,3.3540428397098485,VALID,0.6460150733220943,VALID,2.004184591629209,VALID,1.997079309642522,VALID,2.1082772674877437,VALID,0.3896113273011178,VALID,crazyflie-6dof,2.0.0,65.86583160743837,0.07903899792892603,62.840926314386124,2.537440453822269,0.0789696098043325,0.12,0.4963299855375609,false,100.0,false,65.88063120577436,0.07905675744692924,62.848226866503495,2.537735241269946,0.07898220596048262,0.12,0.49649913339060636,false,100.0,false,65.85919579762414,0.07903103495714896,62.83765233339918,2.5373082544374324,0.07895247303483555,0.12,0.4962541472690327,false,100.0,false,65.84428833115672,0.07901314599738805,62.83029597446852,2.537011213578262,0.07893976598440697,0.12,0.4960837839387834,false,100.0,false,[]
1,child-f9d0c0c9a9ae419f6470a221,py-f996c906ee10788ea67a,f996c906ee10,4b81296e5dd75a57ec2747997355f69bfd8a5d1068302c364c372acc996e4530,evt-381cf5551c544a279c4c6eecd68eba71,45718,Alpha,SIM,vehicle-adapter,2026-08-15T05:18:07.685878Z,3.2399999999999842,3.249999999999984,327,3.2399999999999842,,fast-sim-Alpha,1,home,FLYING,true,true,true,simulated,98.23952450997761,-1.3462076071373157,-0.0011558231734843296,0.38786665629570266,-1.3518391995335914,-0.005378705463790858,0.3878192111103239,-0.0006225388045868592,-0.0023663541091301452,0.0061019291110187,3.7540606352666214e-05,-0.00015773813022199227,4.427140400736715e-07,,,,,99.272051271429,4.192743402271043,4.03823889419257,2.060060107736711,false,,false,modeled_transport,SIMULATED_MODEL,100.0,30.0,0.0,0.00034340914073612895,0.0013365211335185584,9.863523558095096,-0.006677719204288343,0.005929579983346634,3.301640790328173e-06,,,,,,-0.0006225398739623577,-0.002366353835190692,0.0,0.3878192162083267,99.81037514449544,DEGRADED,3.2399999999999842,4.0,3.2399999999999842,3.351492412743442,VALID,0.6503698808748652,VALID,2.0030909512556545,VALID,1.9947841376787063,VALID,2.1109992208349966,VALID,0.38775455351130345,VALID,crazyflie-6dof,2.0.0,65.72985237327718,0.07887582284793263,62.774908209976445,2.5350007591289536,0.07893623580631559,0.12,0.4948879993796581,false,100.0,false,65.7709293144778,0.07892511517737336,62.795212546577915,2.535820696746802,0.07895794173140121,0.12,0.4953573472224578,false,100.0,false,65.75214105034986,0.07890256926041983,62.785927208640615,2.535445732618761,0.07892999954379175,0.12,0.49514265989460804,false,100.0,false,65.71095444736432,0.07885314533683718,62.76556235149587,2.5346233510367955,0.0789081776059029,0.12,0.494672101239987,false,100.0,false,[]
1,child-f9d0c0c9a9ae419f6470a221,py-f996c906ee10788ea67a,f996c906ee10,4b81296e5dd75a57ec2747997355f69bfd8a5d1068302c364c372acc996e4530,evt-34c0a82a6d2f4d9a86a16898417d95c7,45719,Alpha,SIM,vehicle-adapter,2026-08-15T05:18:07.696656Z,3.249999999999984,3.259999999999984,328,3.249999999999984,,fast-sim-Alpha,1,home,FLYING,true,true,true,simulated,98.21912313058154,-1.3453375806851815,0.0011549245548804392,0.3882485262076964,-1.3518454877176815,-0.005402197775318725,0.38788581563263536,-0.0006282226901889047,-0.0023495038901338978,0.006660452231144198,-4.094906142835608e-05,-8.944171594474968e-05,4.724221180545538e-07,,,,,99.26975958241299,4.19272051271429,4.038031504132457,2.0625201144217837,false,,false,modeled_transport,SIMULATED_MODEL,100.0,30.0,0.0,0.0003504131377914412,0.001331343427900262,9.862502382906143,-0.007848966414969868,0.0068296414305654505,2.982447042423248e-06,,,,,,-0.0006282237940540931,-0.0023495035953171955,0.0,0.38788581750935225,99.82178654221404,DEGRADED,3.249999999999984,4.0,3.249999999999984,3.352311968928363,VALID,0.6501717464326886,VALID,2.003936030881013,VALID,1.9965439600029815,VALID,2.1102545569918094,VALID,0.38881825969902134,VALID,crazyflie-6dof,2.0.0,65.80009324454508,0.07896011189345409,62.81043458882402,2.536305136579224,0.07893063191143952,0.12,0.49566029743409956,false,100.0,false,65.8191977561507,0.07898303730738085,62.81986887403583,2.536686095988266,0.07895263554998425,0.12,0.4958786285909296,false,100.0,false,65.79484989538705,0.07895381987446445,62.80784477369428,2.536200559028386,0.07892438326239208,0.12,0.4956003785890572,false,100.0,false,65.77563486043876,0.07893076183252651,62.79835210101695,2.5358172419150913,0.07890225951208765,0.12,0.4953808098076973,false,100.0,false,[]
1,child-f9d0c0c9a9ae419f6470a221,py-f996c906ee10788ea67a,f996c906ee10,4b81296e5dd75a57ec2747997355f69bfd8a5d1068302c364c372acc996e4530,evt-a6f5e99abfad4654bda0c4c3b6c3b2d6,45720,Alpha,SIM,vehicle-adapter,2026-08-15T05:18:07.707486Z,3.259999999999984,3.2699999999999836,329,3.259999999999984,,fast-sim-Alpha,1,home,FLYING,true,true,true,simulated,98.22554090268869,-1.3469022546772218,0.0011968138934464441,0.3858660242378669,-1.3518517537835089,-0.0054254333028717315,0.3879578204853244,-0.0006265098483955586,-0.002324462522690524,0.0072004852689044885,-0.00012635307853965075,-1.3434888567535764e-05,4.926518967032392e-07,,,,,99.26746930711478,4.19269759582413,4.038104013195505,2.0612477683756194,false,,false,modeled_transport,SIMULATED_MODEL,100.0,30.0,0.0,0.0003536606721820387,0.001321915721598347,9.860653545655921,-0.008540401612261952,0.007600682552493129,2.658783102183215e-06,,,,,,-0.0006265109896570281,-0.0023244622325941135,0.0,0.3879578236172297,99.81873826137087,DEGRADED,3.259999999999984,4.0,3.259999999999984,3.354300206739972,VALID,0.6465340547286819,VALID,2.0062539570646245,VALID,1.9919446666549647,VALID,2.1146308357727372,VALID,0.38762556053759817,VALID,crazyflie-6dof,2.0.0,65.75608748679142,0.07890730498414969,62.78962405316834,2.5355103287613607,0.07891455079366563,0.12,0.4951961786159233,false,100.0,false,65.76607718805226,0.07891929262566272,62.79456123213355,2.5357096971832935,0.07893406273059844,0.12,0.4953103288629935,false,100.0,false,65.77640410001949,0.07893168492002339,62.799664216817355,2.535915761012603,0.07891590896112645,0.12,0.4954283380477532,false,100.0,false,65.76630419163651,0.0789195650299638,62.794673413979694,2.535714227202925,0.07889627392387201,0.12,0.4953129228489497,false,100.0,false,[]
1,child-f9d0c0c9a9ae419f6470a221,py-f996c906ee10788ea67a,f996c906ee10,4b81296e5dd75a57ec2747997355f69bfd8a5d1068302c364c372acc996e4530,evt-7f094f8155954d89943497fda93866df,45721,Alpha,SIM,vehicle-adapter,2026-08-15T05:18:07.718935Z,3.2699999999999836,3.2799999999999834,330,3.2699999999999836,,fast-sim-Alpha,1,home,FLYING,true,true,true,simulated,98.23607368183289,-1.3476359000696456,0.00011376867627726529,0.3896510447884811,-1.3518579133978874,-0.005448326659125129,0.38803541199148084,-0.000616521359928135,-0.002290998539774897,0.007759150615643806,-0.00021433130870624563,7.216789363245032e-05,5.014076820490228e-07,,,,,99.26517431683139,4.192674693071148,4.037762848941885,2.06549125505144,false,,false,modeled_transport,SIMULATED_MODEL,100.0,30.0,0.0,0.00035275915687393595,0.001307866312950177,9.862517092662983,-0.00879782304804689,0.008560277960165752,2.33375508841357e-06,,,,,,-0.0006165225456946053,-0.002290998283267899,0.0,0.3880354219147329,99.80486956380119,DEGRADED,3.2699999999999836,4.0,3.2699999999999836,3.3518746832700304,VALID,0.6513903384233768,VALID,2.0033140417317314,VALID,1.9940866204161547,VALID,2.1103857655756166,VALID,0.3889674198737932,VALID,crazyflie-6dof,2.0.0,65.84088183814623,0.07900905820577549,62.832337980098316,2.537020800082012,0.07892503072268714,0.12,0.4961035297553216,false,100.0,false,65.87206349609053,0.07904647619530865,62.84772484944276,2.537642085376017,0.07894898287012679,0.12,0.4964599338834583,false,100.0,false,65.88805457261195,0.07906566548713433,62.85561273355577,2.5379605794302997,0.0789401046471938,0.12,0.4966427312049336,false,100.0,false,65.85676444310933,0.07902811733173119,62.84017637909185,2.5373372960445244,0.07891602767857567,0.12,0.4962850602077268,false,100.0,false,[]
1,child-f9d0c0c9a9ae419f6470a221,py-f996c906ee10788ea67a,f996c906ee10,4b81296e5dd75a57ec2747997355f69bfd8a5d1068302c364c372acc996e4530,evt-76dade8ddc3746bd956917697ec35b93,45722,Alpha,SIM,vehicle-adapter,2026-08-15T05:18:07.730987Z,3.2799999999999834,3.289999999999983,331,3.2799999999999834,,fast-sim-Alpha,1,home,FLYING,true,true,true,simulated,98.24376870583518,-1.3458744051059135,-0.0023287377830821625,0.3892284109868187,-1.3518638705994839,-0.005470792505543024,0.38811808958791766,-0.0005971264935233078,-0.002249088864133285,0.008267759643681982,-0.000302918661005158,0.0001701148013043117,4.96184350166107e-07,,,,,99.26288825996603,4.192651743168314,4.038342904757757,2.0574511788228214,false,,false,modeled_transport,SIMULATED_MODEL,100.0,30.0,0.0,0.00034722141256747973,0.0012890731355872033,9.857511947250625,-0.008858735172408492,0.009794690592145156,2.0108185594717478e-06,,,,,,-0.0005971277340237528,-0.002249088671036054,0.0,0.3881181130106049,99.78808145086961,DEGRADED,3.2799999999999834,4.0,3.2799999999999834,3.3506456824947835,VALID,0.6480033069932981,VALID,2.001233006364804,VALID,1.993639867371181,VALID,2.1112017448584344,VALID,0.3865230113812707,VALID,crazyflie-6dof,2.0.0,65.65030912482538,0.07878037094979046,62.739175240215964,2.5336230318167967,0.07888218725516,0.12,0.4940875565848022,false,100.0,false,65.69178493886713,0.07883014192664056,62.75970472886148,2.5344520829648958,0.07891254899973545,0.12,0.49456141693531946,false,100.0,false,65.69854336219615,0.07883825203463538,62.76304865009793,2.5345871219708886,0.07890789162718122,0.12,0.494638640661948,false,100.0,false,65.65696247247378,0.07878835496696854,62.742469425531745,2.5337560623157662,0.07887740476379529,0.12,0.4941635646407518,false,100.0,false,[]
1,child-f9d0c0c9a9ae419f6470a221,py-f996c906ee10788ea67a,f996c906ee10,4b81296e5dd75a57ec2747997355f69bfd8a5d1068302c364c372acc996e4530,evt-d6681061ff62446592c16afac80404f2,45723,Alpha,SIM,vehicle-adapter,2026-08-15T05:18:07.733939Z,3.289999999999983,3.299999999999983,332,3.289999999999983,,fast-sim-Alpha,1,home,FLYING,true,true,true,simulated,98.23585817309346,-1.346277237108904,-0.0002217101819488171,0.38570382273088805,-1.3518695188558516,-0.005492743298846517,0.3882054985694882,-0.0005672674356507308,-0.002198525085986788,0.00874089815705581,-0.0003942567827199768,0.00027938626467708647,4.750336884311936e-07,,,,,99.2606018155411,4.19262888259966,4.038293883915303,2.057799982438411,false,,false,modeled_transport,SIMULATED_MODEL,100.0,30.0,0.0,0.0003363924949023422,0.0012655371030103838,9.853965594693804,-0.00913381170246963,0.010927146432934094,1.6940029818601799e-06,,,,,,-0.0005672687443310699,-0.0021985249873830103,0.0,0.38820554389153183,99.76964798463739,DEGRADED,3.289999999999983,4.0,3.289999999999983,3.3521417225927355,VALID,0.6462340609289359,VALID,2.004209005232665,VALID,1.9931980029736385,VALID,2.105968239926093,VALID,0.3877858252197835,VALID,crazyflie-6dof,2.0.0,65.68212770743547,0.07881855324892256,62.75548423262036,2.5342508815873406,0.07885935265674741,0.12,0.4944523800774491,false,100.0,false,65.70151820116554,0.07884182184139865,62.76507884167738,2.5346383400980756,0.07888794827598626,0.12,0.4946739380539835,false,100.0,false,65.68175925395698,0.07881811110474837,62.755301888504746,2.534243517996072,0.07887855908879318,0.12,0.49444817028445875,false,100.0,false,65.66226904956116,0.07879472285947339,62.74565479390969,2.533853939965064,0.0788498397258734,0.12,0.4942254940225192,false,100.0,false,[]
1,child-f9d0c0c9a9ae419f6470a221,py-f996c906ee10788ea67a,f996c906ee10,4b81296e5dd75a57ec2747997355f69bfd8a5d1068302c364c372acc996e4530,evt-d658cac1ed95420896d8d29516689f4c,45724,Alpha,SIM,vehicle-adapter,2026-08-15T05:18:07.744917Z,3.299999999999983,3.3099999999999827,333,3.299999999999983,,fast-sim-Alpha,1,home,FLYING,true,true,true,simulated,98.2396716976988,-1.3454810472994483,-0.0006107960527922457,0.38759292365288134,-1.351874741082527,-0.005514091645026768,0.3882978815478998,-0.0005259156695583948,-0.0021393211484234827,0.009238297841157594,-0.0004857101361097424,0.0003998034432486363,4.359311516689513e-07,,,,,99.2583080775195,4.192606018155411,4.037778701700276,2.064364219425604,false,,false,modeled_transport,SIMULATED_MODEL,100.0,30.0,0.0,0.0003196806691687631,0.001237119895036146,9.856392647469741,-0.00914533401744863,0.01204171843919103,1.3879034376475132e-06,,,,,,-0.0005259170596188256,-0.0021393211715085183,0.0,0.38829795838373754,99.75029963956916,DEGRADED,3.299999999999983,4.0,3.299999999999983,3.351110706577553,VALID,0.6470034788774062,VALID,2.003713301474047,VALID,1.9965619590753818,VALID,2.115291888391363,VALID,0.38640002780225224,VALID,crazyflie-6dof,2.0.0,65.81744515497253,0.07898093418596704,62.82294568127157,2.5366515204991167,0.07887803141346908,0.12,0.4958898547945018,false,100.0,false,65.84144402206053,0.07900973282647263,62.8347938088341,2.537129921670387,0.07890667076094246,0.12,0.49616416298986754,false,100.0,false,65.85269639520142,0.0790232356742417,62.84034744366534,2.5373541651547726,0.07890296760978258,0.12,0.49629278891615525,false,100.0,false,65.82860537257615,0.07899432644709138,62.82845600936754,2.5368740153533698,0.07887420781468052,0.12,0.49601741272507965,false,100.0,false,[]
1,child-f9d0c0c9a9ae419f6470a221,py-f996c906ee10788ea67a,f996c906ee10,4b81296e5dd75a57ec2747997355f69bfd8a5d1068302c364c372acc996e4530,evt-abcb874817a94c49b1f4c7b7e2d2c53d,45725,Alpha,SIM,vehicle-adapter,2026-08-15T05:18:07.755272Z,3.3099999999999827,3.3199999999999825,334,3.3099999999999827,,fast-sim-Alpha,1,home,FLYING,true,true,true,simulated,98.21963802691539,-1.3465449315757583,9.208706892206448e-05,0.39008828271418017,-1.3518794115889174,-0.005534752528099445,0.388395081372019,-0.00047219914377979647,-0.002071680684445866,0.009719982411920958,-0.0005754335268930937,0.0005297612885958522,3.7795532443822987e-07,,,,,99.25601901920457,4.192583080775195,4.038071644516194,2.0601524834405627,false,,false,modeled_transport,SIMULATED_MODEL,100.0,30.0,0.0,0.0002965035900702566,0.0012038343374665078,9.854822321324873,-0.008972336389740165,0.012995785812924524,1.0976155966082606e-06,,,,,,-0.0004722006245794677,-0.0020716808489668875,0.0,0.38839520017642165,99.73048613414178,DEGRADED,3.3099999999999827,4.0,3.3099999999999827,3.35206129434072,VALID,0.6458333601494238,VALID,2.0061854697830266,VALID,1.9941030847404309,VALID,2.1156810119231904,VALID,0.3882965840778122,VALID,crazyflie-6dof,2.0.0,65.722984095708,0.0788675809148496,62.77719651240217,2.5349881715895206,0.07886722888009115,0.12,0.49490129429430946,false,100.0,false,65.7364741052355,0.0788837689262826,62.78386749742789,2.5352575507442543,0.07889277109357118,0.12,0.4950554512461506,false,100.0,false,65.74697184196947,0.07889636621036336,62.78905773991974,2.5354671364545993,0.07889311687393628,0.12,0.4951754208782597,false,100.0,false,65.73339964595075,0.0788800795751409,62.78234726768761,2.5351961627781807,0.07886745965311147,0.12,0.4950203170218429,false,100.0,false,[]
1,child-f9d0c0c9a9ae419f6470a221,py-f996c906ee10788ea67a,f996c906ee10,4b81296e5dd75a57ec2747997355f69bfd8a5d1068302c364c372acc996e4530,evt-b95b42976b824410b86247419ea0053c,45726,Alpha,SIM,vehicle-adapter,2026-08-15T05:18:07.765555Z,3.3199999999999825,3.3299999999999823,335,3.3199999999999825,,fast-sim-Alpha,1,home,FLYING,true,true,true,simulated,98.17229969530987,-1.3464842940633346,0.0010953798386900276,0.3865617189225821,-1.351883395788984,-0.005554646402270571,0.38849654680509066,-0.0004052147053863314,-0.001996086961180694,0.01014654330716569,-0.0006603814796976802,0.000669761528904107,2.9973497618177994e-07,,,,,99.25373598977146,4.1925601901920455,4.038455703457592,2.054726489803643,false,,false,modeled_transport,SIMULATED_MODEL,100.0,30.0,0.0,0.0002663781881513559,0.0011657848526136928,9.849311394561164,-0.008494790594212579,0.01400002622694109,8.286874146533829e-07,,,,,,-0.00040521627743494683,-0.00199608727497409,0.0,0.38849671865352053,99.7104477677778,DEGRADED,3.3199999999999825,4.0,3.3199999999999825,3.3531117581461762,VALID,0.6484910055813746,VALID,2.001790444817589,VALID,1.993946800810591,VALID,2.1138386763264765,VALID,0.3912133182174861,VALID,crazyflie-6dof,2.0.0,65.58237719414765,0.07869885263297718,62.7082393024766,2.5324444666487014,0.07882119104973238,0.12,0.4934008613006462,false,100.0,false,65.6086120129169,0.07873033441550026,62.72124162985987,2.532969559880493,0.0788482066964104,0.12,0.49370055608719626,false,100.0,false,65.63156560548532,0.07875787872658238,62.73261312353563,2.5334287926154104,0.07885530958013168,0.12,0.4939627984055714,false,100.0,false,65.60526104208371,0.07872631325050045,62.719581157326644,2.532902502432771,0.07882818671576101,0.12,0.4936622740102291,false,100.0,false,[]
1,child-f9d0c0c9a9ae419f6470a221,py-f996c906ee10788ea67a,f996c906ee10,4b81296e5dd75a57ec2747997355f69bfd8a5d1068302c364c372acc996e4530,evt-05995855b2484f8eba82a09ca61642c4,45727,Alpha,SIM,vehicle-adapter,2026-08-15T05:18:07.776056Z,3.3299999999999823,3.339999999999982,336,3.3299999999999823,,fast-sim-Alpha,1,home,FLYING,true,true,true,simulated,98.14774337167042,-1.3458100806242224,0.0018808317189662384,0.3884189754926775,-1.3518865495429668,-0.005573702746013149,0.3886023769787888,-0.00032405040929347676,-0.0019134246628973943,0.01058301736980849,-0.0007362281787809327,0.0008198402256090573,2.0080535226076342e-07,,,,,99.25144563082564,4.192537359897715,4.037938131055103,2.0613230512381957,false,,false,modeled_transport,SIMULATED_MODEL,100.0,30.0,0.0,0.0002287905838101751,0.001123231908028161,9.850304400761443,-0.007584662543674859,0.01500787295861642,5.871097719102513e-07,,,,,,-0.00032405205734625775,-0.0019134251163950313,0.0,0.3886026128935443,99.69047281556774,DEGRADED,3.3299999999999823,4.0,3.3299999999999823,3.3512712360174755,VALID,0.6470212563737162,VALID,2.005114750611965,VALID,1.9971891396903878,VALID,2.1099445652223032,VALID,0.3867688740619008,VALID,crazyflie-6dof,2.0.0,65.73004347481285,0.07887605216977542,62.7816918020199,2.5350858725952574,0.07882597268922442,0.12,0.49497356595194125,false,100.0,false,65.75415115159656,0.07890498138191587,62.793611125522496,2.5355671675039324,0.07885345870631276,0.12,0.49524906414527714,false,100.0,false,65.79258088158,0.07895109705789599,62.81260178947522,2.53633399876502,0.07887024887362425,0.12,0.4956882975159731,false,100.0,false,65.7684184915876,0.07892210218990511,62.800662960327855,2.5358519162304773,0.07884266598074814,0.12,0.4954121236250043,false,100.0,false,[]
1,child-f9d0c0c9a9ae419f6470a221,py-f996c906ee10788ea67a,f996c906ee10,4b81296e5dd75a57ec2747997355f69bfd8a5d1068302c364c372acc996e4530,evt-ed68dca25c2a424885816cba157ae1a0,45728,Alpha,SIM,vehicle-adapter,2026-08-15T05:18:07.786851Z,3.339999999999982,3.349999999999982,337,3.339999999999982,,fast-sim-Alpha,1,home,FLYING,true,true,true,simulated,98.13674067945509,-1.3459403066642266,-0.0008040488817843191,0.38857663267826276,-1.351888721236672,-0.005591865310960414,0.3887123166600905,-0.00022792684234899908,-0.0018250312607764943,0.010993968130174059,-0.0007982650131388425,0.0009786378338563875,8.275947242057175e-08,,,,,99.24915983223205,4.192514456308256,4.038223051241444,2.057218734237278,false,,false,modeled_transport,SIMULATED_MODEL,100.0,30.0,0.0,0.0001832244437950329,0.001076670867475005,9.84775396819438,-0.006203672822635707,0.015879765248819223,3.7911149389619424e-07,,,,,,-0.000227928528271846,-0.0018250318233931574,0.0,0.3887126266503689,99.67089720475816,DEGRADED,3.339999999999982,4.0,3.339999999999982,3.3579949238624764,VALID,0.64572008598447,VALID,2.005450911320904,VALID,1.9937819801860464,VALID,2.111425065204766,VALID,0.3880262637859338,VALID,crazyflie-6dof,2.0.0,65.63212929790912,0.07875855515749093,62.73394793021937,2.5333367462719236,0.07880348045771211,0.12,0.4939386810064009,false,100.0,false,65.6463405528951,0.07877560866347412,62.740986257829654,2.533620969639904,0.07882837177077924,0.12,0.4941010427960983,false,100.0,false,65.6962131055065,0.07883545572660779,62.76567331442138,2.5346178880498638,0.0788558555761519,0.12,0.4946709174565777,false,100.0,false,65.6819647390905,0.0788183576869086,62.7586224019545,2.5343331564773037,0.0788308804012096,0.12,0.4945080929782008,false,100.0,false,[]
1,child-f9d0c0c9a9ae419f6470a221,py-f996c906ee10788ea67a,f996c906ee10,4b81296e5dd75a57ec2747997355f69bfd8a5d1068302c364c372acc996e4530,evt-a66b7946554240d6a4bab2a82c7cd3cd,45729,Alpha,SIM,vehicle-adapter,2026-08-15T05:18:07.792985Z,3.349999999999982,3.3599999999999817,338,3.349999999999982,,fast-sim-Alpha,1,home,FLYING,true,true,true,simulated,98.12866696356367,-1.345761102564782,-2.674255358548795e-06,0.3867519911677273,-1.3518897526201354,-0.005609090697828361,0.3888261122819395,-0.00011616738101966217,-0.0017321827566444505,0.011379562184898884,-0.0008476089822147662,0.0011451110205884603,-5.2128619105054854e-08,,,,,99.24687482760703,4.192491598322321,4.03825378613376,2.056504162515785,false,,false,modeled_transport,SIMULATED_MODEL,100.0,30.0,0.0,0.00012923912518104583,0.0010268854997266784,9.84522041538105,-0.004934382585174683,0.016647324180160128,2.1089590672972022e-07,,,,,,-0.00011616904815607725,-0.0017321833849358263,0.0,0.38882650688632636,99.6513079330067,DEGRADED,3.349999999999982,4.0,3.349999999999982,3.3515800690502053,VALID,0.6492567856750895,VALID,2.0027551037465336,VALID,1.9944598179613844,VALID,2.114927115939329,VALID,0.3906085801738924,VALID,crazyflie-6dof,2.0.0,65.63163929206193,0.07875796715047431,62.734170041136295,2.533364996885777,0.07878699907214355,0.12,0.49395105743540046,false,100.0,false,65.64584767536084,0.07877501721043301,62.741207055655536,2.5336491693910315,0.07880993986450406,0.12,0.49411339380405783,false,100.0,false,65.66227785331557,0.07879473342397869,62.74934240824995,2.533977695575191,0.07883549117539974,0.12,0.4943011287669257,false,100.0,false,65.6480522138411,0.07877766265660932,62.74229875414983,2.5336932549468103,0.07881248221881448,0.12,0.49413858250940107,false,100.0,false,[]
1,child-f9d0c0c9a9ae419f6470a221,py-f996c906ee10788ea67a,f996c906ee10,4b81296e5dd75a57ec2747997355f69bfd8a5d1068302c364c372acc996e4530,evt-ef8a3de7311b44e981568e3ba1035820,45730,Alpha,SIM,vehicle-adapter,2026-08-15T05:18:07.810118Z,3.3599999999999817,3.3699999999999815,339,3.3599999999999817,,fast-sim-Alpha,1,home,FLYING,true,true,true,simulated,98.15091536075948,-1.3446227938345188,-0.0001939087637977061,0.38882423864938276,-1.3518894797783425,-0.005625348460268092,0.38894382363883484,1.1772870704861792e-05,-0.0016361782311797096,0.011771135689536694,-0.0008837926215741987,0.0013179002628234625,-2.0082927916562243e-07,,,,,99.24458620530908,4.19246874827607,4.037986743162966,2.0597600681561397,false,,false,modeled_transport,SIMULATED_MODEL,100.0,30.0,0.0,6.645095690636059e-05,0.0009745847312072741,9.845820695009113,-0.0036183456237723847,0.017278930667595095,8.832751154739766e-08,,,,,,1.1771303780513815e-05,-0.0016361788678162811,0.0,0.38894431330990836,99.6314384068174,DEGRADED,3.3599999999999817,4.0,3.3599999999999817,3.3515179861691458,VALID,0.6491131920180127,VALID,2.00301310865166,VALID,1.996295892375447,VALID,2.112941386666903,VALID,0.3898697207879062,VALID,crazyflie-6dof,2.0.0,65.70462232151195,0.07884554678581433,62.77071811019456,2.5346732758778514,0.07879412156046108,0.12,0.49473154747268266,false,100.0,false,65.71474467504966,0.07885769361005958,62.77572560560245,2.5348754778785865,0.07881437797588879,0.12,0.4948472207038649,false,100.0,false,65.74110403095001,0.07888932483714002,62.788761577887364,2.535401868711294,0.07884143551612269,0.12,0.4951484685004307,false,100.0,false,65.73098611606454,0.07887718333927744,62.78375845008718,2.5351998430739786,0.07882112920000728,0.12,0.49503283147916144,false,100.0,false,[]
1,child-f9d0c0c9a9ae419f6470a221,py-f996c906ee10788ea67a,f996c906ee10,4b81296e5dd75a57ec2747997355f69bfd8a5d1068302c364c372acc996e4530,evt-97f9d4cdb4eb4e7487d965f0a28f063d,45731,Alpha,SIM,vehicle-adapter,2026-08-15T05:18:07.820781Z,3.3699999999999815,3.3799999999999812,340,3.3699999999999815,,fast-sim-Alpha,1,home,FLYING,true,true,true,simulated,98.13427879394894,-1.3463080846837763,0.0009242522527847363,0.3890829120834931,-1.351887737152153,-0.005640621495887846,0.38906513585960456,0.0001561423200440495,-0.0015383048765148573,0.012131222076972037,-0.0009069456858613948,0.0014938327794859403,-3.581876964588528e-07,,,,,99.24230257891952,4.192445862053091,4.0383010807584885,2.055263750604675,false,,false,modeled_transport,SIMULATED_MODEL,100.0,30.0,0.0,-5.456604028898984e-06,0.0009205038955580249,9.842674495623054,-0.002315284306337178,0.01759325875004673,1.663285945416565e-08,,,,,,0.00015614096112907984,-0.0015383054532533995,0.0,0.3890657299795992,99.61112914171284,DEGRADED,3.3699999999999815,4.0,3.3699999999999815,3.351404191651895,VALID,0.646573488849425,VALID,2.004715268109125,VALID,1.9942092301828112,VALID,2.1111244565758343,VALID,0.38771270088373033,VALID,crazyflie-6dof,2.0.0,65.60796992455822,0.07872956390946986,62.72346304564957,2.5329622860616174,0.07877396544579743,0.12,0.4937153066074092,false,100.0,false,65.60231074881423,0.07872277289857707,62.72065861515232,2.532849034714538,0.078787500529282,0.12,0.49365065274734027,false,100.0,false,65.62557144683005,0.07875068573619606,62.732183887736085,2.5333144599218484,0.07881476829699065,0.12,0.493916408249626,false,100.0,false,65.63125807851763,0.07875750969422116,62.73500084266773,2.533428217043298,0.07880120389955816,0.12,0.49398138300029915,false,100.0,false,[]
1,child-f9d0c0c9a9ae419f6470a221,py-f996c906ee10788ea67a,f996c906ee10,4b81296e5dd75a57ec2747997355f69bfd8a5d1068302c364c372acc996e4530,evt-7e6673ef2d8840818a01da4d5623ba00,45732,Alpha,SIM,vehicle-adapter,2026-08-15T05:18:07.832685Z,3.3799999999999812,3.389999999999981,341,3.3799999999999812,,fast-sim-Alpha,1,home,FLYING,true,true,true,simulated,98.11795819604613,-1.3466923836833726,-0.0007114520595996859,0.388571001435648,-1.3518843567738978,-0.005654907205569973,0.3891897389085215,0.0003171898311036992,-0.0014399773884968606,0.012460304891692697,-0.0009154778368875934,0.001673256546668878,-5.216813231917006e-07,,,,,99.24001992441626,4.1924230257891955,4.038343846817037,2.0543890529379656,false,,false,modeled_transport,SIMULATED_MODEL,100.0,30.0,0.0,-8.660505064889482e-05,0.0008653550320343907,9.839576826397442,-0.0008531892126897418,0.01794238421546373,-3.297856044675841e-11,,,,,,0.0003171888205446394,-0.0014399778264470823,0.0,0.3891904468236156,99.589773760696,DEGRADED,3.3799999999999812,4.0,3.3799999999999812,3.3483049782270955,VALID,0.6476974498058531,VALID,2.0066082305766013,VALID,1.993005812717235,VALID,2.1130390077327195,VALID,0.3888467799580434,VALID,crazyflie-6dof,2.0.0,65.57087487495107,0.07868504984994128,62.70540882654596,2.532260018968286,0.07874835915527355,0.12,0.4933092918584767,false,100.0,false,65.5851658124445,0.0787021989749334,62.712493973394444,2.53254614156008,0.07876279118602565,0.12,0.49347254691909404,false,100.0,false,65.62126284836343,0.07874551541803611,62.73038268900041,2.533268549406028,0.07879404432162698,0.12,0.4938849574298341,false,100.0,false,65.6070228946779,0.07872842747361349,62.72332702488037,2.5329836174281843,0.07877960546273703,0.12,0.4937222567305608,false,100.0,false,[]
1,child-f9d0c0c9a9ae419f6470a221,py-f996c906ee10788ea67a,f996c906ee10,4b81296e5dd75a57ec2747997355f69bfd8a5d1068302c364c372acc996e4530,evt-b545fc0603ef4f73b6a81156a32b534a,45733,Alpha,SIM,vehicle-adapter,2026-08-15T05:18:07.843241Z,3.399999999999981,3.4099999999999806,343,3.399999999999981,,fast-sim-Alpha,1,home,FLYING,true,true,true,simulated,98.13138704941997,-1.3443625691466485,-0.0005847958316964651,0.3903373874307012,-1.3518719939060937,-0.005680567586381701,0.38944811668031576,0.0006906206361974621,-0.0012469173099447781,0.013066715318288402,-0.000895126097624482,0.0020452743745581156,-8.577255585928335e-07,,,,,99.23545321065872,4.192377365058001,4.0382549430111805,2.0549656272738424,false,,false,modeled_transport,SIMULATED_MODEL,100.0,30.0,0.0,-0.00027721137459240514,0.0007550150941108384,9.83623996842606,0.001620203641199027,0.018840532006697448,1.427703547337311e-07,,,,,,0.0006906208673666498,-0.0012469172171279807,0.0,0.3894490872643205,99.53984300958842,DEGRADED,3.399999999999981,4.0,3.399999999999981,3.3561299897938373,VALID,0.6459359725273542,VALID,2.0037504635538466,VALID,1.994401085724736,VALID,2.112022457914564,VALID,0.385147698969703,VALID,crazyflie-6dof,2.0.0,65.59009123354744,0.07870810948025693,62.71554714915663,2.532613682787325,0.07872525697008904,0.12,0.49352195649979425,false,100.0,false,65.60855591725382,0.07873026710070459,62.72469842384374,2.5329832345897256,0.07874286930703624,0.12,0.49373290764597916,false,100.0,false,65.62845856147656,0.07875415027377188,62.734559244923915,2.5333814396844176,0.07876949959863482,0.12,0.4939603077017075,false,100.0,false,65.61009181194535,0.07873211017433442,62.7254595024484,2.5330139688840987,0.07875192931677404,0.12,0.4937504554263617,false,100.0,false,[]
1,child-f9d0c0c9a9ae419f6470a221,py-f996c906ee10788ea67a,f996c906ee10,4b81296e5dd75a57ec2747997355f69bfd8a5d1068302c364c372acc996e4530,evt-aff0bae18c734822aea4c8426f905122,45734,Alpha,SIM,vehicle-adapter,2026-08-15T05:18:07.855763Z,3.4099999999999806,3.4199999999999804,344,3.4099999999999806,,fast-sim-Alpha,1,home,FLYING,true,true,true,simulated,98.12628684230216,-1.3456806024689167,0.0019794419065538903,0.3887636950489649,-1.351862662381064,-0.005691995627482631,0.3895813072187649,0.0009033910294156493,-0.0011543745818400517,0.013319053844912387,-0.0008686493930953038,0.0022343285855786123,-1.021400216002157e-06,,,,,99.23317437172176,4.192354532106587,4.038532903863839,2.050955043254579,false,,false,modeled_transport,SIMULATED_MODEL,100.0,30.0,0.0,-0.0003870846379406198,0.0007011963226250788,9.831911847759049,0.0026477054761733774,0.018905428242629703,3.0503510123572085e-07,,,,,,0.000903392222998256,-0.0011543740946331367,0.0,0.38958242663945325,99.51022651408283,DEGRADED,3.4099999999999806,4.0,3.4099999999999806,3.3492812530273457,VALID,0.6467314201291487,VALID,2.00708351798535,VALID,1.994446861233334,VALID,2.1104995051461573,VALID,0.38638957601630897,VALID,crazyflie-6dof,2.0.0,65.51742010824074,0.07862090412988888,62.67982544810351,2.5313453748060804,0.07869814238520836,0.12,0.4927646805223157,false,100.0,false,65.5022134972597,0.07860265619671165,62.67227772199507,2.5310405574036974,0.0787068430694223,0.12,0.4925909903112982,false,100.0,false,65.51282097545703,0.07861538517054843,62.677542891325544,2.5312531929995528,0.07873001826190794,0.12,0.4927121478038377,false,100.0,false,65.52814820151023,0.07863377784181229,62.68514914355554,2.531560373998612,0.0787213851483329,0.12,0.4928872246171277,false,100.0,false,[]
1,child-f9d0c0c9a9ae419f6470a221,py-f996c906ee10788ea67a,f996c906ee10,4b81296e5dd75a57ec2747997355f69bfd8a5d1068302c364c372acc996e4530,evt-22580ac8c65f444393c6b871e0ae5417,45735,Alpha,SIM,vehicle-adapter,2026-08-15T05:18:07.867154Z,3.4199999999999804,3.42999999999998,345,3.4199999999999804,,fast-sim-Alpha,1,home,FLYING,true,true,true,simulated,98.1325699372119,-1.3441021299248086,0.0008016750569394895,0.3900290703832723,-1.3518509994926922,-0.005702543555358822,0.38971691806052045,0.0011334255121013344,-0.0010660396643376467,0.013561084175556237,-0.0008292357258709928,0.0024230168237251437,-1.1763112662861886e-06,,,,,99.23089234931085,4.192331743717218,4.038295230981991,2.0538201698258107,false,,false,modeled_transport,SIMULATED_MODEL,100.0,30.0,0.0,-0.0005067443520132726,0.000649040116521114,9.830884582025192,0.003941402796622365,0.01886883022590791,5.274881939762853e-07,,,,,,0.0011334279513389412,-0.0010660386975967905,0.0,0.38971819607070546,99.47746348779579,DEGRADED,3.4199999999999804,4.0,3.4199999999999804,3.351897161110958,VALID,0.6490094887070083,VALID,2.0023184594071246,VALID,1.9948269856055187,VALID,2.1120902027628086,VALID,0.3883016329377162,VALID,crazyflie-6dof,2.0.0,65.56246243213431,0.07867495491856116,62.70226671144753,2.5321026463259937,0.0786890367999556,0.12,0.4932254574822204,false,100.0,false,65.56235831535786,0.07867482997842942,62.70221507838689,2.5321005612305685,0.07869554412461482,0.12,0.49322426814090464,false,100.0,false,65.60258414983439,0.07872310097980126,62.72215706607126,2.532905877568189,0.07872495291188782,0.12,0.49368381782755383,false,100.0,false,65.60282996711115,0.07872339596053338,62.722278889487036,2.532910797157379,0.07871853861240985,0.12,0.49368662637513183,false,100.0,false,[]
1,child-f9d0c0c9a9ae419f6470a221,py-f996c906ee10788ea67a,f996c906ee10,4b81296e5dd75a57ec2747997355f69bfd8a5d1068302c364c372acc996e4530,evt-59e5c39514b2462b87683f9e85baa4ed,45736,Alpha,SIM,vehicle-adapter,2026-08-15T05:18:07.877923Z,3.42999999999998,3.43999999999998,346,3.42999999999998,,fast-sim-Alpha,1,home,FLYING,true,true,true,simulated,98.13537235268112,-1.3466253397052625,0.0013133943139813902,0.38981062643882547,-1.3518368373163505,-0.005712267480602565,0.3898546505943859,0.0013802924719081425,-0.0009831028841844136,0.013773253386545337,-0.0007774607771858542,0.0026077842425380887,-1.3166642617314816e-06,,,,,99.22861339773897,4.192308923493108,4.038479692389236,2.051056414696994,false,,false,modeled_transport,SIMULATED_MODEL,100.0,30.0,0.0,-0.0006361435792931955,0.0005992517654724566,9.827902115768048,0.005177530174033361,0.01847674725309454,8.080060570786241e-07,,,,,,0.001380296466514093,-0.0009831013639172578,0.0,0.389856094032281,99.44206105398875,DEGRADED,3.42999999999998,4.0,3.42999999999998,3.3566749258658786,VALID,0.6482748601975252,VALID,2.007567899261017,VALID,1.9915414740726862,VALID,2.1111789053151786,VALID,0.39081213167466855,VALID,crazyflie-6dof,2.0.0,65.5171330841835,0.07862055970102019,62.68004985937564,2.5313210847503336,0.07867056235932438,0.12,0.49275733010813716,false,100.0,false,65.49634561756567,0.07859561474107879,62.6697315181315,2.530904380634597,0.07866925381681908,0.12,0.4925199020380492,false,100.0,false,65.51823767729253,0.07862188521275104,62.68059805064051,2.5313432233432405,0.07869788188235,0.12,0.49276994709265043,false,100.0,false,65.53918581591574,0.0786470229790989,62.69099237169078,2.5317629958880175,0.07869930824213141,0.12,0.49300923545815745,false,100.0,false,[]
1,child-f9d0c0c9a9ae419f6470a221,py-f996c906ee10788ea67a,f996c906ee10,4b81296e5dd75a57ec2747997355f69bfd8a5d1068302c364c372acc996e4530,evt-45b14df6a5e94bcb96afcba89191ab3e,45737,Alpha,SIM,vehicle-adapter,2026-08-15T05:18:07.889424Z,3.43999999999998,3.4499999999999797,347,3.43999999999998,,fast-sim-Alpha,1,home,FLYING,true,true,true,simulated,98.11896871705389,-1.3462986084681097,0.0014359139981939446,0.39074262877539495,-1.3518200109651164,-0.005721235111741438,0.3899942941159682,0.0016436594907266462,-0.0009067291529141773,0.013964352158229998,-0.0007134769986400357,0.0027902852050941335,-1.441285903274914e-06,,,,,99.22633421388255,4.192286133977389,4.038441223670473,2.0512654707729268,false,,false,modeled_transport,SIMULATED_MODEL,100.0,30.0,0.0,-0.0007750025253325417,0.0005524987024771409,9.825798860080052,0.006398411492537847,0.018250100534712134,1.1427623868311312e-06,,,,,,0.0016436653909990301,-0.0009067270147144059,0.0,0.3899959115721222,99.40397285206716,DEGRADED,3.43999999999998,4.0,3.43999999999998,3.351087473244773,VALID,0.6482466066762081,VALID,2.008439809013567,VALID,1.995255317372164,VALID,2.1086793868287783,VALID,0.38750251863500307,VALID,crazyflie-6dof,2.0.0,65.50534652266798,0.07860641582720157,62.67431795124671,2.5310654927974503,0.07865287694631481,0.12,0.49261637987749785,false,100.0,false,65.51598562262492,0.07861918274714991,62.67959858261949,2.5312787479916787,0.07865506602242933,0.12,0.4927378964296984,false,100.0,false,65.5402756767866,0.07864833081214392,62.691651277420135,2.5317654889870713,0.07868382228435968,0.12,0.4930153531903352,false,100.0,false,65.52981330816533,0.0786357759697984,62.6864604558683,2.5315558607096746,0.07868177444387912,0.12,0.49289584127539515,false,100.0,false,[]
1,child-f9d0c0c9a9ae419f6470a221,py-f996c906ee10788ea67a,f996c906ee10,4b81296e5dd75a57ec2747997355f69bfd8a5d1068302c364c372acc996e4530,evt-a6309de4df4a4b9fa3b9002af72aaaa6,45738,Alpha,SIM,vehicle-adapter,2026-08-15T05:18:07.901416Z,3.4499999999999797,3.4599999999999795,348,3.4499999999999797,,fast-sim-Alpha,1,home,FLYING,true,true,true,simulated,98.14558873990984,-1.3448996176589316,-0.0008324379027234647,0.3885072264272854,-1.3518003585002616,-0.005729525269573481,0.3901355256587859,0.001923268985654063,-0.0008380275305271352,0.014123154281769912,-0.0006378509496256766,0.0029711473491049046,-1.5482221539681587e-06,,,,,99.22405731726478,4.192263342138825,4.038572820439898,2.0492069559952766,false,,false,modeled_transport,SIMULATED_MODEL,100.0,30.0,0.0,-0.0009231406863936982,0.0005094397409512843,9.822573148097117,0.007562635710297685,0.018086217560200058,1.5266243023657452e-06,,,,,,0.00192327718399183,-0.0008380247233552593,0.0,0.39013732703247295,99.36336877023442,DEGRADED,3.4499999999999797,4.0,3.4499999999999797,3.3533302308327246,VALID,0.6509938817404729,VALID,2.0058803416119835,VALID,1.9901077753087075,VALID,2.1115645477837854,VALID,0.39142012489646694,VALID,crazyflie-6dof,2.0.0,65.46099695731627,0.07855319634877952,62.652436890084104,2.5302642875861965,0.0786276728931787,0.12,0.49214404812541557,false,100.0,false,65.46719158066148,0.07856062989679377,62.65551391582971,2.5303885555116366,0.07863116527430658,0.12,0.4922147922421577,false,100.0,false,65.4885170000863,0.07858622040010357,62.6661043805416,2.5308162591410492,0.07865913454838254,0.12,0.49245834980528796,false,100.0,false,65.48251214216495,0.07857901457059793,62.66312267207248,2.5306958406732303,0.07865580489385243,0.12,0.49238976582241517,false,100.0,false,[]
1,child-f9d0c0c9a9ae419f6470a221,py-f996c906ee10788ea67a,f996c906ee10,4b81296e5dd75a57ec2747997355f69bfd8a5d1068302c364c372acc996e4530,evt-a2420ec158274f96b7cbb4057925bbd0,45739,Alpha,SIM,vehicle-adapter,2026-08-15T05:18:07.914131Z,3.4699999999999793,3.479999999999979,350,3.4699999999999793,,fast-sim-Alpha,1,home,FLYING,true,true,true,simulated,98.1066110361433,-1.3439942781774983,0.0010039862264215526,0.3894158350384239,-1.3517519431576335,-0.005744416771810989,0.3904230410829542,0.0025297172283046923,-0.0007261845720330175,0.014460458680087829,-0.0004677416098604292,0.0033242340121324705,-1.700266319428985e-06,,,,,99.21949473881791,4.192217756720901,4.038254760850217,2.052839944952249,false,,false,modeled_transport,SIMULATED_MODEL,100.0,30.0,0.0,-0.0012466136551022786,0.00043673468885634115,9.823638907364113,0.008782270806912884,0.017587887613437103,2.4153950225750597e-06,,,,,,0.0025297313113103958,-0.0007261803502766377,0.0,0.3904252409930444,99.2759593890863,DEGRADED,3.4699999999999793,4.0,3.4699999999999793,3.3534866978700086,VALID,0.6489602669531098,VALID,2.0055644098426164,VALID,1.994461090187048,VALID,2.1074919408122548,VALID,0.39024649515643856,VALID,crazyflie-6dof,2.0.0,65.54867729419288,0.07865841275303145,62.696288924658774,2.53183587237644,0.07864379387078892,0.12,0.49307825208198436,false,100.0,false,65.56455159197633,0.07867746191037159,62.70416208662418,2.5321538107143375,0.07864778164102226,0.12,0.4932595857904379,false,100.0,false,65.57163879427422,0.07868596655312907,62.70767645422063,2.532295729831115,0.07866301317948406,0.12,0.49334054806025923,false,100.0,false,65.55597029152212,0.07866716434982654,62.69990628254942,2.5319819505036762,0.07865922337379228,0.12,0.49316155901956776,false,100.0,false,[]
1,child-f9d0c0c9a9ae419f6470a221,py-f996c906ee10788ea67a,f996c906ee10,4b81296e5dd75a57ec2747997355f69bfd8a5d1068302c364c372acc996e4530,evt-5df682942bf7411a86bd903f4fbca301,45740,Alpha,SIM,vehicle-adapter,2026-08-15T05:18:07.924936Z,3.479999999999979,3.489999999999979,351,3.479999999999979,,fast-sim-Alpha,1,home,FLYING,true,true,true,simulated,98.12852117111387,-1.3462437108122214,0.0011903042732816426,0.3885839321823309,-1.351722874093723,-0.005751201025552584,0.39056922860288573,0.0028557780111202447,-0.0006839229851492022,0.014618751993150658,-0.00037581947531410893,0.003495111945371169,-1.7432898559649662e-06,,,,,99.21721547674528,4.192194947388179,4.03834475748555,2.05133586537529,false,,false,modeled_transport,SIMULATED_MODEL,100.0,30.0,0.0,-0.0014215831207906315,0.00040772835740909494,9.822535204658578,0.009192228130695297,0.017087793678186747,2.904970269337403e-06,,,,,,0.002855795747953914,-0.0006839180549977129,0.0,0.3905716417565095,99.22990093959044,DEGRADED,3.479999999999979,4.0,3.479999999999979,3.353630676611716,VALID,0.6507587064259659,VALID,2.0054778865972613,VALID,1.9916641670158617,VALID,2.1082991649596137,VALID,0.3868830262086023,VALID,crazyflie-6dof,2.0.0,65.53540840260709,0.0786424900831285,62.68996620483862,2.5316369637025637,0.07864126357658083,0.12,0.4929538512111669,false,100.0,false,65.51151213818481,0.07861381456582177,62.67810785528544,2.5311580826650584,0.07863713506598857,0.12,0.4926809044870539,false,100.0,false,65.51431242992354,0.07861717491590824,62.6794977220795,2.5312142102778723,0.07864941619367687,0.12,0.49271288822658765,false,100.0,false,65.53841729562441,0.0786461007547493,62.69145901465476,2.531697248509513,0.0786537556694502,0.12,0.4929882214504816,false,100.0,false,[]
1,child-f9d0c0c9a9ae419f6470a221,py-f996c906ee10788ea67a,f996c906ee10,4b81296e5dd75a57ec2747997355f69bfd8a5d1068302c364c372acc996e4530,evt-83bbd58ce1f6432e877a1f94fbd29b06,45741,Alpha,SIM,vehicle-adapter,2026-08-15T05:18:07.935292Z,3.489999999999979,3.4999999999999787,352,3.489999999999979,,fast-sim-Alpha,1,home,FLYING,true,true,true,simulated,98.12815721783211,-1.347463549350716,0.0013268085517786615,0.39045184285435114,-1.3516903682428054,-0.005757670763444232,0.39071703018299586,0.0031964151987068147,-0.0006511318003037093,0.014780158011012956,-0.00028110927625820276,0.0036621695761118013,-1.7640292321652395e-06,,,,,99.21493455737922,4.192172154767453,4.038210097559636,2.05282742945126,false,,false,modeled_transport,SIMULATED_MODEL,100.0,30.0,0.0,-0.0016050104244746191,0.0003839246163226404,9.82285108945473,0.009471027334532119,0.016705762911674492,3.4133237227908707e-06,,,,,,0.003196437111465943,-0.0006511261874596325,0.0,0.3907196656834357,99.18256658594463,DEGRADED,3.489999999999979,4.0,3.489999999999979,3.3551277122485423,VALID,0.6507634645821461,VALID,2.0016867477717124,VALID,1.9909256388803884,VALID,2.106435537290534,VALID,0.3908240110974076,VALID,crazyflie-6dof,2.0.0,65.55706254389474,0.07866847505267369,62.70088692851603,2.5319935472067843,0.07864466951988143,0.12,0.49317362758481476,false,100.0,false,65.56169713535395,0.07867403656242475,62.70318545404372,2.5320863664967383,0.07864294881950122,0.12,0.4932265694834514,false,100.0,false,65.56277660722655,0.07867533192867185,62.70372079284547,2.532107984602287,0.07865249964753837,0.12,0.49323890068269177,false,100.0,false,65.55834976847204,0.07867001972216645,62.701525345153996,2.5320193278119234,0.07865444082395309,0.12,0.49318833170030213,false,100.0,false,[]
1,child-f9d0c0c9a9ae419f6470a221,py-f996c906ee10788ea67a,f996c906ee10,4b81296e5dd75a57ec2747997355f69bfd8a5d1068302c364c372acc996e4530,evt-c85ee41afded4bf2b1fe946ceb12025a,45742,Alpha,SIM,vehicle-adapter,2026-08-15T05:18:07.946008Z,3.4999999999999787,3.5099999999999785,353,3.4999999999999787,,fast-sim-Alpha,1,home,FLYING,true,true,true,simulated,98.1249404198067,-1.345104332873579,0.0012190551422074326,0.3889723434205188,-1.351654282522612,-0.005763922396041022,0.3908661607646757,0.0035514262569113723,-0.0006279230036188969,0.014913058167981275,-0.00018489380054718187,0.0038284481036884982,-1.7634573722431964e-06,,,,,99.21265794963313,4.192149345573792,4.038478322710967,2.048946971478102,false,,false,modeled_transport,SIMULATED_MODEL,100.0,30.0,0.0,-0.0017966123331072392,0.00036545798606127194,9.8200053387916,0.00962154736434595,0.016627852350537282,3.931500841057129e-06,,,,,,0.003551452946565104,-0.0006279167515619981,0.0,0.3908690319288062,99.13361699943701,DEGRADED,3.4999999999999787,4.0,3.4999999999999787,3.349675535760229,VALID,0.6503637885709012,VALID,2.007164740453816,VALID,1.9931602778873623,VALID,2.113330701425153,VALID,0.38885624339128083,VALID,crazyflie-6dof,2.0.0,65.45923723173549,0.07855108467808258,62.65260146560421,2.5302117288029193,0.07862072392799378,0.12,0.4921256450502102,false,100.0,false,65.47973819098762,0.07857568582918514,62.662784070332265,2.5306229510875493,0.07862554446050332,0.12,0.4923597766632222,false,100.0,false,65.4785913348172,0.07857430960178063,62.662214530399474,2.5305999503408243,0.07863237968643817,0.12,0.49234667836261364,false,100.0,false,65.45829382447718,0.07854995258937261,62.65213280235042,2.530192801939009,0.07862778550724692,0.12,0.49211487140205606,false,100.0,false,[]
1,child-f9d0c0c9a9ae419f6470a221,py-f996c906ee10788ea67a,f996c906ee10,4b81296e5dd75a57ec2747997355f69bfd8a5d1068302c364c372acc996e4530,evt-0bbc6ed5bfc24fc79f663ddafe0df6af,45743,Alpha,SIM,vehicle-adapter,2026-08-15T05:18:07.956745Z,3.5099999999999785,3.5199999999999783,354,3.5099999999999785,,fast-sim-Alpha,1,home,FLYING,true,true,true,simulated,98.12985812948958,-1.3459564113895457,0.0013352889637155098,0.38984207887261,-1.3516144761626614,-0.005770051566409862,0.3910166242345106,0.003920506606800678,-0.000614254857647489,0.01504634698349383,-8.88274998805749e-05,0.003992118677989046,-1.7413527468602129e-06,,,,,99.21037823426113,4.192126579496332,4.038245791885387,2.051743834798975,false,,false,modeled_transport,SIMULATED_MODEL,100.0,30.0,0.0,-0.0019963180198911273,0.0003523966493458393,9.820049233093098,0.009606621430535815,0.016367057029665077,4.450451750791047e-06,,,,,,0.003920538699405006,-0.0006142480330849171,0.0,0.3910197416160637,99.08349118992906,DEGRADED,3.5099999999999785,4.0,3.5099999999999785,3.350732895984925,VALID,0.6454421707144526,VALID,2.0053019527456826,VALID,1.9940874152133488,VALID,2.108696962422049,VALID,0.388331567108532,VALID,crazyflie-6dof,2.0.0,65.54274555169908,0.07865129466203889,62.694113460824376,2.5317423985915903,0.078625496172756,0.12,0.49302604668697675,false,100.0,false,65.5331835826316,0.0786398202991579,62.6893695005722,2.531550825816338,0.07862626771357262,0.12,0.4929168248048324,false,100.0,false,65.52687374301267,0.0786322484916152,62.686238602381,2.531424392451884,0.07862952289993753,0.12,0.4928447532048009,false,100.0,false,65.5366316691634,0.07864395800299608,62.69108027908469,2.531619911257627,0.078628979884742,0.12,0.492956210102365,false,100.0,false,[]
1,child-f9d0c0c9a9ae419f6470a221,py-f996c906ee10788ea67a,f996c906ee10,4b81296e5dd75a57ec2747997355f69bfd8a5d1068302c364c372acc996e4530,evt-6db0b5e5dcdb4281a5add1166c76216e,45744,Alpha,SIM,vehicle-adapter,2026-08-15T05:18:07.967636Z,3.5199999999999783,3.529999999999978,355,3.5199999999999783,,fast-sim-Alpha,1,home,FLYING,true,true,true,simulated,98.12632077759733,-1.346272911252475,0.0020132504957432913,0.38957905527186937,-1.3515708122250578,-0.005776151760013034,0.39116827379460767,0.004303334111558932,-0.0006099343872644333,0.015164956009705577,5.589551599434542e-06,0.004153328147346767,-1.6984493397726946e-06,,,,,99.20810059358193,4.1921037823426115,4.03836303649501,2.049876611283117,false,,false,modeled_transport,SIMULATED_MODEL,100.0,30.0,0.0,-0.0022039371371754476,0.00034471467109967614,9.818586433047486,0.00944168768169217,0.016120946796129198,4.961242417348112e-06,,,,,,0.004303372278477324,-0.0006099270782781009,0.0,0.39117164767767487,99.03230170956691,DEGRADED,3.5199999999999783,4.0,3.5199999999999783,3.350084747187203,VALID,0.6478039913132861,VALID,2.004309808396457,VALID,1.9960309115224906,VALID,2.1073891557338014,VALID,0.3933724084534358,VALID,crazyflie-6dof,2.0.0,65.49455393583416,0.078593464723001,62.67042576279479,2.5308593088187505,0.07861594403690336,0.12,0.49250845413807415,false,100.0,false,65.49594086950152,0.07859512904340182,62.67111434762644,2.530887116374067,0.07861693739975288,0.12,0.49252429464438513,false,100.0,false,65.48757894134671,0.07858509472961606,62.66696257822788,2.5307194528533152,0.07861689016892622,0.12,0.49242879262574124,false,100.0,false,65.48637738263359,0.0785836528591603,62.6663659468233,2.5306953587112084,0.0786161238145393,0.12,0.4924150698749166,false,100.0,false,[]
1,child-f9d0c0c9a9ae419f6470a221,py-f996c906ee10788ea67a,f996c906ee10,4b81296e5dd75a57ec2747997355f69bfd8a5d1068302c364c372acc996e4530,evt-5c84d1473f8846b2aa01b4bb9544a1b5,45745,Alpha,SIM,vehicle-adapter,2026-08-15T05:18:07.973653Z,3.529999999999978,3.539999999999978,356,3.529999999999978,,fast-sim-Alpha,1,home,FLYING,true,true,true,simulated,98.10711932814769,-1.345616688312984,0.0010745483155330257,0.3925542940331909,-1.3515231560553151,-0.005782313918568738,0.39132102806850877,0.004699649648225768,-0.0006147171592494555,0.015275427390110119,9.797322020918284e-05,0.004312759604822246,-1.6356416500630425e-06,,,,,99.2058225137177,4.19208100593582,4.038310615098496,2.0502718778056113,false,,false,modeled_transport,SIMULATED_MODEL,100.0,30.0,0.0,-0.0024192852435021978,0.0003422951014721296,9.817778022540859,0.00923834028085405,0.015943146102177286,5.45515453305892e-06,,,,,,0.004699694620258351,-0.0006147094752561497,0.0,0.39132466923992404,98.98005923446776,DEGRADED,3.529999999999978,4.0,3.529999999999978,3.3538388998513846,VALID,0.6470659749413064,VALID,2.0045020653479586,VALID,1.9940469530405214,VALID,2.111277058884842,VALID,0.3948424564439345,VALID,crazyflie-6dof,2.0.0,65.49930906523925,0.07859917087828709,62.67291576043771,2.530927009945494,0.07860977272424474,0.12,0.49255341450148815,false,100.0,false,65.5048469755594,0.07860581637067128,62.67566491752281,2.5310380294478874,0.07861217049849405,0.12,0.49261666466036996,false,100.0,false,65.5017718142737,0.07860212617712843,62.674138361667765,2.530976382380748,0.07861121805927057,0.12,0.4925815421006607,false,100.0,false,65.49640583919862,0.07859568700703833,62.67147442595875,2.5308688043822314,0.07860904214407924,0.12,0.49252025654309245,false,100.0,false,[]
1,child-f9d0c0c9a9ae419f6470a221,py-f996c906ee10788ea67a,f996c906ee10,4b81296e5dd75a57ec2747997355f69bfd8a5d1068302c364c372acc996e4530,evt-979d4c351ae04ee4b1fc3085114c7afe,45746,Alpha,SIM,vehicle-adapter,2026-08-15T05:18:07.989204Z,3.539999999999978,3.5499999999999776,357,3.539999999999978,,fast-sim-Alpha,1,home,FLYING,true,true,true,simulated,98.07912293176967,-1.3464411576558004,-0.0020230272289904795,0.3906177526663402,-1.351471378089009,-0.005788624123543652,0.3914743484923031,0.0051091610698739305,-0.000628163846642222,0.01533204237943453,0.00018603166565040998,0.004469887495594182,-1.5540893955921032e-06,,,,,99.20355114746246,4.192058225137177,4.038741002907484,2.0442296297069475,false,,false,modeled_transport,SIMULATED_MODEL,100.0,30.0,0.0,-0.002642226248925572,0.00034501657001335864,9.81239781929711,0.008805808737694326,0.015712790124380607,5.923892333060838e-06,,,,,,0.0051092136091147045,-0.0006281559174179653,0.0,0.39147826610699465,98.92697044020302,DEGRADED,3.539999999999978,4.0,3.539999999999978,3.3528567443144808,VALID,0.6506535037655208,VALID,2.0070256989873956,VALID,1.998996278604513,VALID,2.1090461721658547,VALID,0.3852246556223711,VALID,crazyflie-6dof,2.0.0,65.36911673949248,0.07844294008739097,62.60837489729335,2.5285901082310227,0.07857041149676089,0.12,0.4911714156217365,false,100.0,false,65.36699789419983,0.0784403974730398,62.60732071233194,2.5285475324307396,0.07857158136319325,0.12,0.4911472240191321,false,100.0,false,65.34906698921884,0.0784188803870626,62.59839810285454,2.5281871713432467,0.07856551721933877,0.12,0.49094251041597536,false,100.0,false,65.35134172505644,0.07842161007006773,62.599530182429866,2.528232893105241,0.07856456057377226,0.12,0.4909684796501036,false,100.0,false,[]
1,child-f9d0c0c9a9ae419f6470a221,py-f996c906ee10788ea67a,f996c906ee10,4b81296e5dd75a57ec2747997355f69bfd8a5d1068302c364c372acc996e4530,evt-fb5fe0f5c30244afb254e8d2ba9e92de,45747,Alpha,SIM,vehicle-adapter,2026-08-15T05:18:08.001053Z,3.5499999999999776,3.5599999999999774,358,3.5499999999999776,,fast-sim-Alpha,1,home,FLYING,true,true,true,simulated,98.10072669061128,-1.3465841009101263,0.0020113244329810973,0.39085799217979855,-1.3514153489276262,-0.005795156598948973,0.3916281268943787,0.005531662515025343,-0.0006492041873815203,0.015377840207558835,0.0002624845100432221,0.004625745033768088,-1.4555401696575769e-06,,,,,99.20127559689575,4.192035511474625,4.0384358482219795,2.0479955100378118,false,,false,modeled_transport,SIMULATED_MODEL,100.0,30.0,0.0,-0.00287258641154646,0.0003526775279745686,9.811321709198346,0.007645239624782165,0.015585755678434522,6.3595891410002655e-06,,,,,,0.0055317234306724635,-0.0006491961581880336,0.0,0.39163233035787454,98.87304084688415,DEGRADED,3.5499999999999776,4.0,3.5499999999999776,3.3501062960108734,VALID,0.648647984065486,VALID,2.005257840889432,VALID,1.9923951452055597,VALID,2.108687630899484,VALID,0.39135924050701487,VALID,crazyflie-6dof,2.0.0,65.47364792061407,0.07856837750473689,62.66016518982889,2.53049057358116,0.07856906604052251,0.12,0.4922895732807118,false,100.0,false,65.48192210142018,0.07857830652170422,62.664274348852345,2.5306565193322235,0.07857241258477428,0.12,0.49238407206590795,false,100.0,false,65.42266494439718,0.07850719793327662,62.63483339831551,2.5294675654316863,0.07855018463667592,0.12,0.4917073832326696,false,100.0,false,65.41452828891869,0.07849743394670242,62.63078858030045,2.529304218050971,0.07854703933398484,0.12,0.4916144814585224,false,100.0,false,[]
1,child-f9d0c0c9a9ae419f6470a221,py-f996c906ee10788ea67a,f996c906ee10,4b81296e5dd75a57ec2747997355f69bfd8a5d1068302c364c372acc996e4530,evt-7fe80f1d6ed041c19b644605d5a21aad,45748,Alpha,SIM,vehicle-adapter,2026-08-15T05:18:08.011283Z,3.5599999999999774,3.569999999999977,359,3.5599999999999774,,fast-sim-Alpha,1,home,FLYING,true,true,true,simulated,98.11572952884251,-1.3469981802908007,0.0020810288047846803,0.3923464512103896,-1.351354940242824,-0.005801975174288873,0.3917822384443595,0.0059670439924455485,-0.000676780758387468,0.015411154998079546,0.0003287984748070255,0.004781371113173687,-1.3419786692117956e-06,,,,,99.19900064351918,4.192012755968958,4.038453403050893,2.047458038913704,false,,false,modeled_transport,SIMULATED_MODEL,100.0,30.0,0.0,-0.003110245924885284,0.0003645984517685989,9.810079154657444,0.006631343064695993,0.01556261065772008,6.7550713881279756e-06,,,,,,0.005967114173110433,-0.0006767727873235263,0.0,0.39178673803147146,98.81821346529408,DEGRADED,3.5599999999999774,4.0,3.5599999999999774,3.348764114760094,VALID,0.652265683169171,VALID,2.0102032518394757,VALID,1.9957870877068984,VALID,2.1089166684931344,VALID,0.3905876224113393,VALID,crazyflie-6dof,2.0.0,65.43536115728057,0.07852243338873668,62.641211936808325,2.529736155174358,0.07855684190863725,0.12,0.4918580372761519,false,100.0,false,65.44561903530092,0.07853474284236112,62.646309396093315,2.5299420136923216,0.07856241577999386,0.12,0.49197517263080026,false,100.0,false,65.43643598056366,0.07852372317667639,62.64174609056072,2.5297577267247493,0.07854297348727432,0.12,0.49187031048084895,false,100.0,false,65.42629530454154,0.07851155436544985,62.63670611196272,2.529554189537545,0.07853758579538152,0.12,0.4917545185259029,false,100.0,false,[]
1,child-f9d0c0c9a9ae419f6470a221,py-f996c906ee10788ea67a,f996c906ee10,4b81296e5dd75a57ec2747997355f69bfd8a5d1068302c364c372acc996e4530,evt-f8e97c43bb874af6bcd023fab684fdf0,45749,Alpha,SIM,vehicle-adapter,2026-08-15T05:18:08.024335Z,3.579999999999977,3.5899999999999768,361,3.579999999999977,,fast-sim-Alpha,1,home,FLYING,true,true,true,simulated,98.12263800747886,-1.3460190772934024,-0.00044248076245090827,0.391744150578224,-1.3512204748274037,-0.005816676331840797,0.3920904471120999,0.0068762854502592025,-0.000747535274893296,0.015409567534002688,0.0004308715796838419,0.005092675077061198,-1.0777648389420449e-06,,,,,99.19445417650287,4.191967290362741,4.0384142558075204,2.047373794068917,false,,false,modeled_transport,SIMULATED_MODEL,100.0,30.0,0.0,-0.0036073303359119985,0.0003989610139935717,9.806586365200495,0.004471590754152588,0.015441149956049402,7.400647333535264e-06,,,,,,0.006876377066601541,-0.0007475279332635792,0.0,0.3920955680627971,98.70607133368274,DEGRADED,3.579999999999977,4.0,3.579999999999977,3.351326769314543,VALID,0.6486172621552614,VALID,2.002610142923829,VALID,1.9916863530233713,VALID,2.1070029184464434,VALID,0.3923348204745304,VALID,crazyflie-6dof,2.0.0,65.46634611910982,0.07855961534293178,62.656553705692275,2.530331197048372,0.07853465662328363,0.12,0.4922014627327633,false,100.0,false,65.44622542723214,0.07853547051267855,62.64655772680444,2.5299275180119585,0.07853530617550437,0.12,0.49197169260688955,false,100.0,false,65.4036039609141,0.07848432475309693,62.62537235112669,2.529071964780442,0.07850965140674573,0.12,0.4914850459299097,false,100.0,false,65.42379679123262,0.07850855614947914,62.6354112377508,2.529477376608994,0.07850914986699685,0.12,0.4917155927993546,false,100.0,false,[]
1,child-f9d0c0c9a9ae419f6470a221,py-f996c906ee10788ea67a,f996c906ee10,4b81296e5dd75a57ec2747997355f69bfd8a5d1068302c364c372acc996e4530,evt-d2457ad5cff945ffb34f5897036ba8d7,45750,Alpha,SIM,vehicle-adapter,2026-08-15T05:18:08.033817Z,3.5899999999999768,3.5999999999999766,362,3.5899999999999768,,fast-sim-Alpha,1,home,FLYING,true,true,true,simulated,98.0947282622939,-1.3456018800507803,0.0007958348194075709,0.3938742127990609,-1.3511461693116593,-0.00582462786639973,0.3922443716967774,0.007349612869166373,-0.0007880451244169261,0.015392458467750059,0.0004606303470227085,0.005245027871843677,-9.334453623716734e-07,,,,,99.19218127612923,4.191944541765029,4.038523766543074,2.045610336275965,false,,false,modeled_transport,SIMULATED_MODEL,100.0,30.0,0.0,-0.003866638399608921,0.000420226215036369,9.805054529252157,0.002975802137844279,0.01523528442879343,7.640613184448277e-06,,,,,,0.007349716604953516,-0.0007880383475576464,0.0,0.3922498087560442,98.64953041751512,DEGRADED,3.5899999999999768,4.0,3.5899999999999768,3.3493465848195814,VALID,0.6457916571869617,VALID,2.0052217380917936,VALID,1.990889250943123,VALID,2.110030389080027,VALID,0.3918373990321598,VALID,crazyflie-6dof,2.0.0,65.41233079507006,0.07849479695408407,62.629795097051556,2.529319159931656,0.07852478913130026,0.12,0.49161227620480386,false,100.0,false,65.41562820157961,0.07849875384189553,62.63143440073856,2.5293853636006616,0.07852626063462657,0.12,0.49164992654559486,false,100.0,false,65.3755732479622,0.07845068789755463,62.61151504568389,2.528580915712636,0.07849503614204971,0.12,0.49119261266977754,false,100.0,false,65.37232413334189,0.07844678896001026,62.60989867958274,2.5285156383834875,0.07849369026873859,0.12,0.49115552085578834,false,100.0,false,[]
1,child-f9d0c0c9a9ae419f6470a221,py-f996c906ee10788ea67a,f996c906ee10,4b81296e5dd75a57ec2747997355f69bfd8a5d1068302c364c372acc996e4530,evt-0bfde49df23b4abe8ea1e1a67bf8b752,45751,Alpha,SIM,vehicle-adapter,2026-08-15T05:18:08.044780Z,3.5999999999999766,3.6099999999999763,363,3.5999999999999766,,fast-sim-Alpha,1,home,FLYING,true,true,true,simulated,98.05791228834853,-1.3485522522749562,0.0029108017197779657,0.3917220695474617,-1.3510669896522038,-0.0058330017426410944,0.3923976757202235,0.007835026653163414,-0.0008300676022132922,0.015330402344609917,0.0004761476094753901,0.0053950513618308505,-7.849695071355305e-07,,,,,99.18991308880577,4.191921812761293,4.03881916842562,2.041368591120571,false,,false,modeled_transport,SIMULATED_MODEL,100.0,30.0,0.0,-0.0041329132642753535,0.0004431372017847197,9.800565620601894,0.0015516472559284815,0.015002354335984609,7.820439148078509e-06,,,,,,0.007835143463859603,-0.0008300615460503677,0.0,0.39240343094866886,98.59277623512756,DEGRADED,3.5999999999999766,4.0,3.5999999999999766,3.35184308063319,VALID,0.6492249822790743,VALID,2.004158809971535,VALID,1.9962574161988387,VALID,2.1059235205673055,VALID,0.39145159373350585,VALID,crazyflie-6dof,2.0.0,65.30686493551505,0.07836823792261806,62.57731243811856,2.5273844898363222,0.07848866031186091,0.12,0.4904773129384883,false,100.0,false,65.30579104940374,0.07836694925928449,62.5767776035685,2.527362888835995,0.07848944577790763,0.12,0.4904650550538193,false,100.0,false,65.28316855577746,0.07833980226693295,62.56550856109817,2.5269077525886052,0.078459233095008,0.12,0.49020684506002704,false,100.0,false,65.28426666419533,0.0783411199970344,62.56605566430334,2.526929849097727,0.07845854926245854,0.12,0.49021937806823623,false,100.0,false,[]
1,child-f9d0c0c9a9ae419f6470a221,py-f996c906ee10788ea67a,f996c906ee10,4b81296e5dd75a57ec2747997355f69bfd8a5d1068302c364c372acc996e4530,evt-6b74088a0e934981b3ab4b03a0e3b5ff,45752,Alpha,SIM,vehicle-adapter,2026-08-15T05:18:08.055109Z,3.6099999999999763,3.619999999999976,364,3.6099999999999763,,fast-sim-Alpha,1,home,FLYING,true,true,true,simulated,98.04190329240764,-1.3464246626289995,0.002316656416900989,0.393131461407626,-1.350982813611458,-0.005841801244804941,0.39255036226427703,0.00833263979281518,-0.0008725693272788708,0.015268654405353743,0.0004819181097569605,0.0055476161407180735,-6.325047239861405e-07,,,,,99.18764011059162,4.191899130888058,4.03847310143167,2.045680392740002,false,,false,modeled_transport,SIMULATED_MODEL,100.0,30.0,0.0,-0.004405948808851465,0.0004668600744386067,9.800602488259795,0.0005769666100032078,0.015256483471362147,7.937894439809951e-06,,,,,,0.00833277090203969,-0.0008725641581690217,0.0,0.3925564485001628,98.53495894204858,DEGRADED,3.6099999999999763,4.0,3.6099999999999763,3.3512854552846374,VALID,0.6511800182864478,VALID,2.0060378787729958,VALID,1.988786908237798,VALID,2.1098046922674554,VALID,0.39211586550997746,VALID,crazyflie-6dof,2.0.0,65.37581238274679,0.07845097485929614,62.61140453592048,2.528544730611717,0.07847872467230813,0.12,0.4911782133459495,false,100.0,false,65.41202661447849,0.07849443193737418,62.629414332491706,2.5292720514018687,0.0784901144970866,0.12,0.49159165421386175,false,100.0,false,65.41818657579545,0.07850182389095453,62.63247668526356,2.529395723694831,0.07846924733419276,0.12,0.4916619867425826,false,100.0,false,65.38197276243015,0.07845836731491618,62.61446893299145,2.5286684854631494,0.07845793400945891,0.12,0.49124853843760763,false,100.0,false,[]
1,child-f9d0c0c9a9ae419f6470a221,py-f996c906ee10788ea67a,f996c906ee10,4b81296e5dd75a57ec2747997355f69bfd8a5d1068302c364c372acc996e4530,evt-70917bc0fae74e568793fe4066522d59,45753,Alpha,SIM,vehicle-adapter,2026-08-15T05:18:08.065826Z,3.619999999999976,3.629999999999976,365,3.619999999999976,,fast-sim-Alpha,1,home,FLYING,true,true,true,simulated,98.05911354294135,-1.3428944784398797,0.0017502078501175512,0.39247980261002047,-1.3508935184573236,-0.005851022493342756,0.39270221651532333,0.008842627198458,-0.0009148034851256062,0.015185425104630168,0.00048051111767560345,0.005702652492115334,-4.779796508172427e-07,,,,,99.18537019533285,4.191876401105916,4.038657121137918,2.0429237328878727,false,,false,modeled_transport,SIMULATED_MODEL,100.0,30.0,0.0,-0.004685847899678734,0.0004908298427247588,9.798460567374132,-0.00014078613010678987,0.015503640811569248,7.991685577705507e-06,,,,,,0.008842773926622527,-0.0009147993641390789,0.0,0.39270864732451355,98.47604283048344,DEGRADED,3.619999999999976,4.0,3.619999999999976,3.350337833802509,VALID,0.6503814746783472,VALID,2.0019962316994007,VALID,1.995147426359768,VALID,2.1077091756341044,VALID,0.39134650042061825,VALID,crazyflie-6dof,2.0.0,65.32797114492797,0.07839356537391355,62.58764226780793,2.5277002714011507,0.07845872749835178,0.12,0.49067622825813695,false,100.0,false,65.33723196794257,0.07840467836153107,62.592252475126934,2.5278864618673387,0.0784700487878416,0.12,0.49078193684926597,false,100.0,false,65.33756776283212,0.07840508131539854,62.59241962668338,2.5278932125455764,0.07845446774155214,0.12,0.4907857699019638,false,100.0,false,65.3282838757329,0.07839394065087947,62.5877979624726,2.5277065593748125,0.07844319706110975,0.12,0.4906797978785061,false,100.0,false,[]
1,child-f9d0c0c9a9ae419f6470a221,py-f996c906ee10788ea67a,f996c906ee10,4b81296e5dd75a57ec2747997355f69bfd8a5d1068302c364c372acc996e4530,evt-5c5805cb0f1f4f0b97e6b52370ad6b1a,45754,Alpha,SIM,vehicle-adapter,2026-08-15T05:18:08.076513Z,3.629999999999976,3.6399999999999757,366,3.629999999999976,,fast-sim-Alpha,1,home,FLYING,true,true,true,simulated,98.07019275094424,-1.3453324317054163,0.0016840976966036115,0.39220846220066174,-1.35079898490184,-0.005860655783499988,0.3928531847707719,0.00936465423403578,-0.0009561609658227259,0.015096825544852477,0.00047306301150102715,0.005853994394836991,-3.260049026064025e-07,,,,,99.18309877207574,4.191853701953328,4.0385326321001624,2.044280931398516,false,,false,modeled_transport,SIMULATED_MODEL,100.0,30.0,0.0,-0.004972763151498333,0.0005146388839923502,9.797929669895819,-0.0007448984328976829,0.015134195826798822,7.981433528414956e-06,,,,,,0.009364817655811722,-0.00095615801988812,0.0,0.39285996021775643,98.4170308916398,DEGRADED,3.629999999999976,4.0,3.629999999999976,3.3551057185803344,VALID,0.6485845083365528,VALID,2.007990136740053,VALID,1.9956550410665368,VALID,2.1117822996369164,VALID,0.3911159145080893,VALID,crazyflie-6dof,2.0.0,65.38585527156042,0.0784630263258725,62.616351403477154,2.528781784459933,0.07845975000672813,0.12,0.49130568770341265,false,100.0,false,65.35011532903191,0.07842013839483829,62.59856985734519,2.5280636709169015,0.0784575991141324,0.12,0.49089769733557587,false,100.0,false,65.34462649139321,0.07841355178967187,62.59583808611876,2.527953347444488,0.07844425339686191,0.12,0.4908350455463588,false,100.0,false,65.38032050317184,0.0784563846038062,62.61359840160479,2.528670603580955,0.07844642862325923,0.12,0.4912425008131689,false,100.0,false,[]
1,child-f9d0c0c9a9ae419f6470a221,py-f996c906ee10788ea67a,f996c906ee10,4b81296e5dd75a57ec2747997355f69bfd8a5d1068302c364c372acc996e4530,evt-0ed7dad019f24d9482ce7de262d71892,45755,Alpha,SIM,vehicle-adapter,2026-08-15T05:18:08.087455Z,3.6399999999999757,3.6499999999999755,367,3.6399999999999757,,fast-sim-Alpha,1,home,FLYING,true,true,true,simulated,98.05330638825085,-1.3454152549822733,0.00042213709738719764,0.393020333326928,-1.3506990978539062,-0.0058706864756788045,0.39300327531358864,0.009898269397270057,-0.0009961298866901565,0.015009054281678313,0.00046049690547746283,0.00600138096212364,-1.7812601005032715e-07,,,,,99.18082666678856,4.191830987720757,4.038463880835279,2.0448947584550514,false,,false,modeled_transport,SIMULATED_MODEL,100.0,30.0,0.0,-0.0052664536260973935,0.0005379464184797535,9.798018504007478,-0.001256698259848792,0.014738662052549848,7.907918542479061e-06,,,,,,0.009898450581208394,-0.0009961282291690858,0.0,0.39301039440584545,98.3579778175311,DEGRADED,3.6399999999999757,4.0,3.6399999999999757,3.3491068182079577,VALID,0.6488132948072133,VALID,2.002427652461351,VALID,1.9940924515387937,VALID,2.1055489141615125,VALID,0.39161303033487016,VALID,crazyflie-6dof,2.0.0,65.38473623675831,0.07846168348410996,62.615798543462,2.5287164078742954,0.0784595477869777,0.12,0.49127689505166516,false,100.0,false,65.38050066993513,0.07845660080392215,62.613691749845216,2.5286313257750375,0.07845666834943749,0.12,0.49122854262085897,false,100.0,false,65.37544857431207,0.07845053828917449,62.611178617211806,2.52852983382136,0.07844513275787225,0.12,0.4911708701362512,false,100.0,false,65.3796166242546,0.07845553994910552,62.613252002153665,2.528613566723348,0.07844801034746945,0.12,0.49121845064627595,false,100.0,false,[]
1,child-f9d0c0c9a9ae419f6470a221,py-f996c906ee10788ea67a,f996c906ee10,4b81296e5dd75a57ec2747997355f69bfd8a5d1068302c364c372acc996e4530,evt-9049793d29d84f6fb8c2a2144b759f5a,45756,Alpha,SIM,vehicle-adapter,2026-08-15T05:18:08.093152Z,3.6499999999999755,3.6599999999999753,368,3.6499999999999755,,fast-sim-Alpha,1,home,FLYING,true,true,true,simulated,98.07792749809639,-1.343576469285424,0.001461089069364113,0.39272073426101073,-1.3505937473545397,-0.005881093690616484,0.39315237336678394,0.010443031415929388,-0.0010341095592525645,0.014909805319529568,0.00044153960321049307,0.0061449640015114665,-3.563552915004249e-08,,,,,99.1785562718191,4.191808266667886,4.038556606228543,2.0433554725178764,false,,false,modeled_transport,SIMULATED_MODEL,100.0,30.0,0.0,-0.005566661281267329,0.0005604832665030927,9.796876571866335,-0.0018958167631487818,0.01435830893019243,7.772926932452579e-06,,,,,,0.010443231429185445,-0.0010341092879131483,0.0,0.3931598346395777,98.29889773027081,DEGRADED,3.6499999999999755,4.0,3.6499999999999755,3.352640220805932,VALID,0.6460121615650357,VALID,2.0031368071560562,VALID,1.9933429376617264,VALID,2.105737362305966,VALID,0.39429153625498903,VALID,crazyflie-6dof,2.0.0,65.35509612878323,0.07842611535453987,62.601107815336945,2.528181175248543,0.07845145147426895,0.12,0.49096152063877707,false,100.0,false,65.35326284729254,0.07842391541675105,62.60019550094624,2.5281443309154477,0.07844874089830099,0.12,0.4909405937394363,false,100.0,false,65.3336492905432,0.07840037914865185,62.590433274470215,2.527750077873185,0.07843422276400323,0.12,0.4907167166092035,false,100.0,false,65.33539495941378,0.07840247395129653,62.59130227225519,2.527785172840638,0.07843690582235621,0.12,0.4907366415304594,false,100.0,false,[]
1,child-f9d0c0c9a9ae419f6470a221,py-f996c906ee10788ea67a,f996c906ee10,4b81296e5dd75a57ec2747997355f69bfd8a5d1068302c364c372acc996e4530,evt-7d523f89526e43f6a71007c4dbb678b4,45757,Alpha,SIM,vehicle-adapter,2026-08-15T05:18:08.109356Z,3.6599999999999753,3.669999999999975,369,3.6599999999999753,,fast-sim-Alpha,1,home,FLYING,true,true,true,simulated,98.07411380740584,-1.3451936119789325,0.0019742868812000587,0.393660208419423,-1.3504828300788028,-0.005891851519900083,0.39330044689180005,0.01099827090637716,-0.0010695747872943463,0.014807352501611248,0.0004172933645267757,0.006281920301505488,9.896957298926947e-08,,,,,99.17628512217526,4.1917855627181915,4.038482961756856,2.0440346794686626,false,,false,modeled_transport,SIMULATED_MODEL,100.0,30.0,0.0,-0.005873163959135341,0.0005818911690989815,9.796561731711394,-0.002424707504054124,0.013695634539142241,7.579120064662575e-06,,,,,,0.010998490617672616,-0.0010695759689131532,0.0,0.39330824157742383,98.24027015553615,DEGRADED,3.6599999999999753,4.0,3.6599999999999753,3.348428507231215,VALID,0.652476228292047,VALID,2.005739589482898,VALID,1.991904788172911,VALID,2.1074381921403225,VALID,0.3926612822730235,VALID,crazyflie-6dof,2.0.0,65.37497571096819,0.07844997085316183,62.610981625813466,2.5285338251471923,0.07845060119609024,0.12,0.4911708173947653,false,100.0,false,65.35137488311284,0.0784216498597354,62.59923866026047,2.5280595874841296,0.07844152612875345,0.12,0.4909014159057068,false,100.0,false,65.3466189273346,0.07841594271280153,62.596871703399074,2.52796399833457,0.07842919778108537,0.12,0.490847130759661,false,100.0,false,65.37011369651543,0.07844413643581852,62.608562828902095,2.528436142446047,0.07843822054123324,0.12,0.49111531540852926,false,100.0,false,[]
1,child-f9d0c0c9a9ae419f6470a221,py-f996c906ee10788ea67a,f996c906ee10,4b81296e5dd75a57ec2747997355f69bfd8a5d1068302c364c372acc996e4530,evt-38e509a08ac4459cb505a70c7d6ace29,45758,Alpha,SIM,vehicle-adapter,2026-08-15T05:18:08.119603Z,3.669999999999975,3.679999999999975,370,3.669999999999975,,fast-sim-Alpha,1,home,FLYING,true,true,true,simulated,98.08536370016095,-1.3443569779868245,0.0008860599483468566,0.395157978441271,-1.3503662496224178,-0.005902930881708056,0.39344733227814566,0.011563364218809684,-0.0011021827096843065,0.014688538634560766,0.0003897123787641254,0.0064132830276813855,2.2527752679793287e-07,,,,,99.17401595000581,4.191762851221752,4.038593729785587,2.0422549524995453,false,,false,modeled_transport,SIMULATED_MODEL,100.0,30.0,0.0,-0.006185551577707442,0.00060186776281885,9.794930886153404,-0.0027581787511594545,0.013136276664799978,7.3300163334408374e-06,,,,,,0.011563604531088642,-0.0011021853983479806,0.0,0.39345545357855566,98.1819390292541,DEGRADED,3.669999999999975,4.0,3.669999999999975,3.3505282365046507,VALID,0.6469024950898802,VALID,2.008008903202709,VALID,1.9920553493315583,VALID,2.106680387208123,VALID,0.39373577293409884,VALID,crazyflie-6dof,2.0.0,65.31814853166912,0.07838177823800294,62.58273780003923,2.527462524720539,0.07843406704072191,0.12,0.49054897905550937,false,100.0,false,65.31730789175101,0.07838076947010122,62.58231921102344,2.5274456196107935,0.07842699662020335,0.12,0.49053938458495233,false,100.0,false,65.32079606602164,0.07838495527922595,62.58405607762912,2.5275157645966253,0.07841877246424943,0.12,0.4905791963966758,false,100.0,false,65.3215141699097,0.07838581700389163,62.584413630633215,2.5275302047098296,0.07842576703180734,0.12,0.49058739246240773,false,100.0,false,[]
1,child-f9d0c0c9a9ae419f6470a221,py-f996c906ee10788ea67a,f996c906ee10,4b81296e5dd75a57ec2747997355f69bfd8a5d1068302c364c372acc996e4530,evt-2ca601122d7f4b4696acf6adb6501075,45759,Alpha,SIM,vehicle-adapter,2026-08-15T05:18:08.131492Z,3.679999999999975,3.6899999999999746,371,3.679999999999975,,fast-sim-Alpha,1,home,FLYING,true,true,true,simulated,98.08667616047352,-1.3452460375049444,0.0015521308378626105,0.394281372105136,-1.3502439171429763,-0.00591429934273533,0.3935926810675635,0.012137684755377593,-0.001131605156064553,0.0145348789417854,0.00035860363807301975,0.006538768696179097,3.4252920869150946e-07,,,,,99.17174997973504,4.191740159500058,4.03878716622442,2.0393732436887944,false,,false,modeled_transport,SIMULATED_MODEL,100.0,30.0,0.0,-0.006503485367767348,0.0006202381028820141,9.791451231815701,-0.0031109500013233016,0.012548570376365642,7.029774845413091e-06,,,,,,0.0121379465022149,-0.0011316093863365827,0.0,0.39360112065050135,98.12398736826883,DEGRADED,3.679999999999975,4.0,3.679999999999975,3.3496897920761626,VALID,0.6491430531404571,VALID,2.00577890137471,VALID,1.9916349156748623,VALID,2.10674776272744,VALID,0.394255337984546,VALID,crazyflie-6dof,2.0.0,65.26118623970333,0.07831342348764399,62.554314358011084,2.5264356202110316,0.07840641869125878,0.12,0.4899430068652808,false,100.0,false,65.25244867521052,0.07830293841025261,62.54995917364323,2.5262597235837174,0.07839849915010336,0.12,0.4898432991123183,false,100.0,false,65.24378151648916,0.078292537819787,62.54563845878014,2.5260852191063377,0.07838973360394492,0.12,0.48974439892760585,false,100.0,false,65.25238204486546,0.07830285845383854,62.54992595973885,2.5262583821448095,0.07839755526754005,0.12,0.48984253878358947,false,100.0,false,[]
1,child-f9d0c0c9a9ae419f6470a221,py-f996c906ee10788ea67a,f996c906ee10,4b81296e5dd75a57ec2747997355f69bfd8a5d1068302c364c372acc996e4530,evt-70a178a07a074b5ba2a2fce5836fb13b,45760,Alpha,SIM,vehicle-adapter,2026-08-15T05:18:08.144572Z,3.6999999999999744,3.709999999999974,373,3.6999999999999744,,fast-sim-Alpha,1,home,FLYING,true,true,true,simulated,98.11247406099974,-1.3450688969355349,-0.000735710399553142,0.39439362535885986,-1.3499816563610365,-0.005937765680343598,0.3938784858701001,0.013312130056372565,-0.0011801520296176528,0.014210486042243176,0.00029124329417659953,0.006777626560906841,5.500211487560028e-07,,,,,99.16721196011764,4.191694819331733,4.038471638076297,2.0429757500660997,false,,false,modeled_transport,SIMULATED_MODEL,100.0,30.0,0.0,-0.007154623522067166,0.0006514386943817355,9.79087579465926,-0.003396402569095137,0.011757986992507534,6.294977095950246e-06,,,,,,0.013312437497176255,-0.0011801594016226675,0.0,0.39388754939329534,98.00838173872224,DEGRADED,3.6999999999999744,4.0,3.6999999999999744,3.34888256736018,VALID,0.6493768882021672,VALID,2.0057397293841093,VALID,1.9920958401585942,VALID,2.106544951396086,VALID,0.3909487413063086,VALID,crazyflie-6dof,2.0.0,65.33499653711623,0.07840199584453945,62.59083109105431,2.5277129616484695,0.07839509485655399,0.12,0.4907059690216094,false,100.0,false,65.334440531992,0.0784013286383904,62.59055431259368,2.5277017840288365,0.0783915580242988,0.12,0.49069962327951744,false,100.0,false,65.34172992581927,0.0784100759109831,62.59418275876677,2.5278483177984397,0.07838909794489028,0.12,0.4907828192050701,false,100.0,false,65.34212589171862,0.07841055107006235,62.59437984641466,2.5278562771272015,0.07839249826999271,0.12,0.4907873385599029,false,100.0,false,[]
1,child-f9d0c0c9a9ae419f6470a221,py-f996c906ee10788ea67a,f996c906ee10,4b81296e5dd75a57ec2747997355f69bfd8a5d1068302c364c372acc996e4530,evt-30e19410f024430884a61e4466db6fa2,45761,Alpha,SIM,vehicle-adapter,2026-08-15T05:18:08.154179Z,3.709999999999974,3.719999999999974,374,3.709999999999974,,fast-sim-Alpha,1,home,FLYING,true,true,true,simulated,98.07205615497541,-1.3426958746464046,-1.702288161981036e-05,0.3954995340410568,-1.3498415662722323,-0.005949790773272265,0.3940189063347658,0.013911551972605745,-0.001198922867351469,0.014042046466566926,0.00025366675181873714,0.006893031124861995,6.401716669472918e-07,,,,,99.1649438317691,4.191672119601177,4.03857345607493,2.0413155136970755,false,,false,modeled_transport,SIMULATED_MODEL,100.0,30.0,0.0,-0.007487317629234803,0.0006641424092976547,9.789987158237656,-0.003757715856592399,0.011540458438165037,5.870585624801097e-06,,,,,,0.01391188380390833,-0.0011989318117063645,0.0,0.3940282798804606,97.95044632119034,DEGRADED,3.709999999999974,4.0,3.709999999999974,3.355136809896715,VALID,0.6485188187199804,VALID,2.0069310595097387,VALID,1.9933310611758714,VALID,2.1091657403626645,VALID,0.3906199616858042,VALID,crazyflie-6dof,2.0.0,65.30818011666146,0.07836981613999375,62.5775392505513,2.5272398896376354,0.0783890537475963,0.12,0.4904250985828997,false,100.0,false,65.3159535753578,0.07837914429042936,62.58141032246712,2.527396225720494,0.07838871420167193,0.12,0.4905138145176115,false,100.0,false,65.29140100778142,0.07834968120933769,62.56918179222157,2.526902367543929,0.0783795431178799,0.12,0.4902336154106868,false,100.0,false,65.28345887518462,0.07834015065022154,62.565225107322576,2.5267425739178573,0.07837972977763344,0.12,0.4901429851858777,false,100.0,false,[]
1,child-f9d0c0c9a9ae419f6470a221,py-f996c906ee10788ea67a,f996c906ee10,4b81296e5dd75a57ec2747997355f69bfd8a5d1068302c364c372acc996e4530,evt-14ed3fa4109f4df09c328244e8f246e7,45762,Alpha,SIM,vehicle-adapter,2026-08-15T05:18:08.165072Z,3.719999999999974,3.729999999999974,375,3.719999999999974,,fast-sim-Alpha,1,home,FLYING,true,true,true,simulated,98.11588182809083,-1.3448250512396267,-0.002191336403528703,0.39422575175728214,-1.3496954036438058,-0.005961955642532879,0.3941574157347787,0.014518539397181682,-0.0012135324163992038,0.013850940001292056,0.00021174890741939732,0.007003703197976942,7.20079320683586e-07,,,,,99.16267797945905,4.191649438317691,4.038704407390682,2.0392670790425274,false,,false,modeled_transport,SIMULATED_MODEL,100.0,30.0,0.0,-0.00782455438700961,0.000674732960395428,9.787724681678956,-0.004191839962872832,0.011067208885029592,5.41514650238399e-06,,,,,,0.014518896411010361,-0.0012135428981050508,0.0,0.3941670918460029,97.89279394926155,DEGRADED,3.719999999999974,4.0,3.719999999999974,3.3531356088879423,VALID,0.6526759045890506,VALID,2.0053590798256793,VALID,1.9971857680344802,VALID,2.1050571721356426,VALID,0.39234452498670835,VALID,crazyflie-6dof,2.0.0,65.2687169639365,0.0783224603567238,62.55785982444824,2.526527041899276,0.07837394697855256,0.12,0.49000487769843165,false,100.0,false,65.24928321579037,0.07829913985894843,62.548173577081954,2.526135842999983,0.07836789545564889,0.12,0.48978312421558107,false,100.0,false,65.23583394984527,0.07828300073981431,62.54146831061978,2.5258650371078475,0.07835699218033149,0.12,0.4896296702514006,false,100.0,false,65.25509220125552,0.07830611064150661,62.55106924235348,2.5262527903609273,0.07836287646857197,0.12,0.4898494068771139,false,100.0,false,[]
1,child-f9d0c0c9a9ae419f6470a221,py-f996c906ee10788ea67a,f996c906ee10,4b81296e5dd75a57ec2747997355f69bfd8a5d1068302c364c372acc996e4530,evt-27ad600ecea04fa9b98ba19a1c7f20bb,45763,Alpha,SIM,vehicle-adapter,2026-08-15T05:18:08.175420Z,3.729999999999974,3.7399999999999736,376,3.729999999999974,,fast-sim-Alpha,1,home,FLYING,true,true,true,simulated,98.11922992370232,-1.3432408200511963,0.0012903631418326195,0.39510951335173494,-1.3495430964965947,-0.005974210387254064,0.39429405905654985,0.015132768229904855,-0.0012232488495051985,0.013664332177115712,0.00016160463003051434,0.0071118029674136565,7.896011028775686e-07,,,,,99.16040912304494,4.191626779794591,4.038478971842251,2.041970772694069,false,,false,modeled_transport,SIMULATED_MODEL,100.0,30.0,0.0,-0.008166030710090984,0.0006830118750790708,9.788178691248572,-0.005014476806289018,0.010809978067019617,4.934033404080937e-06,,,,,,0.01513315136859924,-0.0012232608143286753,0.0,0.3943040356670087,97.83510096215151,DEGRADED,3.729999999999974,4.0,3.729999999999974,3.346497689307789,VALID,0.6541948471560771,VALID,2.0077354051348006,VALID,1.9956915610240753,VALID,2.103235146652359,VALID,0.3955776974691826,VALID,crazyflie-6dof,2.0.0,65.3303645928996,0.07839643751147951,62.58844816679393,2.5276213180183595,0.0783788183124973,0.12,0.490653052443264,false,100.0,false,65.34061426714146,0.07840873712056975,62.593550366778885,2.5278273692918534,0.07837732728208717,0.12,0.4907700334731499,false,100.0,false,65.30235046374592,0.0783628205564951,62.574498551222476,2.5270579657268537,0.07835772308327377,0.12,0.49033335246776716,false,100.0,false,65.29192037867435,0.07835030445440921,62.569303242720366,2.5268481542854735,0.07835903464034566,0.12,0.4902143343098879,false,100.0,false,[]
1,child-f9d0c0c9a9ae419f6470a221,py-f996c906ee10788ea67a,f996c906ee10,4b81296e5dd75a57ec2747997355f69bfd8a5d1068302c364c372acc996e4530,evt-6c79464ca55945d593fbc437ef6e7eee,45764,Alpha,SIM,vehicle-adapter,2026-08-15T05:18:08.185919Z,3.7399999999999736,3.7499999999999734,377,3.7399999999999736,,fast-sim-Alpha,1,home,FLYING,true,true,true,simulated,98.13020733660241,-1.3427827253473672,3.240702360739374e-05,0.39492798992899003,-1.3493845773975177,-0.005986500838884254,0.3944287470441403,0.015753887107301228,-0.0012275941012476652,0.013468798759047607,0.00010683556605338212,0.0072166549059202185,8.480019281000392e-07,,,,,99.15814202330489,4.19160409123045,4.038574858778002,2.040389766046736,false,,false,modeled_transport,SIMULATED_MODEL,100.0,30.0,0.0,-0.008511585278131964,0.0006885089097066835,9.787290076307848,-0.005476948238412669,0.01048519455358443,4.432608861732174e-06,,,,,,0.015754297253735918,-0.0012276074675797225,0.0,0.3944390204639349,97.7774646988037,DEGRADED,3.7399999999999736,4.0,3.7399999999999736,3.3534881612557705,VALID,0.6512509266617786,VALID,2.005273124522219,VALID,1.9906645809976538,VALID,2.1051311499285887,VALID,0.3928408769807831,VALID,crazyflie-6dof,2.0.0,65.27834444942047,0.07833401333930456,62.56259805590003,2.526637356083914,0.07836789013550435,0.12,0.4900831469251186,false,100.0,false,65.27177442273967,0.0783261293072876,62.5593242719616,2.526505141868846,0.07836481026566362,0.12,0.49000817897767646,false,100.0,false,65.28094148167452,0.07833712977800941,62.563892034844294,2.5266896143922346,0.07835281206872292,0.12,0.4901127812747204,false,100.0,false,65.28732803577897,0.07834479364293476,62.567073917148456,2.5268181170910062,0.07835570235097349,0.12,0.49018565886922066,false,100.0,false,[]
1,child-f9d0c0c9a9ae419f6470a221,py-f996c906ee10788ea67a,f996c906ee10,4b81296e5dd75a57ec2747997355f69bfd8a5d1068302c364c372acc996e4530,evt-993278abe36644bf8d1964c564c4f8d4,45765,Alpha,SIM,vehicle-adapter,2026-08-15T05:18:08.196388Z,3.7499999999999734,3.759999999999973,378,3.7499999999999734,,fast-sim-Alpha,1,home,FLYING,true,true,true,simulated,98.11653485306555,-1.3423733937906541,0.0014895040839444417,0.3937967993358696,-1.3492197828220442,-0.005998769558825797,0.394561457353169,0.016381468385861103,-0.0012262239130721255,0.013271030902867187,4.840215618579979e-05,0.00731742853756899,8.949879542511639e-07,,,,,99.15587432092411,4.1915814202330495,4.038511509530437,2.0409321427043263,false,,false,modeled_transport,SIMULATED_MODEL,100.0,30.0,0.0,-0.008861022181911399,0.0006909760310997279,9.787070375083967,-0.005843375133061669,0.010077363512040385,3.916285090961752e-06,,,,,,0.016381906303370376,-0.0012262385757249095,0.0,0.39457202140039027,97.72003128636076,DEGRADED,3.7499999999999734,4.0,3.7499999999999734,3.347680986132041,VALID,0.6513735663028895,VALID,2.0083218350797827,VALID,1.988558956512103,VALID,2.101933405171045,VALID,0.3942875459151228,VALID,crazyflie-6dof,2.0.0,65.29916702739385,0.07835900043287261,62.57295453919218,2.5270159709185243,0.0783652900535942,0.12,0.4903055779126888,false,100.0,false,65.2900470439687,0.07834805645276244,62.568411609308285,2.5268325041722934,0.07836025586123646,0.12,0.49020150813912045,false,100.0,false,65.28654508596105,0.07834385410315325,62.56666699928215,2.5267620478955912,0.07835019514295768,0.12,0.4901615478774461,false,100.0,false,65.29548041584383,0.07835457649901259,62.57111821311317,2.526941810678471,0.07835503179760095,0.12,0.49026350877507074,false,100.0,false,[]
1,child-f9d0c0c9a9ae419f6470a221,py-f996c906ee10788ea67a,f996c906ee10,4b81296e5dd75a57ec2747997355f69bfd8a5d1068302c364c372acc996e4530,evt-d2dd6d429cae41d6b64942e13400370a,45766,Alpha,SIM,vehicle-adapter,2026-08-15T05:18:08.207206Z,3.759999999999973,3.769999999999973,379,3.759999999999973,,fast-sim-Alpha,1,home,FLYING,true,true,true,simulated,98.08775234052078,-1.3416889419525577,0.0004829105396635513,0.39529533667294914,-1.3490486529376113,-0.006010959397145425,0.39469236691616133,0.01701500448234759,-0.0012191170007816627,0.01309095629923318,-1.0068327626340312e-05,0.007413296987151703,9.307311431515315e-07,,,,,99.15360390823407,4.191558743209241,4.038305886630965,2.043371421027885,false,,false,modeled_transport,SIMULATED_MODEL,100.0,30.0,0.0,-0.009214100091413546,0.000690199973715724,9.788843222207653,-0.005847074708797114,0.009586845036456638,3.390471708874138e-06,,,,,,0.01701547081391254,-0.0012191328372374998,0.0,0.394703212733244,97.66295467396485,DEGRADED,3.759999999999973,4.0,3.759999999999973,3.3502780623960264,VALID,0.6508417527630677,VALID,2.007158970119401,VALID,1.9951184829580284,VALID,2.105647159736513,VALID,0.3939692975700896,VALID,crazyflie-6dof,2.0.0,65.346907397366,0.07841628887683919,62.59675605163322,2.5278484844731293,0.07837568263219834,0.12,0.49080305792864004,false,100.0,false,65.3360802589003,0.07840329631068035,62.59136692472946,2.527630855044137,0.07836867120890208,0.12,0.4906794963496357,false,100.0,false,65.35397315118735,0.07842476778142482,62.60027245635932,2.5279904876521813,0.07836644595466179,0.12,0.49088369725820935,false,100.0,false,65.3646163005495,0.07843753956065941,62.605568442206724,2.5282043557604124,0.07837325407252198,0.12,0.4910051694914,false,100.0,false,[]
1,child-f9d0c0c9a9ae419f6470a221,py-f996c906ee10788ea67a,f996c906ee10,4b81296e5dd75a57ec2747997355f69bfd8a5d1068302c364c372acc996e4530,evt-efec63be34034ca49b559eb2e1028a3e,45767,Alpha,SIM,vehicle-adapter,2026-08-15T05:18:08.213881Z,3.769999999999973,3.7799999999999727,380,3.769999999999973,,fast-sim-Alpha,1,home,FLYING,true,true,true,simulated,98.07903584406176,-1.3414088883595725,0.0013816323482518066,0.3945050557764197,-1.348871136121074,-0.006023014741907734,0.3948213890621061,0.017653879834276406,-0.0012064117634280637,0.012902214594479045,-6.729545410683559e-05,0.00750310891897298,9.558621131407145e-07,,,,,99.15133660744327,4.191536039082341,4.0384932357017895,2.0405707117224097,false,,false,modeled_transport,SIMULATED_MODEL,100.0,30.0,0.0,-0.009570534541381084,0.0006861879926119512,9.787979603680533,-0.005722731392625054,0.008981193087913487,2.860436640488651e-06,,,,,,0.017654375010650945,-0.0012064286408341594,0.0,0.39483250377632,97.60646233185281,DEGRADED,3.769999999999973,4.0,3.769999999999973,3.347604833919483,VALID,0.6519361039287871,VALID,2.00720356626237,VALID,1.994155922738519,VALID,2.1089891480611125,VALID,0.39720392567035234,VALID,crazyflie-6dof,2.0.0,65.28856540029014,0.07834627848034816,62.567890967044534,2.5268000444253644,0.07836794505219448,0.12,0.4901853158039821,false,100.0,false,65.27359757152634,0.07832831708583161,62.560433356390256,2.5264988693235466,0.07835821247036559,0.12,0.4900145262038909,false,100.0,false,65.2811825785073,0.07833741909420876,62.56421276171502,2.526651500351937,0.0783588022180499,0.12,0.4901010729799316,false,100.0,false,65.29596882606153,0.07835516259127383,62.571578985366074,2.526948984795811,0.07836832786990547,0.12,0.4902697967346053,false,100.0,false,[]
1,child-f9d0c0c9a9ae419f6470a221,py-f996c906ee10788ea67a,f996c906ee10,4b81296e5dd75a57ec2747997355f69bfd8a5d1068302c364c372acc996e4530,evt-0ef0863c2d7541cf94612dc005d7e2b0,45768,Alpha,SIM,vehicle-adapter,2026-08-15T05:18:08.227917Z,3.7799999999999727,3.7899999999999725,381,3.7799999999999727,,fast-sim-Alpha,1,home,FLYING,true,true,true,simulated,98.06263063092683,-1.3421344171850755,0.0014468787424546702,0.39449850021302557,-1.3486871864365317,-0.006034884194455168,0.3949485984570512,0.01829741126084693,-0.0011884953854585899,0.012720939494509365,-0.00012053178403499576,0.007586182686128029,9.713736650316718e-07,,,,,99.14906736056662,4.191513366074433,4.038339201901678,2.0423221889889613,false,,false,modeled_transport,SIMULATED_MODEL,100.0,30.0,0.0,-0.009929976784261954,0.0006790067014364885,9.788728983196687,-0.005323644696878809,0.008307376540920315,2.3312868490893358e-06,,,,,,0.01829793554173233,-0.0011885131677147728,0.0,0.3949599662775919,97.5507183376085,DEGRADED,3.7799999999999727,4.0,3.7799999999999727,3.340544888185792,VALID,0.6501657082936856,VALID,2.004665173615493,VALID,1.9916020849761211,VALID,2.105840328233294,VALID,0.39550559413088965,VALID,crazyflie-6dof,2.0.0,65.32283343169402,0.07838740011803282,62.58499283492769,2.5273943001602412,0.07837094103341982,0.12,0.49054117517396767,false,100.0,false,65.30891353835428,0.07837069624602512,62.578061345902036,2.527114383121643,0.0783594765555511,0.12,0.49038233237979656,false,100.0,false,65.32982178871225,0.07839578614645469,62.588472123662775,2.5275348056411775,0.07836615420441718,0.12,0.4906209247708809,false,100.0,false,65.34356408667914,0.07841227690401496,62.595312817559055,2.5278110560644733,0.07837741022327112,0.12,0.49077775666431617,false,100.0,false,[]
1,child-f9d0c0c9a9ae419f6470a221,py-f996c906ee10788ea67a,f996c906ee10,4b81296e5dd75a57ec2747997355f69bfd8a5d1068302c364c372acc996e4530,evt-d0a8413d051a483ea49f0de9e822c8d8,45769,Alpha,SIM,vehicle-adapter,2026-08-15T05:18:08.239340Z,3.7899999999999725,3.7999999999999723,382,3.7899999999999725,,fast-sim-Alpha,1,home,FLYING,true,true,true,simulated,98.0730395472151,-1.3416903419599635,0.0016446270452596364,0.39490663538289456,-1.3484967633682285,-0.0060465228012764995,0.3950740676215695,0.01894503418760674,-0.0011659864528824801,0.012546916451827705,-0.00016747768228203477,0.007663990266935863,9.782471663653202e-07,,,,,99.14679789880807,4.191490673605666,4.038302004906313,2.042515582682917,false,,false,modeled_transport,SIMULATED_MODEL,100.0,30.0,0.0,-0.01029202586065385,0.0006688784556151794,9.789456566832532,-0.004694595066619533,0.007780757907197453,1.8077961333036322e-06,,,,,,0.018945587948744628,-0.0011660050021604384,0.0,0.3950856761291115,97.49553922541374,DEGRADED,3.7899999999999725,4.0,3.7899999999999725,3.3482671717655026,VALID,0.6498835220074617,VALID,2.003847037435551,VALID,1.996706263602339,VALID,2.1079019109865693,VALID,0.39675589702150393,VALID,crazyflie-6dof,2.0.0,65.31929378519744,0.07838315254223692,62.583380145385334,2.5273058951492358,0.07837188145533812,0.12,0.4904955213577236,false,100.0,false,65.31972228573545,0.07838366674288254,62.58359350729016,2.5273145113473157,0.07836339392906519,0.12,0.4905004110738444,false,100.0,false,65.34275462913689,0.07841130555496427,62.595059699468955,2.5277775508159586,0.0783752797196054,0.12,0.49076325313370717,false,100.0,false,65.3421538820018,0.07841058465840216,62.59476068508014,2.5277654757119,0.07838355923388639,0.12,0.4907563971176419,false,100.0,false,[]
1,child-f9d0c0c9a9ae419f6470a221,py-f996c906ee10788ea67a,f996c906ee10,4b81296e5dd75a57ec2747997355f69bfd8a5d1068302c364c372acc996e4530,evt-00451b295fb5440799098e5c40d7b851,45770,Alpha,SIM,vehicle-adapter,2026-08-15T05:18:08.250589Z,3.7999999999999723,3.809999999999972,383,3.7999999999999723,,fast-sim-Alpha,1,home,FLYING,true,true,true,simulated,98.07657817322968,-1.3398190890678774,0.0002580495100800023,0.3951760140170871,-1.3482998312426038,-0.0060578940769476465,0.39519780197528,0.019596298429119155,-0.001139708436617551,0.01237343537104918,-0.00020604647214111335,0.007737604949803887,9.77442065077639e-07,,,,,99.14452914575304,4.191467978988081,4.038327147774444,2.0418777495295766,false,,false,modeled_transport,SIMULATED_MODEL,100.0,30.0,0.0,-0.01065636761904748,0.0006561533248007063,9.78951283117795,-0.003856878366399895,0.0073614681781473046,1.294335361226361e-06,,,,,,0.019596882132990653,-0.0011397276150570638,0.0,0.3952096410107503,97.44080363960012,DEGRADED,3.7999999999999723,4.0,3.7999999999999723,3.349242532586174,VALID,0.6498268089109615,VALID,2.006622886763652,VALID,1.9915558277280732,VALID,2.1038458055588998,VALID,0.3958348172060246,VALID,crazyflie-6dof,2.0.0,65.30306200676267,0.07836367440811522,62.57546732566757,2.52700208485916,0.07836808357628959,0.12,0.49032008402880695,false,100.0,false,65.30322531915648,0.07836387038298777,62.575548665568434,2.527005369630459,0.07836175409018133,0.12,0.4903219475267281,false,100.0,false,65.32932117760276,0.0783951854131233,62.588543225318105,2.527530132464564,0.07837846736203627,0.12,0.49061973658964586,false,100.0,false,65.32899212172272,0.07839479054606725,62.588379405324325,2.5275235168772814,0.07838459110978457,0.12,0.4906159813843957,false,100.0,false,[]
1,child-f9d0c0c9a9ae419f6470a221,py-f996c906ee10788ea67a,f996c906ee10,4b81296e5dd75a57ec2747997355f69bfd8a5d1068302c364c372acc996e4530,evt-eb3bfbf85d43429881f4af149f994230,45771,Alpha,SIM,vehicle-adapter,2026-08-15T05:18:08.262710Z,3.809999999999972,3.819999999999972,384,3.809999999999972,,fast-sim-Alpha,1,home,FLYING,true,true,true,simulated,98.0452678420016,-1.3419191375737665,0.0033335410285294633,0.39450316993671747,-1.3480963605412153,-0.006068969091680563,0.39531977830766035,0.02025062942547098,-0.001110431371750536,0.012197633238036909,-0.00023711954348002348,0.007805370171279784,9.703745307985962e-07,,,,,99.14226079779144,4.191445291457531,4.038331804049227,2.0415131654486425,false,,false,modeled_transport,SIMULATED_MODEL,100.0,30.0,0.0,-0.011022768735017938,0.0006413158051116366,9.789282376685907,-0.0031073016416708356,0.006776522141240126,7.948300798200604e-07,,,,,,0.02025124318096701,-0.0011104510536629718,0.0,0.39533183191950677,97.3868276728064,DEGRADED,3.809999999999972,4.0,3.809999999999972,3.3491719924709393,VALID,0.6531612584350248,VALID,2.003872496061395,VALID,1.992001398991516,VALID,2.104427086318155,VALID,0.39262521762622643,VALID,crazyflie-6dof,2.0.0,65.31257742254088,0.07837509290704905,62.58034946562672,2.527202155555554,0.07836819587096894,0.12,0.4904330334009551,false,100.0,false,65.29455649494922,0.07835346779393906,62.57137394631959,2.5268396943047957,0.07835806579467842,0.12,0.49022740040563606,false,100.0,false,65.30306161207734,0.07836367393449281,62.57561034668314,2.5270107742080237,0.07837316155663754,0.12,0.4903244482811042,false,100.0,false,65.3209242539208,0.07838510910470495,62.5845057874997,2.527370001623629,0.07838308982639448,0.12,0.4905282833609471,false,100.0,false,[]
1,child-f9d0c0c9a9ae419f6470a221,py-f996c906ee10788ea67a,f996c906ee10,4b81296e5dd75a57ec2747997355f69bfd8a5d1068302c364c372acc996e4530,evt-35710a2a2c724e8d84407d96ac20bb15,45772,Alpha,SIM,vehicle-adapter,2026-08-15T05:18:08.274034Z,3.8299999999999716,3.8399999999999714,386,3.8299999999999716,,fast-sim-Alpha,1,home,FLYING,true,true,true,simulated,98.07327033485815,-1.3414686137854486,4.692219221999385e-05,0.3948478967785632,-1.347669692781119,-0.006090173938466387,0.3955587687939641,0.02156753987546333,-0.001047483061528154,0.01186690855963235,-0.0002634055942669391,0.00793626612394832,9.388583843661263e-07,,,,,99.13772181002369,4.191399907693327,4.038245154338364,2.042063378088705,false,,false,modeled_transport,SIMULATED_MODEL,100.0,30.0,0.0,-0.011760495305359983,0.0006071655675043207,9.79034233241128,-0.0007227760717631851,0.00658142812645892,-1.491758681569791e-07,,,,,,0.021568215928419756,-0.0010475033467325385,0.0,0.39557123984378373,97.27923735491207,DEGRADED,3.8299999999999716,4.0,3.8299999999999716,3.347487652936239,VALID,0.6543246937166936,VALID,2.0046719529936916,VALID,1.9940985237068565,VALID,2.1031847321415142,VALID,0.39760155818454834,VALID,crazyflie-6dof,2.0.0,65.29926822067978,0.07835912186481574,62.57408274089475,2.526894864155861,0.07836298576827518,0.12,0.49026921409108376,false,100.0,false,65.32128999977964,0.07838554799973556,62.585049771013026,2.527337739718187,0.07836700235827655,0.12,0.4905204989302713,false,100.0,false,65.34256559583727,0.07841107871500473,62.59564139495829,2.527765455458922,0.07839236992842417,0.12,0.49076329450540696,false,100.0,false,65.32040242784414,0.07838448291341298,62.584607830183046,2.5273198930640355,0.07838816357815673,0.12,0.4905103705619428,false,100.0,false,[]
1,child-f9d0c0c9a9ae419f6470a221,py-f996c906ee10788ea67a,f996c906ee10,4b81296e5dd75a57ec2747997355f69bfd8a5d1068302c364c372acc996e4530,evt-ef3ecfed542c4d669e2664b39c662cc3,45773,Alpha,SIM,vehicle-adapter,2026-08-15T05:18:08.284146Z,3.8399999999999714,3.8499999999999712,387,3.8399999999999714,,fast-sim-Alpha,1,home,FLYING,true,true,true,simulated,98.09239823206568,-1.3413265521633306,0.0018114111656567095,0.39742572715414726,-1.347446437740844,-0.006100301966916189,0.39567583699588177,0.02223036772607184,-0.0010159124597074738,0.011706820191770273,-0.0002616370338366855,0.008004896499470109,9.149581228725996e-07,,,,,99.13545216974832,4.191377218100237,4.038176499512224,2.0426762478424725,false,,false,modeled_transport,SIMULATED_MODEL,100.0,30.0,0.0,-0.012131656705553426,0.0005892085833767891,9.790858230281767,0.00017687509272147758,0.006863037945796447,-5.882565328304502e-07,,,,,,0.02223107693058172,-0.001015932834334875,0.0,0.39568852800851956,97.22471430709889,DEGRADED,3.8399999999999714,4.0,3.8399999999999714,3.349371762056763,VALID,0.6526726150347086,VALID,2.00374039348156,VALID,1.9942573521496456,VALID,2.102453900670317,VALID,0.3985432251738306,VALID,crazyflie-6dof,2.0.0,65.32509510990434,0.07839011413188521,62.58712492479365,2.5273785704333744,0.07836698097535898,0.12,0.4905520119310251,false,100.0,false,65.34391099012866,0.07841269318815439,62.59649165641371,2.5277568155884285,0.07837560949204989,0.12,0.49076673253574893,false,100.0,false,65.34567525684221,0.07841481030821065,62.59736977613996,2.5277922756128515,0.07839519867853376,0.12,0.4907868667586578,false,100.0,false,65.32672725096596,0.07839207270115914,62.58793753646452,2.5274113851269,0.07838638816675554,0.12,0.4905706366170407,false,100.0,false,[]
1,child-f9d0c0c9a9ae419f6470a221,py-f996c906ee10788ea67a,f996c906ee10,4b81296e5dd75a57ec2747997355f69bfd8a5d1068302c364c372acc996e4530,evt-69ad080107aa4ca5b3b7181ef991493a,45774,Alpha,SIM,vehicle-adapter,2026-08-15T05:18:08.294380Z,3.8499999999999712,3.859999999999971,388,3.8499999999999712,,fast-sim-Alpha,1,home,FLYING,true,true,true,simulated,98.10188100907816,-1.3422944375665704,0.0004964402275926452,0.39495150361173303,-1.3472165266850153,-0.006110127929173608,0.3957909530602789,0.0228966171010191,-0.0009855233319333353,0.011511606439712496,-0.00025024319307027503,0.008078297466326089,8.861464574999519e-07,,,,,99.13318804783303,4.191354521697483,4.038526292416764,2.0377097237535446,false,,false,modeled_transport,SIMULATED_MODEL,100.0,30.0,0.0,-0.012504490041315111,0.0005713859164563242,9.78734741430112,0.0011394072455838216,0.007340097185986708,-1.002448127951235e-06,,,,,,0.02289736135952846,-0.0009855436525472686,0.0,0.3958038802435198,97.169241514692,DEGRADED,3.8499999999999712,4.0,3.8499999999999712,3.3460576162001114,VALID,0.6542174617964636,VALID,2.007472349331635,VALID,1.9953279386504563,VALID,2.102155694240245,VALID,0.3998843302340597,VALID,crazyflie-6dof,2.0.0,65.19692025163812,0.07823630430196575,62.52346383072418,2.5250265257334816,0.07833513692694469,0.12,0.489176375930318,false,100.0,false,65.21889326238873,0.07826267191486648,62.53442524500229,2.525469205331124,0.07834817435334612,0.12,0.48942703371727303,false,100.0,false,65.240995957024,0.07828919514842879,62.54544731998213,2.525914334727154,0.07836948715153867,0.12,0.48967919762290885,false,100.0,false,65.21890051736776,0.07826268062084131,62.53442886354694,2.525469351467001,0.07835627644638206,0.12,0.48942711648304454,false,100.0,false,[]
1,child-f9d0c0c9a9ae419f6470a221,py-f996c906ee10788ea67a,f996c906ee10,4b81296e5dd75a57ec2747997355f69bfd8a5d1068302c364c372acc996e4530,evt-11557beb07cf41c7946e82ed52dd5c3f,45775,Alpha,SIM,vehicle-adapter,2026-08-15T05:18:08.304547Z,3.859999999999971,3.869999999999971,389,3.859999999999971,,fast-sim-Alpha,1,home,FLYING,true,true,true,simulated,98.1059807910397,-1.3405187723809766,0.0019077497216570044,0.39703526187204535,-1.3469799160052869,-0.006119671986700314,0.39590425766163856,0.023567042266456888,-0.0009570718017767186,0.011330460135966502,-0.0002313620041764704,0.008159967014135227,8.525797681790617e-07,,,,,99.13091825666747,4.19133188047833,4.038120976802137,2.0428120490092216,false,,false,modeled_transport,SIMULATED_MODEL,100.0,30.0,0.0,-0.012879228392379344,0.0005542438868204134,9.788756557590165,0.0018881461423761075,0.008166955357301092,-1.3899342857445299e-06,,,,,,0.023567824271751026,-0.0009570919201755914,0.0,0.395917449278445,97.11218881174003,DEGRADED,3.859999999999971,4.0,3.859999999999971,3.3461299314605055,VALID,0.6481916684052886,VALID,2.0045442362094885,VALID,1.990353806145538,VALID,2.1048913361401467,VALID,0.39362397458242154,VALID,crazyflie-6dof,2.0.0,65.3188889636861,0.07838266675642333,62.58420683702448,2.527225984451123,0.07834379053981612,0.12,0.4904721607273974,false,100.0,false,65.35617699142976,0.0784274123897157,62.60276830632794,2.5279755190366684,0.0783647052863123,0.12,0.4908976741524513,false,100.0,false,65.35940447632149,0.07843128537158578,62.604374364977474,2.528040373627895,0.07838168364403068,0.12,0.4909345082719293,false,100.0,false,65.32200406284116,0.07838640487540938,62.58575792976122,2.5272886194522948,0.07836060517475366,0.12,0.49050770585744363,false,100.0,false,[]
1,child-f9d0c0c9a9ae419f6470a221,py-f996c906ee10788ea67a,f996c906ee10,4b81296e5dd75a57ec2747997355f69bfd8a5d1068302c364c372acc996e4530,evt-863e681f48e6475cab8b9e6307b61acf,45776,Alpha,SIM,vehicle-adapter,2026-08-15T05:18:08.314764Z,3.869999999999971,3.8799999999999706,390,3.869999999999971,,fast-sim-Alpha,1,home,FLYING,true,true,true,simulated,98.10958473956185,-1.340976188784883,-0.0010118387533198442,0.39635823849817364,-1.3467365570897636,-0.006128962088857349,0.3960155458443823,0.0242424296422611,-0.0009313269907501113,0.011128818274375174,-0.00020449251414323698,0.008249876340616434,8.154923418703354e-07,,,,,99.12865286363869,4.191309182566675,4.038395153123899,2.0388537259042603,false,,false,modeled_transport,SIMULATED_MODEL,100.0,30.0,0.0,-0.013256318347227333,0.0005381897964003997,9.786709808860754,0.002686979433086418,0.0089909332496977,-1.7492484146576385e-06,,,,,,0.02424325231033196,-0.000931346779738675,0.0,0.3960290310070133,97.05350321153215,DEGRADED,3.869999999999971,4.0,3.869999999999971,3.350085210702716,VALID,0.6532096518751584,VALID,2.0085763208206804,VALID,1.9951838627771938,VALID,2.1054500827708793,VALID,0.3942034387646359,VALID,crazyflie-6dof,2.0.0,65.22774483866719,0.07827329380640062,62.53904525570621,2.5255737724164016,0.07832581146120789,0.12,0.48950215494875726,false,100.0,false,65.24604487841006,0.07829525385409207,62.54817001671393,2.525942266322671,0.07834698578235594,0.12,0.4897109266574856,false,100.0,false,65.26483421714096,0.07831780106056914,62.557535869346516,2.5263204964614343,0.07836534791347073,0.12,0.48992529953980646,false,100.0,false,65.24643213291581,0.07829571855949898,62.54836307951459,2.5259500629614555,0.0783440201270976,0.12,0.4897153447582108,false,100.0,false,[]
1,child-f9d0c0c9a9ae419f6470a221,py-f996c906ee10788ea67a,f996c906ee10,4b81296e5dd75a57ec2747997355f69bfd8a5d1068302c364c372acc996e4530,evt-52115909a6ed4e63a27f617018ddacc8,45777,Alpha,SIM,vehicle-adapter,2026-08-15T05:18:08.325076Z,3.8799999999999706,3.8899999999999704,391,3.8799999999999706,,fast-sim-Alpha,1,home,FLYING,true,true,true,simulated,98.09094117414371,-1.3408535580927476,0.0008399893574625988,0.39532796923138996,-1.346486391098058,-0.0061380289174687895,0.3961247872762313,0.024923654491124273,-0.0009086269845440071,0.010924143184898316,-0.0001746289713597784,0.008349071521732702,7.758948519468357e-07,,,,,99.12638576003755,4.191286528636387,4.038257035560486,2.0403932410270462,false,,false,modeled_transport,SIMULATED_MODEL,100.0,30.0,0.0,-0.013636197239213235,0.0005236919499908917,9.786409972087423,0.0029863871420241017,0.009919518693233176,-2.079261339571293e-06,,,,,,0.02492452116302934,-0.000908646336533656,0.0,0.39613860005175766,96.99293154613507,DEGRADED,3.8799999999999706,4.0,3.8799999999999706,3.347063333498841,VALID,0.6547977961917802,VALID,2.006924259138872,VALID,1.9941063968989954,VALID,2.1002106388822077,VALID,0.3948385181045263,VALID,crazyflie-6dof,2.0.0,65.27980088179207,0.07833576105815049,62.56503161178044,2.5265367908633656,0.0783265663098352,0.12,0.4900646901530278,false,100.0,false,65.30624025647536,0.07836748830777043,62.578202545572736,2.527068667023882,0.07835036215831677,0.12,0.49036637191028964,false,100.0,false,65.28573859425585,0.07834288631310701,62.567990021800235,2.5266562590641306,0.07835804759321414,0.12,0.4901324380223167,false,100.0,false,65.2592076169517,0.07831104914034204,62.5547689513249,2.5261223582554844,0.07833410910444158,0.12,0.48982974094141235,false,100.0,false,[]
1,child-f9d0c0c9a9ae419f6470a221,py-f996c906ee10788ea67a,f996c906ee10,4b81296e5dd75a57ec2747997355f69bfd8a5d1068302c364c372acc996e4530,evt-4ec393ff505c4c6c809ae237c079acea,45778,Alpha,SIM,vehicle-adapter,2026-08-15T05:18:08.333944Z,3.8899999999999704,3.89999999999997,392,3.8899999999999704,,fast-sim-Alpha,1,home,FLYING,true,true,true,simulated,98.12187316612065,-1.3410246425444545,0.0029876187188621964,0.39538954471906923,-1.3462293481090244,-0.006146905136710689,0.39623213836793014,0.02561166443185348,-0.0008891830388246279,0.010735109169884849,-0.00014253514842506757,0.008458316731639062,7.347766997267389e-07,,,,,99.12411615114326,4.191263857600376,4.038065257237143,2.042648004865596,false,,false,modeled_transport,SIMULATED_MODEL,100.0,30.0,0.0,-0.014019358986891134,0.0005109122318095866,9.787978321153872,0.0032094168477773415,0.010924521517577895,-2.379236948647513e-06,,,,,,0.025612578902945413,-0.0008892018667112855,0.0,0.39624631665767723,96.93028464434097,DEGRADED,3.8899999999999704,4.0,3.8899999999999704,3.344354306870331,VALID,0.6538894659510133,VALID,2.008310383739546,VALID,1.994684420127242,VALID,2.1057554043256643,VALID,0.3977719919054793,VALID,crazyflie-6dof,2.0.0,65.32190004239207,0.07838628005087048,62.586140871461616,2.5272692103759873,0.07833799087442427,0.12,0.4905034591834582,false,100.0,false,65.3485854173574,0.07841830250082887,62.59942508163165,2.527805635451562,0.07836382898435998,0.12,0.49080797328638115,false,100.0,false,65.34972756130713,0.07841967307356856,62.59999351969995,2.5278285893517065,0.07836994493691922,0.12,0.49082100747332574,false,100.0,false,65.32296096551322,0.07838755315861587,62.58666912028731,2.527290541408289,0.0783439754205979,0.12,0.4905155649224313,false,100.0,false,[]
1,child-f9d0c0c9a9ae419f6470a221,py-f996c906ee10788ea67a,f996c906ee10,4b81296e5dd75a57ec2747997355f69bfd8a5d1068302c364c372acc996e4530,evt-40cfa2a31e2645658ce431acddfd7e7b,45779,Alpha,SIM,vehicle-adapter,2026-08-15T05:18:08.345742Z,3.89999999999997,3.90999999999997,393,3.89999999999997,,fast-sim-Alpha,1,home,FLYING,true,true,true,simulated,98.08186157441583,-1.3390924268753621,0.0012151619921659373,0.39476650740317437,-1.3459653479790674,-0.006155628237029226,0.39633772350763957,0.026307497741218627,-0.0008734461330547627,0.010558513970937433,-0.00010533972560669103,0.008578638910547,6.933742479093088e-07,,,,,99.121846456121,4.1912411615114324,4.038036747508821,2.0427255200252605,false,,false,modeled_transport,SIMULATED_MODEL,100.0,30.0,0.0,-0.014406334295190809,0.0004999464910225133,9.789227209167713,0.0037195775504267753,0.012032218328093345,-2.648852696484734e-06,,,,,,0.026308464400344813,-0.0008734643788421936,0.0,0.3963523100039732,96.86533396918979,DEGRADED,3.89999999999997,4.0,3.89999999999997,3.3485020345206298,VALID,0.6567310837024244,VALID,2.006268907922841,VALID,1.9934179211629781,VALID,2.1035332208212174,VALID,0.39583907519499345,VALID,crazyflie-6dof,2.0.0,65.30905396550737,0.07837086475860884,62.5800220146804,2.5270042855519046,0.07834264819982427,0.12,0.49035659456057673,false,100.0,false,65.33947819714292,0.0784073738365715,62.59517028244195,2.527615978170727,0.07837113566554599,0.12,0.49070375458794063,false,100.0,false,65.36601456219255,0.07843921747463105,62.60837654282487,2.528149251817961,0.07838364324479388,0.12,0.49100659295264404,false,100.0,false,65.33551927943834,0.07840262313532602,62.5931995639488,2.5275363998337834,0.07835503584727753,0.12,0.49065857792409917,false,100.0,false,[]
1,child-f9d0c0c9a9ae419f6470a221,py-f996c906ee10788ea67a,f996c906ee10,4b81296e5dd75a57ec2747997355f69bfd8a5d1068302c364c372acc996e4530,evt-bfed38b7b2b0466984aea5bf7be0fe6f,45780,Alpha,SIM,vehicle-adapter,2026-08-15T05:18:08.356324Z,3.90999999999997,3.9199999999999697,394,3.90999999999997,,fast-sim-Alpha,1,home,FLYING,true,true,true,simulated,98.07259341304724,-1.339897606191375,0.0021990663442760985,0.3962346025647575,-1.3456943018307548,-0.006164239273601984,0.39644174924066095,0.02701198367339919,-0.000861787681218893,0.010402573302137341,-6.429353311463885e-05,0.008707571484476928,6.535549750558457e-07,,,,,99.11957517389642,4.19121846456121,4.037906914402429,2.0441540021307394,false,,false,modeled_transport,SIMULATED_MODEL,100.0,30.0,0.0,-0.014797728973306778,0.0004910742461306688,9.791298328865267,0.004104653665569506,0.012893257704914339,-2.8882159155858135e-06,,,,,,0.02701300670864133,-0.0008618053368162292,0.0,0.39645677999864176,96.79841313574947,DEGRADED,3.90999999999997,4.0,3.90999999999997,3.3462878663017293,VALID,0.6514287887119301,VALID,2.0038912132277433,VALID,1.9954574118612218,VALID,2.1019885307955373,VALID,0.39577844374968196,VALID,crazyflie-6dof,2.0.0,65.36648798198007,0.07843978557837608,62.60889833676251,2.5280890349713205,0.0783622368230746,0.12,0.49098817459372557,false,100.0,false,65.37349621062239,0.07844819545274687,62.612385117354485,2.528229827925934,0.07838573376959772,0.12,0.49106815497070216,false,100.0,false,65.37533816655008,0.0784504057998601,62.61330147238661,2.5282668294891364,0.07839568204734566,0.12,0.4910891764674905,false,100.0,false,65.36826866300169,0.07844192239560202,62.609784311391145,2.5281248098021103,0.07837207670779914,0.12,0.49100849609882097,false,100.0,false,[]
1,child-f9d0c0c9a9ae419f6470a221,py-f996c906ee10788ea67a,f996c906ee10,4b81296e5dd75a57ec2747997355f69bfd8a5d1068302c364c372acc996e4530,evt-830d9960892f425394d878a0a71dec3b,45781,Alpha,SIM,vehicle-adapter,2026-08-15T05:18:08.367113Z,3.9199999999999697,3.9299999999999695,395,3.9199999999999697,,fast-sim-Alpha,1,home,FLYING,true,true,true,simulated,98.07672365233674,-1.340334758327178,0.0019968893766018946,0.39544461490194993,-1.3454161154075663,-0.006172783274861166,0.39654415467459336,0.02772589483327753,-0.0008545991978030524,0.010240543393247314,-1.8978760831458853e-05,0.00884485456683773,6.16858060857025e-07,,,,,99.11730694469315,4.191195751738964,4.038090280516348,2.0414062829411654,false,,false,modeled_transport,SIMULATED_MODEL,100.0,30.0,0.0,-0.01519399464862392,0.0004844938201583165,9.790695600818598,0.00453150943467373,0.013728308402051507,-3.097956243576704e-06,,,,,,0.0277269787164841,-0.0008546163008985258,0.0,0.39655966636419787,96.72950830148281,DEGRADED,3.9199999999999697,4.0,3.9199999999999697,3.344315173755785,VALID,0.654558453235868,VALID,2.0046357853102816,VALID,1.992059391160783,VALID,2.105779861328248,VALID,0.3973372511164066,VALID,crazyflie-6dof,2.0.0,65.2908887769959,0.07834906653239507,62.57163019848717,2.5266989174057426,0.0783563419248992,0.12,0.490176872016683,false,100.0,false,65.30968667454133,0.07837162400944958,62.58099351689717,2.527077016656391,0.07837960418231674,0.12,0.49039135933768696,false,100.0,false,65.32153608296683,0.07838584329956019,62.586894262132816,2.5273152940762293,0.07839061314106742,0.12,0.49052657312544923,false,100.0,false,65.30268602771149,0.07836322323325379,62.57750680381077,2.526936220034139,0.07836725387733769,0.12,0.49031147846134643,false,100.0,false,[]
1,child-f9d0c0c9a9ae419f6470a221,py-f996c906ee10788ea67a,f996c906ee10,4b81296e5dd75a57ec2747997355f69bfd8a5d1068302c364c372acc996e4530,evt-8dce2b6d1f0e45efb92a39198f753131,45782,Alpha,SIM,vehicle-adapter,2026-08-15T05:18:08.378240Z,3.9299999999999695,3.9399999999999693,396,3.9299999999999695,,fast-sim-Alpha,1,home,FLYING,true,true,true,simulated,98.06007298709866,-1.3399475112995036,0.0006605064791562172,0.39854100471062215,-1.345130684826074,-0.006181308788727216,0.396645032184783,0.02845005524491073,-0.0008522391659347705,0.0100877510189612,3.018901191273058e-05,0.00899112146366427,5.848843942312138e-07,,,,,99.1150367818951,4.191173069446932,4.037937080578866,2.043146518251492,false,,false,modeled_transport,SIMULATED_MODEL,100.0,30.0,0.0,-0.01559556262379648,0.0004804310846762024,9.791626308989551,0.004916805789109172,0.014626689694999886,-3.279223960874609e-06,,,,,,0.028451204971501803,-0.0008522558063163154,0.0,0.39666106535037343,96.65845757573369,DEGRADED,3.9299999999999695,4.0,3.9299999999999695,3.347264349808052,VALID,0.6547621076434179,VALID,2.004926244110953,VALID,1.9936086836109659,VALID,2.1034838556514672,VALID,0.396081305587675,VALID,crazyflie-6dof,2.0.0,65.33114512952552,0.07839737415543063,62.5918921873736,2.5274212240699048,0.0783626208301172,0.12,0.49060530848343537,false,100.0,false,65.35630095889509,0.07842756115067412,62.604413446894924,2.5279268246510718,0.0783876016246039,0.12,0.49089237514179174,false,100.0,false,65.36294553567662,0.07843553464281194,62.60771989956688,2.5280603371295647,0.07839785556236467,0.12,0.49096820575549344,false,100.0,false,65.33774579567473,0.07840529495480969,62.59517815964425,2.5275539095626787,0.07837278877879654,0.12,0.4906806288707714,false,100.0,false,[]
1,child-f9d0c0c9a9ae419f6470a221,py-f996c906ee10788ea67a,f996c906ee10,4b81296e5dd75a57ec2747997355f69bfd8a5d1068302c364c372acc996e4530,evt-7cabe9ff9c2a405f9889f591cbaceeb1,45783,Alpha,SIM,vehicle-adapter,2026-08-15T05:18:08.389710Z,3.9399999999999693,3.949999999999969,397,3.9399999999999693,,fast-sim-Alpha,1,home,FLYING,true,true,true,simulated,98.06100944181871,-1.3389930970232442,0.002319693932923696,0.3956590255401601,-1.3448379024974584,-0.0061898649221234885,0.3967439797818083,0.02918528711492649,-0.000854797997172734,0.009894759702533396,8.023799089332896e-05,0.009146350707515846,5.591167701929157e-07,,,,,99.11277328112806,4.191150367818951,4.038364066044107,2.0371506903228838,false,,false,modeled_transport,SIMULATED_MODEL,100.0,30.0,0.0,-0.01600289941693786,0.00047910206744077434,9.787613887477118,0.005004921266762547,0.015522924255260976,-3.4337314590555646e-06,,,,,,0.029186508065143533,-0.0008548143179077743,0.0,0.39676057659134684,96.58521001043327,DEGRADED,3.9399999999999693,4.0,3.9399999999999693,3.3443053299501306,VALID,0.6583992186225127,VALID,2.005600616390963,VALID,1.9976739263232852,VALID,2.097800654144657,VALID,0.3923938902571601,VALID,crazyflie-6dof,2.0.0,65.20181525888525,0.0782421783106623,62.527754758762974,2.525098379482068,0.0783329239149617,0.12,0.4892367060380164,false,100.0,false,65.223649047055,0.07826837885646601,62.538646170136616,2.525538214325266,0.07835820797192058,0.12,0.4894857816978678,false,100.0,false,65.21076860939304,0.07825292233127165,62.5322214619177,2.5252787612172054,0.07836207220116018,0.12,0.48933884097380903,false,100.0,false,65.18889807506851,0.07822667769008221,62.52130938348536,2.524838091762935,0.0783367125664504,0.12,0.48908936161319044,false,100.0,false,[]
1,child-f9d0c0c9a9ae419f6470a221,py-f996c906ee10788ea67a,f996c906ee10,4b81296e5dd75a57ec2747997355f69bfd8a5d1068302c364c372acc996e4530,evt-887c3dd8f0e04bfea858602b9ea8dcdf,45784,Alpha,SIM,vehicle-adapter,2026-08-15T05:18:08.393069Z,3.949999999999969,3.959999999999969,398,3.949999999999969,,fast-sim-Alpha,1,home,FLYING,true,true,true,simulated,98.053016853671,-1.3388022265403976,0.0009120834887965459,0.3982706441796085,-1.3445376492279117,-0.006198501728909033,0.39684116404514114,0.0299322625348613,-0.0008623660199012813,0.009718426333282792,0.0001315022752882296,0.009308797108646596,5.40677111919711e-07,,,,,99.1105032063295,4.191127732811281,4.037897683910764,2.0430673186996957,false,,false,modeled_transport,SIMULATED_MODEL,100.0,30.0,0.0,-0.0164164820029917,0.0004805393599924484,9.789288004998996,0.005126445455702309,0.0162446398678828,-3.5637095310371994e-06,,,,,,0.029933560041800974,-0.0008623822110469383,0.0,0.39685836197567065,96.5100040382723,DEGRADED,3.949999999999969,4.0,3.949999999999969,3.3424611460352467,VALID,0.6552578354914038,VALID,2.0050438760776443,VALID,1.9947535520244386,VALID,2.1049594461110623,VALID,0.39520694506773274,VALID,crazyflie-6dof,2.0.0,65.3379310048574,0.07840551720582888,62.59557018285575,2.527545078644269,0.07834685961318673,0.12,0.49068040296062115,false,100.0,false,65.34731170221039,0.07841677404265247,62.60023951215139,2.5277336213837516,0.07836865664310334,0.12,0.4907874496467491,false,100.0,false,65.35309381347953,0.07842371257617543,62.60311725032501,2.5278498215068135,0.0783732843246756,0.12,0.4908534339061589,false,100.0,false,65.34368226429373,0.07841241871715247,62.59843301176087,2.527660676746323,0.07835142130207337,0.12,0.49074603218616675,false,100.0,false,[]
1,child-f9d0c0c9a9ae419f6470a221,py-f996c906ee10788ea67a,f996c906ee10,4b81296e5dd75a57ec2747997355f69bfd8a5d1068302c364c372acc996e4530,evt-a4002a27ebb7427db3275f9d94f34b8e,45785,Alpha,SIM,vehicle-adapter,2026-08-15T05:18:08.415004Z,3.9699999999999687,3.9799999999999685,400,3.9699999999999687,,fast-sim-Alpha,1,home,FLYING,true,true,true,simulated,98.02347796185225,-1.3401684626799655,0.0028098299424046576,0.3964422588966048,-1.3439142384885612,-0.006216208808810606,0.39702975754888953,0.031463524346683744,-0.0008919008786147319,0.009344080706369384,0.00022916102826614037,0.009651437009983726,5.284873311515054e-07,,,,,99.10596685436055,4.1910823869255704,4.037733308664416,2.04465437683472,false,,false,modeled_transport,SIMULATED_MODEL,100.0,30.0,0.0,-0.017263778147060913,0.0004918296676942385,9.789820588961424,0.00476485756484986,0.01744499469639009,-3.7614224575184584e-06,,,,,,0.03146499132228754,-0.0008919175301080428,0.0,0.39704826039995667,96.3542492720395,DEGRADED,3.9699999999999687,4.0,3.9699999999999687,3.3432600936779697,VALID,0.6575628659902828,VALID,2.005910757755128,VALID,1.9930806336206217,VALID,2.1050871323056235,VALID,0.39532328241115755,VALID,crazyflie-6dof,2.0.0,65.37722602363638,0.07845267122836365,62.61551051007034,2.528247324255378,0.07835425461235399,0.12,0.4910992092776354,false,100.0,false,65.39749358842325,0.0784769923061079,62.62559146918139,2.528654366499238,0.07837445364945264,0.12,0.4913305197077594,false,100.0,false,65.38852038671268,0.07846622446405523,62.62112867240174,2.528474170667168,0.07837120910252719,0.12,0.49122810723942856,false,100.0,false,65.36822949954328,0.07844187539945192,62.611034611466366,2.5280665994065834,0.07835095993933551,0.12,0.4909965406098963,false,100.0,false,[]
1,child-f9d0c0c9a9ae419f6470a221,py-f996c906ee10788ea67a,f996c906ee10,4b81296e5dd75a57ec2747997355f69bfd8a5d1068302c364c372acc996e4530,evt-ff3e52fcda67461e9ebc27933101cd83,45786,Alpha,SIM,vehicle-adapter,2026-08-15T05:18:08.425328Z,3.9799999999999685,3.9899999999999682,401,3.9799999999999685,,fast-sim-Alpha,1,home,FLYING,true,true,true,simulated,98.05388917356964,-1.338894055536375,0.0030464566138472815,0.39763949063648985,-1.3435908149519729,-0.006225369718000033,0.39712152513335497,0.03224899238057501,-0.0009134730826582731,0.009176758446544087,0.0002757239344842773,0.009833258649918611,5.360297290405113e-07,,,,,99.10369785823116,4.1910596685436055,4.037902429808401,2.042096516454408,false,,false,modeled_transport,SIMULATED_MODEL,100.0,30.0,0.0,-0.017698070555155307,0.0005014501490565241,9.790217299795202,0.0046562832747047995,0.018182163659550346,-3.835746585661438e-06,,,,,,0.03225055355602771,-0.0009134904038002439,0.0,0.39714074043394315,96.27337895679263,DEGRADED,3.9799999999999685,4.0,3.9799999999999685,3.342911052647073,VALID,0.6554844136909939,VALID,2.0094774094865024,VALID,1.98935114280942,VALID,2.099547028605465,VALID,0.39809505285486046,VALID,crazyflie-6dof,2.0.0,65.30636640228919,0.07836763968274701,62.58067837182848,2.5269467325666426,0.07835401681895662,0.12,0.49034025280367327,false,100.0,false,65.33221724701946,0.07839866069642334,62.59355101518006,2.527466517345317,0.07837690310216389,0.12,0.4906352288084683,false,100.0,false,65.33860597382656,0.07840632716859186,62.596731485140886,2.5275949416191446,0.07837636963245942,0.12,0.4907081342384091,false,100.0,false,65.31273334339983,0.0783752800120798,62.583849355095666,2.5270747737770374,0.07835343918552652,0.12,0.4904129006038575,false,100.0,false,[]
1,child-f9d0c0c9a9ae419f6470a221,py-f996c906ee10788ea67a,f996c906ee10,4b81296e5dd75a57ec2747997355f69bfd8a5d1068302c364c372acc996e4530,evt-d013841e76184c49a7d37a4bc887c701,45787,Alpha,SIM,vehicle-adapter,2026-08-15T05:18:08.435892Z,3.9899999999999682,3.999999999999968,402,3.9899999999999682,,fast-sim-Alpha,1,home,FLYING,true,true,true,simulated,98.08286890524313,-1.3370518784040293,0.002761767055541248,0.39871080702922407,-1.3432593960387234,-0.00623479477186863,0.39721147605914997,0.03304842556810193,-0.0009394991838153888,0.008995092579500152,0.0003223154918517408,0.010021095313283846,5.532114450581079e-07,,,,,99.10143130857426,4.191036978582312,4.038044876741015,2.039894691205422,false,,false,modeled_transport,SIMULATED_MODEL,100.0,30.0,0.0,-0.018139932892202643,0.0005135887339700568,9.788793479967696,0.004659138681275677,0.01878366607084048,-3.8985995827511994e-06,,,,,,0.03305008755276654,-0.0009395175153844679,0.0,0.39723144198254917,96.19062535281728,DEGRADED,3.9899999999999682,4.0,3.9899999999999682,3.340990053508655,VALID,0.6551480607607472,VALID,2.008925891126212,VALID,1.9942927846562297,VALID,2.0997909853561034,VALID,0.3987665287521619,VALID,crazyflie-6dof,2.0.0,65.26191813409712,0.07831430176091654,62.558822326927924,2.5261533199220274,0.0783420800746441,0.12,0.48987302665248245,false,100.0,false,65.27194942702161,0.07832633931242593,62.563821854212655,2.5263552030774097,0.07836226969259132,0.12,0.48998747465064474,false,100.0,false,65.27957203484347,0.07833548644181217,62.56762035325809,2.526508588173507,0.07836414168470886,0.12,0.49007444541578565,false,100.0,false,65.26951894049444,0.07832342272859331,62.56261059283281,2.526306291799317,0.07834391237807331,0.12,0.4899597444865093,false,100.0,false,[]
1,child-f9d0c0c9a9ae419f6470a221,py-f996c906ee10788ea67a,f996c906ee10,4b81296e5dd75a57ec2747997355f69bfd8a5d1068302c364c372acc996e4530,evt-3802689d05fa4e9f8df267a20fbec98a,45788,Alpha,SIM,vehicle-adapter,2026-08-15T05:18:08.446668Z,3.999999999999968,4.009999999999968,403,3.999999999999968,,fast-sim-Alpha,1,home,FLYING,true,true,true,simulated,98.07960850801712,-1.3365524120415522,0.002915065962874915,0.39702725552946155,-1.342919843654339,-0.006244528104869131,0.397299351070796,0.03386197342998402,-0.0009699629071023718,0.00878750116460325,0.00036899583602391833,0.010210811252825525,5.79250189175133e-07,,,,,99.09916692176675,4.191014313085743,4.03816820357858,2.0379481267492903,false,,false,modeled_transport,SIMULATED_MODEL,100.0,30.0,0.0,-0.01858967859356843,0.0005282328788589626,9.786211671447317,0.004668008077842615,0.018971593782892867,-3.953897755845214e-06,,,,,,0.033863741835520544,-0.0009699825876921328,0.0,0.39732009036727456,96.10664397656477,DEGRADED,3.999999999999968,4.0,3.999999999999968,3.34212998025786,VALID,0.6551486833962812,VALID,2.0076744071929498,VALID,1.9946427465392134,VALID,2.10342500611681,VALID,0.39846691266797724,VALID,crazyflie-6dof,2.0.0,65.23066994774668,0.07827680393729601,62.54341153591303,2.5256081580765377,0.07832503526412216,0.12,0.48954914448390296,false,100.0,false,65.21778986178977,0.07826134783414772,62.53698762205674,2.5253487496297677,0.07833636637117418,0.12,0.4894022109990926,false,100.0,false,65.21979209025314,0.07826375050830377,62.53798631915457,2.5253890786984226,0.07833837020938089,0.12,0.4894250514294177,false,100.0,false,65.232648816573,0.0782791785798876,62.54439837057678,2.5256480081201516,0.07832700231116962,0.12,0.4895717198368769,false,100.0,false,[]
1,child-f9d0c0c9a9ae419f6470a221,py-f996c906ee10788ea67a,f996c906ee10,4b81296e5dd75a57ec2747997355f69bfd8a5d1068302c364c372acc996e4530,evt-274167c578394f579fe39746a38cb2c0,45789,Alpha,SIM,vehicle-adapter,2026-08-15T05:18:08.453672Z,4.009999999999968,4.019999999999968,404,4.009999999999968,,fast-sim-Alpha,1,home,FLYING,true,true,true,simulated,98.07380950742491,-1.3381053081585814,0.0023790965496699994,0.39764445191220116,-1.3425720189420176,-0.00625461382075818,0.39738523771071826,0.03468940292626616,-0.0010048503147650329,0.008588663992226131,0.0004157773493551424,0.010398534701326453,6.128565284003194e-07,,,,,99.09689858502061,4.190991669217667,4.037878938852273,2.0415030715297093,false,,false,modeled_transport,SIMULATED_MODEL,100.0,30.0,0.0,-0.01904738995549607,0.0005453739997863362,9.787097972904599,0.004678116704354719,0.018772344783790963,-4.005561012642933e-06,,,,,,0.034691282213904724,-0.0010048716612483786,0.0,0.3974067575670231,96.02207144610216,DEGRADED,4.009999999999968,4.0,4.009999999999968,3.3427510981796047,VALID,0.6591439076537103,VALID,2.0054072872316615,VALID,1.9922634396783776,VALID,2.099303295245084,VALID,0.39753129906688733,VALID,crazyflie-6dof,2.0.0,65.31745307299485,0.07838094368759382,62.586725760548575,2.5271762180024213,0.0783354614555028,0.12,0.49047331825809964,false,100.0,false,65.29859653135267,0.0783583158376232,62.57733415607451,2.5267969963833425,0.07833835459481,0.12,0.49025816042254505,false,100.0,false,65.30036748377717,0.0783604409805326,62.57821631360346,2.526832616836412,0.07834038842933691,0.12,0.4902783666016408,false,100.0,false,65.31919773295878,0.07838303727955054,62.587594549706374,2.5272112986568467,0.07833745980340226,0.12,0.49049322624742386,false,100.0,false,[]
1,child-f9d0c0c9a9ae419f6470a221,py-f996c906ee10788ea67a,f996c906ee10,4b81296e5dd75a57ec2747997355f69bfd8a5d1068302c364c372acc996e4530,evt-f82580ad51ad4c6f92a16770e0e8027a,45790,Alpha,SIM,vehicle-adapter,2026-08-15T05:18:08.468035Z,4.019999999999968,4.029999999999967,405,4.019999999999968,,fast-sim-Alpha,1,home,FLYING,true,true,true,simulated,98.07102145370628,-1.3383755170593983,0.001543217452309488,0.39821086147872725,-1.3422157867474425,-0.006265094661861221,0.3974691229103223,0.035530443496363626,-0.0010440391936944256,0.008388519960400576,0.00046146181363253025,0.01058432739348715,6.537776905442532e-07,,,,,99.09463137624702,4.190968985850207,4.037932393631069,2.0404878962289,false,,false,modeled_transport,SIMULATED_MODEL,100.0,30.0,0.0,-0.019512910547784493,0.0005650094360932605,9.786978053524555,0.00456840349716561,0.018579269281938652,-4.057340420583924e-06,,,,,,0.03553243820833788,-0.0010440625338704887,0.0,0.39749143010465465,95.9369253529937,DEGRADED,4.019999999999968,4.0,4.019999999999968,3.3432298749415543,VALID,0.6573855955260793,VALID,2.009357017037259,VALID,1.9949199761734608,VALID,2.1008886341789146,VALID,0.4017025133403322,VALID,crazyflie-6dof,2.0.0,65.2872650131916,0.07834471801582991,62.57197142804517,2.526613903626613,0.07833496086458387,0.12,0.4901478219381678,false,100.0,false,65.28987445840741,0.07834784935008889,62.5732715017399,2.5266663997234735,0.07833791302134628,0.12,0.49017759512952974,false,100.0,false,65.28274924067091,0.07833929908880509,62.5697214540392,2.526523051197377,0.07833731695758366,0.12,0.4900962988568807,false,100.0,false,65.28010943600742,0.0783361313232089,62.568406098968765,2.526469938048897,0.07833432908149215,0.12,0.4900661803043221,false,100.0,false,[]
1,child-f9d0c0c9a9ae419f6470a221,py-f996c906ee10788ea67a,f996c906ee10,4b81296e5dd75a57ec2747997355f69bfd8a5d1068302c364c372acc996e4530,evt-e9d18bb01b374deb80a2f7dc7e99b86f,45791,Alpha,SIM,vehicle-adapter,2026-08-15T05:18:08.479354Z,4.029999999999967,4.039999999999967,406,4.029999999999967,,fast-sim-Alpha,1,home,FLYING,true,true,true,simulated,98.082322142942,-1.337519149188721,0.0023122664951687856,0.39796517101027035,-1.3418510145277294,-0.006276009511509661,0.39755092611897774,0.036384899029135075,-0.0010871685244312136,0.00818032086554732,0.0005034876671899729,0.010768981071224067,7.017433225586042e-07,,,,,99.09236518669434,4.1909463137624705,4.037978518956416,2.0395705974257727,false,,false,modeled_transport,SIMULATED_MODEL,100.0,30.0,0.0,-0.019986085713397078,0.0005870770636057284,9.78618326066912,0.004202534146088685,0.018465367995123102,-4.112783919945083e-06,,,,,,0.03638701405888265,-0.001087194195092651,0.0,0.3975740298053597,95.85111502816649,DEGRADED,4.029999999999967,4.0,4.029999999999967,3.3414732008242813,VALID,0.6582617812270525,VALID,2.0083992661276,VALID,1.9922588166275708,VALID,2.1006852002893495,VALID,0.39634028355355044,VALID,crazyflie-6dof,2.0.0,65.26924371888632,0.07832309246266357,62.56321956102262,2.5262893666416324,0.07832977556775254,0.12,0.48995820068864,false,100.0,false,65.27728947305744,0.07833274736766892,62.567229136096316,2.5264512724218093,0.07833439306798581,0.12,0.4900499982596536,false,100.0,false,65.25776982062379,0.07830932378474854,62.55750065587213,2.526058438480136,0.07832812491885466,0.12,0.48982729604558584,false,100.0,false,65.24968859564235,0.07829962631477082,62.5534720985916,2.5258957662025243,0.07832346999989462,0.12,0.48973510243189333,false,100.0,false,[]
1,child-f9d0c0c9a9ae419f6470a221,py-f996c906ee10788ea67a,f996c906ee10,4b81296e5dd75a57ec2747997355f69bfd8a5d1068302c364c372acc996e4530,evt-43095367b826466fa7a1733fa16ee7bb,45792,Alpha,SIM,vehicle-adapter,2026-08-15T05:18:08.491135Z,4.039999999999967,4.049999999999967,407,4.039999999999967,,fast-sim-Alpha,1,home,FLYING,true,true,true,simulated,98.10180979450547,-1.3351273275390965,-0.00017481541271497682,0.3971257903478494,-1.3414775714231826,-0.006287392771883114,0.3976306440213653,0.03725252583376423,-0.0011337909872496043,0.007971790238753274,0.0005411251006584876,0.010951852067205751,7.555090542838855e-07,,,,,99.09009821544181,4.190923651866943,4.037903092320628,2.0402741272709375,false,,false,modeled_transport,SIMULATED_MODEL,100.0,30.0,0.0,-0.020466813206615156,0.0006113643082259609,9.786160779361678,0.003763684956618986,0.018287099966025008,-4.17521307164073e-06,,,,,,0.037254765899456074,-0.0011338192978702672,0.0,0.39765454995189686,95.76477222238499,DEGRADED,4.039999999999967,4.0,4.039999999999967,3.3416881948388513,VALID,0.6555291082651582,VALID,2.005883155984344,VALID,1.9930764323821442,VALID,2.102940287792603,VALID,0.3960567158158591,VALID,crazyflie-6dof,2.0.0,65.28616165478695,0.07834339398574433,62.57183219241818,2.5265899470193274,0.07833033300683488,0.12,0.4901377921782178,false,100.0,false,65.28511302273964,0.07834213562728756,62.571309715774845,2.5265688499187897,0.07833349029552406,0.12,0.4901258276315088,false,100.0,false,65.2740414867259,0.07832884978407109,62.56579281366237,2.5263460827577897,0.07832547885827489,0.12,0.48999950872610115,false,100.0,false,65.27504858162231,0.07833005829794679,62.566294686904065,2.5263663479129357,0.07832228106563842,0.12,0.49001099873510967,false,100.0,false,[]
1,child-f9d0c0c9a9ae419f6470a221,py-f996c906ee10788ea67a,f996c906ee10,4b81296e5dd75a57ec2747997355f69bfd8a5d1068302c364c372acc996e4530,evt-a41d773ae49c4e5faeef1d28a05c1f95,45793,Alpha,SIM,vehicle-adapter,2026-08-15T05:18:08.505095Z,4.059999999999967,4.0699999999999665,409,4.059999999999967,,fast-sim-Alpha,1,home,FLYING,true,true,true,simulated,98.14077417426496,-1.3356450592167222,0.0018480790916344959,0.39808478448884144,-1.3407041751203075,-0.006311655663239987,0.3977842668278953,0.03902493542935396,-0.0012338792680134845,0.007584244222197389,0.0005881419198492192,0.011301753244905765,8.680907211220176e-07,,,,,99.08556165721942,4.190878291443522,4.0378229099781375,2.0407384195334473,false,,false,modeled_transport,SIMULATED_MODEL,100.0,30.0,0.0,-0.021450170773410437,0.0006653777644625523,9.787654741260816,0.0018645369247300282,0.017311980075431017,-4.33227904530757e-06,,,,,,0.03902743501322692,-0.0012339133586094031,0.0,0.39780974140126685,95.59247147151643,DEGRADED,4.059999999999967,4.0,4.059999999999967,3.3429657696987776,VALID,0.6619496334414313,VALID,2.0029750017820196,VALID,1.989955601964716,VALID,2.1033179312798973,VALID,0.39689510271601997,VALID,crazyflie-6dof,2.0.0,65.29503220490221,0.07835403864588265,62.57682532968484,2.5267413894990165,0.078348967408985,0.12,0.4902334205919749,false,100.0,false,65.3068209182882,0.07836818510194583,62.58269757312923,2.526978500290144,0.07834768716001961,0.12,0.4903679331851595,false,100.0,false,65.28650240202238,0.07834380288242686,62.57257571269973,2.5265697974908057,0.07832742557062998,0.12,0.49013609784989853,false,100.0,false,65.27465842626103,0.07832959011151323,62.566673951018224,2.5263314948055373,0.07832865564213871,0.12,0.4900009679064145,false,100.0,false,[]
1,child-f9d0c0c9a9ae419f6470a221,py-f996c906ee10788ea67a,f996c906ee10,4b81296e5dd75a57ec2747997355f69bfd8a5d1068302c364c372acc996e4530,evt-fa90b0317db5425c8ecc5648eb39e073,45794,Alpha,SIM,vehicle-adapter,2026-08-15T05:18:08.514259Z,4.0699999999999665,4.079999999999966,410,4.0699999999999665,,fast-sim-Alpha,1,home,FLYING,true,true,true,simulated,98.16181078137883,-1.3351619402648223,0.0014500625942270567,0.39692683912967563,-1.340303988352539,-0.006324556883507708,0.3978581674449823,0.03992865346752762,-0.0012854335710538337,0.007390061708706375,0.0005973181395494789,0.011469188911365554,9.230293859944479e-07,,,,,99.08329424056626,4.190855616572194,4.037804992487098,2.0406749878262507,false,,false,modeled_transport,SIMULATED_MODEL,100.0,30.0,0.0,-0.021952175956104297,0.0006940338474078342,9.78762504819888,0.0009175594211255857,0.01674356700019072,-4.430904734204448e-06,,,,,,0.03993128738505694,-0.001285470655694642,0.0,0.39788440744773856,95.50653399720295,DEGRADED,4.0699999999999665,4.0,4.0699999999999665,3.3398890620569155,VALID,0.6616001344734828,VALID,2.004571121629866,VALID,1.9915922062979314,VALID,2.1020189518824135,VALID,0.3987134413389275,VALID,crazyflie-6dof,2.0.0,65.30557455776331,0.07836668946931596,62.582339809256894,2.5269528412334155,0.0783501341634316,0.12,0.49035555111548657,false,100.0,false,65.28911345950378,0.07834693615140453,62.57413961630438,2.5266217334329855,0.07834426424490071,0.12,0.4901677278350369,false,100.0,false,65.27286145328111,0.07832743374393733,62.56604138768333,2.5262947427534215,0.07832419262026868,0.12,0.4899823048936411,false,100.0,false,65.28926036516107,0.07834711243819328,62.57421280811997,2.5266246887757693,0.07833000629096193,0.12,0.4901694039820861,false,100.0,false,[]
1,child-f9d0c0c9a9ae419f6470a221,py-f996c906ee10788ea67a,f996c906ee10,4b81296e5dd75a57ec2747997355f69bfd8a5d1068302c364c372acc996e4530,evt-c41909b632a642238333a766faa4cb2e,45795,Alpha,SIM,vehicle-adapter,2026-08-15T05:18:08.526047Z,4.079999999999966,4.089999999999966,411,4.079999999999966,,fast-sim-Alpha,1,home,FLYING,true,true,true,simulated,98.1575636212342,-1.3353237870035246,0.0025500795800617567,0.39784794420007213,-1.3398946633522313,-0.006337969983833695,0.39793032233219955,0.0408430535039405,-0.0013367200185118366,0.007215488721723506,0.0005967528363784798,0.011629084608006495,9.730525518169052e-07,,,,,99.08102403296884,4.190832942405663,4.0375939295793675,2.043186837674861,false,,false,modeled_transport,SIMULATED_MODEL,100.0,30.0,0.0,-0.02246064292188478,0.0007230787226364692,9.789594765434284,-5.658808825410942e-05,0.01598956983477068,-4.544357880379254e-06,,,,,,0.04084582335348062,-0.0013367599989680728,0.0,0.3979573018822281,95.42121031225714,DEGRADED,4.079999999999966,4.0,4.079999999999966,3.3402793629445138,VALID,0.6608860485422822,VALID,2.003224540641353,VALID,1.9904167197636744,VALID,2.0997262114616633,VALID,0.4003644977496677,VALID,crazyflie-6dof,2.0.0,65.3676804915399,0.07844121658984789,62.613521982536525,2.5280797626627374,0.07836772476907708,0.12,0.49102096753022456,false,100.0,false,65.3483584826604,0.07841803017919248,62.6039062426632,2.527691518133328,0.07835755369795779,0.12,0.49080046420818246,false,100.0,false,65.3284117932074,0.07839409415184888,62.59397639671073,2.5272905912759343,0.07833652414738393,0.12,0.49057285345565615,false,100.0,false,65.3476651697223,0.07841719820366676,62.603561153181296,2.527677584821355,0.07834663249023159,0.12,0.49079255248079795,false,100.0,false,[]
1,child-f9d0c0c9a9ae419f6470a221,py-f996c906ee10788ea67a,f996c906ee10,4b81296e5dd75a57ec2747997355f69bfd8a5d1068302c364c372acc996e4530,evt-3897f71ea7c54766a0aea7673a956e23,45796,Alpha,SIM,vehicle-adapter,2026-08-15T05:18:08.536975Z,4.089999999999966,4.099999999999966,412,4.089999999999966,,fast-sim-Alpha,1,home,FLYING,true,true,true,simulated,98.20955740173783,-1.3355273600016466,0.00013686775547833933,0.3969360364911268,-1.339476102605607,-0.006351883907463716,0.3980007506239382,0.04176729204924242,-0.0013869581414691812,0.007042829173864451,0.0005883974376535577,0.011781010349841994,1.0163568522774964e-06,,,,,99.07875564132404,4.1908102403296885,4.037693804304876,2.041552480324869,false,,false,modeled_transport,SIMULATED_MODEL,100.0,30.0,0.0,-0.022975118079467602,0.0007519625933828664,9.789793999190719,-0.0008355905592290889,0.015192574111433349,-4.672608569310812e-06,,,,,,0.04177019890940313,-0.0013870008320397834,0.0,0.3980284408231548,95.33660507015377,DEGRADED,4.089999999999966,4.0,4.089999999999966,3.3399332119188903,VALID,0.6607063276851791,VALID,2.004653340046299,VALID,1.995536433975625,VALID,2.102671480630638,VALID,0.40193010330772483,VALID,crazyflie-6dof,2.0.0,65.31787959373703,0.07838145551248443,62.5891423932805,2.527157924581043,0.0783672704102732,0.12,0.49048542567235903,false,100.0,false,65.3052477959543,0.07836629735514516,62.58285120429934,2.526903905633334,0.07835586113306739,0.12,0.4903412903053531,false,100.0,false,65.30086121039696,0.07836103345247636,62.580666184237856,2.5268156812136886,0.07833875012002,0.12,0.4902912391333539,false,100.0,false,65.31341884479366,0.07837610261375239,62.5869208952268,2.527068227291766,0.07835009014787414,0.12,0.49043452521380304,false,100.0,false,[]
1,child-f9d0c0c9a9ae419f6470a221,py-f996c906ee10788ea67a,f996c906ee10,4b81296e5dd75a57ec2747997355f69bfd8a5d1068302c364c372acc996e4530,evt-2fb70b5f1d02427ab94158adc0faf62d,45797,Alpha,SIM,vehicle-adapter,2026-08-15T05:18:08.547747Z,4.099999999999966,4.109999999999966,413,4.099999999999966,,fast-sim-Alpha,1,home,FLYING,true,true,true,simulated,98.21076271501362,-1.3346778683516498,0.0015429122227567666,0.3973732458726284,-1.3390482144517362,-0.006366277752577617,0.39806962540764856,0.04270059064341951,-0.0014351689039925424,0.006887478371037092,0.0005698371409685171,0.011925641460076429,1.0519702844702467e-06,,,,,99.0764850228807,4.19078755641324,4.037520811487861,2.043556599000271,false,,false,modeled_transport,SIMULATED_MODEL,100.0,30.0,0.0,-0.023495123567544907,0.0007802655497105467,9.791532149083125,-0.0018560718813308051,0.01446311068627238,-4.814744749908748e-06,,,,,,0.04270363552592177,-0.0014352140567615403,0.0,0.39809799863426276,95.2526758283486,DEGRADED,4.099999999999966,4.0,4.099999999999966,3.3406226847250915,VALID,0.6611953681308947,VALID,2.006626429657623,VALID,1.9929375665710514,VALID,2.1033190680025324,VALID,0.39642038720545325,VALID,crazyflie-6dof,2.0.0,65.37550800084526,0.07845060960101431,62.61814224993517,2.5282205251082055,0.07838269106364097,0.12,0.4911098296512774,false,100.0,false,65.36993812833649,0.07844392575400379,62.615371004688726,2.5281086355046427,0.0783724568852153,0.12,0.4910462620000538,false,100.0,false,65.33687216820499,0.07840424660184599,62.59891403762238,2.527444182034399,0.07834974146336021,0.12,0.4906689229011639,false,100.0,false,65.34236351872772,0.07841083622247326,62.601647713440855,2.527554554764489,0.07835990019538153,0.12,0.4907315844477758,false,100.0,false,[]
1,child-f9d0c0c9a9ae419f6470a221,py-f996c906ee10788ea67a,f996c906ee10,4b81296e5dd75a57ec2747997355f69bfd8a5d1068302c364c372acc996e4530,evt-538e2edcdf7d4e36a48d396e39b56808,45798,Alpha,SIM,vehicle-adapter,2026-08-15T05:18:08.558743Z,4.109999999999966,4.1199999999999655,414,4.109999999999966,,fast-sim-Alpha,1,home,FLYING,true,true,true,simulated,98.2045470595723,-1.333946501075879,0.0009060611962263135,0.39828956224774625,-1.3386109162141557,-0.006381121660970256,0.3981370227217756,0.04364215934522689,-0.0014804513881959758,0.006739731412702676,0.0005420746152985074,0.012062763366031733,1.0785146264718516e-06,,,,,99.07421517056957,4.190764850228807,4.037549819228465,2.0428670800204807,false,,false,modeled_transport,SIMULATED_MODEL,100.0,30.0,0.0,-0.024020224177379618,0.0008074222915769392,9.792298993212817,-0.002776284404237121,0.013712189974849371,-4.9691297195251286e-06,,,,,,0.043645342813223215,-0.0014804986744207781,0.0,0.3981660494884768,95.1694916069323,DEGRADED,4.109999999999966,4.0,4.109999999999966,3.337016244672654,VALID,0.6605288515362714,VALID,2.003984996163815,VALID,1.9916303004877236,VALID,2.1017057659191374,VALID,0.40079879715027444,VALID,crazyflie-6dof,2.0.0,65.3515829687036,0.0784218995624443,62.60666720488,2.527775378555599,0.078387674569253,0.12,0.4908534475253992,false,100.0,false,65.34051924605684,0.07840862309526822,62.601160068586395,2.527553025184132,0.07837668560410394,0.12,0.4907271903634729,false,100.0,false,65.32766967668876,0.07839320361202651,62.59476273275442,2.5272947295628123,0.0783557848880822,0.12,0.4905805618614592,false,100.0,false,65.338651817127,0.0784063821805524,62.600230427850875,2.5275154904762958,0.07836669283654374,0.12,0.4907058802701494,false,100.0,false,[]
1,child-f9d0c0c9a9ae419f6470a221,py-f996c906ee10788ea67a,f996c906ee10,4b81296e5dd75a57ec2747997355f69bfd8a5d1068302c364c372acc996e4530,evt-d899cfe371aa484d9cb05d0371515f68,45799,Alpha,SIM,vehicle-adapter,2026-08-15T05:18:08.569278Z,4.1199999999999655,4.129999999999965,415,4.1199999999999655,,fast-sim-Alpha,1,home,FLYING,true,true,true,simulated,98.19520271662591,-1.3341667128171926,0.0007890669255214058,0.39951396409842826,-1.3381641354051517,-0.006396376912740293,0.39820287005816796,0.04459115921807904,-0.0015219235182751722,0.006584733639236617,0.0005051756826635084,0.012191784888820998,1.0947401413972427e-06,,,,,99.0719471570043,4.190742151705696,4.037651236049053,2.0412122087375515,false,,false,modeled_transport,SIMULATED_MODEL,100.0,30.0,0.0,-0.0245499777344248,0.0008329301451587686,9.791579449905193,-0.0036899129405630416,0.012902151379789027,-5.133459150748035e-06,,,,,,0.04459448113781313,-0.001521972528211778,0.0,0.3982325170675118,95.08718929929066,DEGRADED,4.1199999999999655,4.0,4.1199999999999655,3.3384922114490627,VALID,0.6591519763689547,VALID,2.0108039458173073,VALID,1.9942416696484073,VALID,2.0978369750018726,VALID,0.39473120744020024,VALID,crazyflie-6dof,2.0.0,65.31681979485208,0.07838018375382248,62.58974734946449,2.527155707495632,0.07838222935938084,0.12,0.49048933857533955,false,100.0,false,65.30232511831376,0.07836279014197652,62.5825279962691,2.526864215192104,0.07836964996820507,0.12,0.49032394202658286,false,100.0,false,65.28420983620035,0.0783410518034404,62.57350289137421,2.5264998129327605,0.07834854267619291,0.12,0.4901172474860027,false,100.0,false,65.29862134236889,0.07835834561084266,62.58068298095368,2.5267897199084155,0.07836103638893252,0.12,0.49028168064962657,false,100.0,false,[]
1,child-f9d0c0c9a9ae419f6470a221,py-f996c906ee10788ea67a,f996c906ee10,4b81296e5dd75a57ec2747997355f69bfd8a5d1068302c364c372acc996e4530,evt-4080a864339c4831a76d8d2f928e9762,45800,Alpha,SIM,vehicle-adapter,2026-08-15T05:18:08.573287Z,4.129999999999965,4.139999999999965,416,4.129999999999965,,fast-sim-Alpha,1,home,FLYING,true,true,true,simulated,98.19298030780013,-1.3324868754875157,-0.0016800762260313126,0.39822405163219593,-1.3377078090418497,-0.0064119962918705005,0.39826693565928534,0.04554682937203508,-0.0015587362549134684,0.006406560111738013,0.0004594491687208073,0.012313547478851694,1.1004198747966495e-06,,,,,99.06968166465008,4.190719471570043,4.037798737660625,2.0389431188035014,false,,false,modeled_transport,SIMULATED_MODEL,100.0,30.0,0.0,-0.025083907177961523,0.0008562916700031024,9.789266554742156,-0.004572658354080488,0.012176257878963107,-5.304830155409688e-06,,,,,,0.04555028967771224,-0.00155878654007368,0.0,0.3982971729095917,95.0056691807024,DEGRADED,4.129999999999965,4.0,4.129999999999965,3.3354046567736004,VALID,0.662648287359189,VALID,2.00846918809401,VALID,1.9968134153619639,VALID,2.104288106894144,VALID,0.401650789499946,VALID,crazyflie-6dof,2.0.0,65.25810219220091,0.07830972263064108,62.560782936936356,2.5260785036982196,0.07836217280923477,0.12,0.4898604788629447,false,100.0,false,65.25277096881659,0.07830332516257991,62.5581252210105,2.525971190478115,0.07835113003301124,0.12,0.4897996538938127,false,100.0,false,65.2362836922843,0.07828354043074116,62.549904513145464,2.5256392548397133,0.07833035225193372,0.12,0.48961155720270705,false,100.0,false,65.24153177496156,0.07828983812995387,62.552521499505886,2.5257449234819394,0.07834130585211625,0.12,0.4896714288440372,false,100.0,false,[]
1,child-f9d0c0c9a9ae419f6470a221,py-f996c906ee10788ea67a,f996c906ee10,4b81296e5dd75a57ec2747997355f69bfd8a5d1068302c364c372acc996e4530,evt-4cd6b5bc42b84e6ba1604856c1aba47a,45801,Alpha,SIM,vehicle-adapter,2026-08-15T05:18:08.592749Z,4.139999999999965,4.149999999999965,417,4.139999999999965,,fast-sim-Alpha,1,home,FLYING,true,true,true,simulated,98.19716908757613,-1.3333879109298645,-0.0006343734383292962,0.39925992490360235,-1.3372418796513454,-0.006427920936925222,0.3983292639362408,0.04650829158930372,-0.0015897301257849384,0.006232827695545895,0.00040142211117948816,0.012426615638589406,1.0942891144669275e-06,,,,,99.06741311824476,4.190696816646501,4.037569934288783,2.041691764779266,false,,false,modeled_transport,SIMULATED_MODEL,100.0,30.0,0.0,-0.02562159461722116,0.000877043566165637,9.789714671466898,-0.005802698172152992,0.011306814679272182,-5.4798854983208395e-06,,,,,,0.046511888934565364,-0.001589781147389641,0.0,0.3983600531680906,94.92521895476735,DEGRADED,4.139999999999965,4.0,4.139999999999965,3.3400069886563735,VALID,0.6634322740955703,VALID,2.008603536053646,VALID,1.9949730751317347,VALID,2.10475001338695,VALID,0.3973998672738465,VALID,crazyflie-6dof,2.0.0,65.34416088296915,0.07841299305956298,62.60381851450853,2.5276729540585112,0.07837073620864432,0.12,0.490792839795065,false,100.0,false,65.32343187388938,0.07838811824866726,62.593498100192505,2.527256260112993,0.07835625792430899,0.12,0.49055628313147,false,100.0,false,65.2793699500599,0.07833524394007188,62.57154907473292,2.5263700528601674,0.07832750781933169,0.12,0.49005353258784584,false,100.0,false,65.30001745686238,0.07836002094823485,62.5818364288206,2.5267854119758457,0.07834189479231397,0.12,0.4902891092648848,false,100.0,false,[]
1,child-f9d0c0c9a9ae419f6470a221,py-f996c906ee10788ea67a,f996c906ee10,4b81296e5dd75a57ec2747997355f69bfd8a5d1068302c364c372acc996e4530,evt-46eb205040924dcc9106081c46b4a480,45802,Alpha,SIM,vehicle-adapter,2026-08-15T05:18:08.604591Z,4.159999999999965,4.169999999999964,419,4.159999999999965,,fast-sim-Alpha,1,home,FLYING,true,true,true,simulated,98.18617910000987,-1.3331924200250262,-0.000715190058254796,0.39849017997855724,-1.3362810241033725,-0.006460393962933575,0.3984486394700671,0.04844538243237604,-0.0016297535044315936,0.005889738725600724,0.0002506917698943101,0.01262875390715484,1.0462493916036263e-06,,,,,99.06287521028567,4.190651466516433,4.037329174876097,2.0442972218855884,false,,false,modeled_transport,SIMULATED_MODEL,100.0,30.0,0.0,-0.02670631180436768,0.0009080449805320473,9.791286001737964,-0.00803136019592132,0.0096265538923144,-5.825793967834011e-06,,,,,,0.048449249310138685,-0.001629804241596232,0.0,0.39848042747849205,94.7672860816248,DEGRADED,4.159999999999965,4.0,4.159999999999965,3.3378350569591904,VALID,0.659970253646647,VALID,2.0035414412335153,VALID,1.9936737312331336,VALID,2.1015106912293526,VALID,0.3983482121488547,VALID,crazyflie-6dof,2.0.0,65.3906914977418,0.07846882979729015,62.627529179894296,2.5284795070839134,0.07838098422777783,0.12,0.4912803117446089,false,100.0,false,65.36237774412545,0.07843485329295054,62.61344237595705,2.5279107764387474,0.07836388917595316,0.12,0.4909571739260095,false,100.0,false,65.35462682131737,0.07842555218558085,62.6095849454144,2.5277550392700485,0.07833947210871588,0.12,0.4908687222231656,false,100.0,false,65.38286749744448,0.07845944099693337,62.62363720340345,2.528322375181569,0.07835647630849123,0.12,0.49119101399180426,false,100.0,false,[]
1,child-f9d0c0c9a9ae419f6470a221,py-f996c906ee10788ea67a,f996c906ee10,4b81296e5dd75a57ec2747997355f69bfd8a5d1068302c364c372acc996e4530,evt-0c1686d2132f476d835e5bc018a4f86b,45803,Alpha,SIM,vehicle-adapter,2026-08-15T05:18:08.614754Z,4.169999999999964,4.179999999999964,420,4.169999999999964,,fast-sim-Alpha,1,home,FLYING,true,true,true,simulated,98.16953953764428,-1.3300916655723511,0.0014326919098295154,0.3990647681097406,-1.3357860210394024,-0.006476773867857888,0.3985059566841628,0.0494194025974762,-0.0016369654728643779,0.00573172140956868,0.0001611517007538806,0.012718880051586709,1.0049207113973537e-06,,,,,99.06060661957895,4.190628752102857,4.037498879399928,2.0417316360536937,false,,false,modeled_transport,SIMULATED_MODEL,100.0,30.0,0.0,-0.027252373034290775,0.0009170908652334043,9.791293595093304,-0.008953954542214466,0.009012613416255961,-5.988429219459213e-06,,,,,,0.04942340186341885,-0.001637015156701302,0.0,0.39853819716827205,94.68966994171711,DEGRADED,4.169999999999964,4.0,4.169999999999964,3.3386062925912054,VALID,0.6645483591496926,VALID,2.0061953250985014,VALID,1.992774339159613,VALID,2.103442289167123,VALID,0.4008505643274317,VALID,crazyflie-6dof,2.0.0,65.31529748499662,0.07837835698199594,62.59048999223389,2.5270903320473677,0.07837623242489093,0.12,0.49047074664487345,false,100.0,false,65.32538197028398,0.07839045836434078,62.59551198872335,2.527293095099353,0.07836639233591622,0.12,0.49058582362812725,false,100.0,false,65.3086983527532,0.07837043802330385,62.58720322049246,2.526957628675139,0.0783430696324959,0.12,0.490395445050974,false,100.0,false,65.29854756159375,0.0783582570739125,62.582146803308206,2.5267534758879866,0.0783528216805755,0.12,0.4902796207297191,false,100.0,false,[]
1,child-f9d0c0c9a9ae419f6470a221,py-f996c906ee10788ea67a,f996c906ee10,4b81296e5dd75a57ec2747997355f69bfd8a5d1068302c364c372acc996e4530,evt-0ad06f1d84134d5c9ad41cc8def51f64,45804,Alpha,SIM,vehicle-adapter,2026-08-15T05:18:08.625689Z,4.179999999999964,4.189999999999964,421,4.179999999999964,,fast-sim-Alpha,1,home,FLYING,true,true,true,simulated,98.15544328539785,-1.3305862597332738,0.0001231125654546335,0.3988030593899983,-1.3352812650241714,-0.006493127561622507,0.3985616189625511,0.050396082286620195,-0.0016349512361805377,0.005566227838826876,6.732376586314183e-05,0.012801228311484088,9.529376849020719e-07,,,,,99.05833910676999,4.19060606619579,4.037548951589754,2.040761528067029,false,,false,modeled_transport,SIMULATED_MODEL,100.0,30.0,0.0,-0.027800368862492736,0.0009211551471855303,9.79054691853968,-0.009382727167133774,0.00823482535592622,-6.138607295083034e-06,,,,,,0.05040021165903427,-0.001634999264211086,0.0,0.39859427853025176,94.61304991181918,DEGRADED,4.179999999999964,4.0,4.179999999999964,3.3375632787442817,VALID,0.6657222926049801,VALID,2.0050161755029965,VALID,1.9931493438527879,VALID,2.1056808281100245,VALID,0.3972003020572404,VALID,crazyflie-6dof,2.0.0,65.29169337308562,0.07835003204770274,62.579065856342,2.526660417397398,0.07836628868667593,0.12,0.4902207535264636,false,100.0,false,65.27062696080415,0.07832475235296499,62.56856807171044,2.5262365642040665,0.07835261327953774,0.12,0.48998039109264985,false,100.0,false,65.28639803108634,0.0783436776373036,62.57642743410096,2.5265538898078663,0.07833978883199623,0.12,0.49016033272489434,false,100.0,false,65.30740637331306,0.07836888764797567,62.58689354901641,2.5269764643209074,0.07835338076506859,0.12,0.4904000507230211,false,100.0,false,[]
1,child-f9d0c0c9a9ae419f6470a221,py-f996c906ee10788ea67a,f996c906ee10,4b81296e5dd75a57ec2747997355f69bfd8a5d1068302c364c372acc996e4530,evt-bcd35cc32e9a4795a5639c183593109c,45805,Alpha,SIM,vehicle-adapter,2026-08-15T05:18:08.633944Z,4.189999999999964,4.199999999999964,422,4.189999999999964,,fast-sim-Alpha,1,home,FLYING,true,true,true,simulated,98.13328879220401,-1.3287609907348474,-0.0006693172807151386,0.3978874139913859,-1.3347667372201966,-0.006509361114906594,0.39861562654047616,0.05137471461474714,-0.0016235295905927477,0.005400757792506372,-2.8731443994940748e-05,0.012876588419458929,8.916641127689113e-07,,,,,99.05607081905214,4.1905833910677,4.037473970114908,2.0414589460628565,false,,false,modeled_transport,SIMULATED_MODEL,100.0,30.0,0.0,-0.028349855711087404,0.0009200210452152131,9.790549643816723,-0.009605442326777002,0.0075360106901142705,-6.272268298574176e-06,,,,,,0.051378971992096706,-0.0016235754002515556,0.0,0.3986486755250118,94.5373322852843,DEGRADED,4.189999999999964,4.0,4.189999999999964,3.3342891740853506,VALID,0.6655019101394969,VALID,2.007954099107834,VALID,1.9938587750198749,VALID,2.102523755968895,VALID,0.4009441374164996,VALID,crazyflie-6dof,2.0.0,65.30661232715711,0.07836793479258852,62.58677775366398,2.526924860537851,0.07836273591504488,0.12,0.4903798780284497,false,100.0,false,65.30004328099369,0.07836005193719242,62.58350546429242,2.5267927427062475,0.0783505007270679,0.12,0.49030492139604,false,100.0,false,65.30398259262567,0.0783647791111508,62.58546782659672,2.526871972573483,0.07834203787310749,0.12,0.4903498709460936,false,100.0,false,65.31050315000726,0.07837260378000871,62.5887157510784,2.5270031066789995,0.07835419587624325,0.12,0.4904242756922731,false,100.0,false,[]
1,child-f9d0c0c9a9ae419f6470a221,py-f996c906ee10788ea67a,f996c906ee10,4b81296e5dd75a57ec2747997355f69bfd8a5d1068302c364c372acc996e4530,evt-4e46ecda90f54a4593c308b8034455b7,45806,Alpha,SIM,vehicle-adapter,2026-08-15T05:18:08.646346Z,4.199999999999964,4.2099999999999635,423,4.199999999999964,,fast-sim-Alpha,1,home,FLYING,true,true,true,simulated,98.14582822791338,-1.3293403204404464,-7.46252014253478e-05,0.3995803215119226,-1.334242425029368,-0.0065253796814477875,0.3986681383835308,0.0523544764626292,-0.0016026052373738304,0.005251184305471446,-0.0001262436119107861,0.012943590128452049,8.226102204790288e-07,,,,,99.05380030612591,4.190560708190522,4.037301085668469,2.0434616336166607,false,,false,modeled_transport,SIMULATED_MODEL,100.0,30.0,0.0,-0.028900443245077012,0.0009135919513466161,9.792139038622503,-0.009751127652595979,0.006700171424704088,-6.385634086181899e-06,,,,,,0.052358858474942135,-0.0016026483174717775,0.0,0.3987015396294338,94.46277941884112,DEGRADED,4.199999999999964,4.0,4.199999999999964,3.3341012708896742,VALID,0.668580259236886,VALID,2.0085326429039085,VALID,1.991150943280625,VALID,2.1021462127787838,VALID,0.3952283841554611,VALID,crazyflie-6dof,2.0.0,65.36349716769098,0.07843619660122918,62.615422252579656,2.5279731223992945,0.07837561241038717,0.12,0.490996003773033,false,100.0,false,65.34230473295608,0.07841076567954729,62.604874116530155,2.52754726238805,0.07836010057713058,0.12,0.49075415146351636,false,100.0,false,65.34062909473633,0.07840875491368358,62.60403994112106,2.5275135842152023,0.07835324143448524,0.12,0.49073502979352507,false,100.0,false,65.36178371433363,0.07843414045720036,62.61456955095037,2.527938696267158,0.0783686839925932,0.12,0.4909764485865863,false,100.0,false,[]
1,child-f9d0c0c9a9ae419f6470a221,py-f996c906ee10788ea67a,f996c906ee10,4b81296e5dd75a57ec2747997355f69bfd8a5d1068302c364c372acc996e4530,evt-b37cab7a361247cfad5bc264d9ecdcdf,45807,Alpha,SIM,vehicle-adapter,2026-08-15T05:18:08.657363Z,4.2099999999999635,4.219999999999963,424,4.2099999999999635,,fast-sim-Alpha,1,home,FLYING,true,true,true,simulated,98.16395458271043,-1.328083183067032,0.0008127735347500213,0.3975128842404317,-1.333708326522057,-0.006541089679584515,0.3987190228677471,0.05333466384773779,-0.001572289557519406,0.005088448421625147,-0.00022304565653184335,0.013003600014218937,7.473700000292017e-07,,,,,99.05153334521512,4.190538003061259,4.037518141585407,2.0402648197035065,false,,false,modeled_transport,SIMULATED_MODEL,100.0,30.0,0.0,-0.02945165775758188,0.0009018106997388839,9.79082166052431,-0.009680106858787545,0.006000989807920832,-6.475348300412576e-06,,,,,,0.053339167705144366,-0.0015723294573578841,0.0,0.3987527455819886,94.3892195067677,DEGRADED,4.2099999999999635,4.0,4.2099999999999635,3.333826555811019,VALID,0.6677065525746556,VALID,2.005853230554063,VALID,1.998414488250695,VALID,2.0995251524670975,VALID,0.4006033184109313,VALID,crazyflie-6dof,2.0.0,65.2736283277966,0.07832835399335591,62.571103866310565,2.526319669992537,0.07836077327363983,0.12,0.49003125028980243,false,100.0,false,65.26971223384344,0.07832365468061211,62.5691520643491,2.526240865634255,0.07834794889474254,0.12,0.48998656886492836,false,100.0,false,65.27976842835989,0.07833572211403186,62.574163869744226,2.526443218186304,0.07834579267206489,0.12,0.49010130863743995,false,100.0,false,65.28365820319709,0.07834038984383651,62.57610223122916,2.526521479882908,0.07835855714516674,0.12,0.4901456919113358,false,100.0,false,[]
1,child-f9d0c0c9a9ae419f6470a221,py-f996c906ee10788ea67a,f996c906ee10,4b81296e5dd75a57ec2747997355f69bfd8a5d1068302c364c372acc996e4530,evt-ca4e2f07e6a345628e07a51e7f1f2f61,45808,Alpha,SIM,vehicle-adapter,2026-08-15T05:18:08.668545Z,4.219999999999963,4.229999999999963,425,4.219999999999963,,fast-sim-Alpha,1,home,FLYING,true,true,true,simulated,98.15605133193547,-1.327481649261495,-0.0003897472307402795,0.39976245572102836,-1.3331644417146054,-0.006556402217641352,0.3987685200308334,0.054314595928558626,-0.001533039269300384,0.0049497163086331675,-0.0003155041170160543,0.01305670569523524,6.676776072895474e-07,,,,,99.04926162176992,4.190515333452152,4.037174000898583,2.044551100687376,false,,false,modeled_transport,SIMULATED_MODEL,100.0,30.0,0.0,-0.030003109127163044,0.0008847341428308889,9.793220574892713,-0.009245742217539916,0.005310570061755012,-6.538559868930023e-06,,,,,,0.054319218627977804,-0.0015330756102428483,0.0,0.39880253283726763,94.31669613894873,DEGRADED,4.219999999999963,4.0,4.219999999999963,3.336546729321087,VALID,0.6634136338086503,VALID,2.007669193600424,VALID,1.9958566256728756,VALID,2.099188663703421,VALID,0.39746481081160673,VALID,crazyflie-6dof,2.0.0,65.37007129794937,0.07844408555753923,62.61938400793521,2.5280534906912053,0.07837532999208711,0.12,0.49105711574398797,false,100.0,false,65.35914147224108,0.07843096976668928,62.61394488729448,2.5278339039268203,0.07836243483734767,0.12,0.4909323808612837,false,100.0,false,65.3842124066644,0.07846105488799729,62.6264197314845,2.5283375350931125,0.0783682875435184,0.12,0.49121850857957705,false,100.0,false,65.39512795571451,0.07847415354685741,62.631849493686076,2.528556744041025,0.07838113342465292,0.12,0.4913430955025272,false,100.0,false,[]
1,child-f9d0c0c9a9ae419f6470a221,py-f996c906ee10788ea67a,f996c906ee10,4b81296e5dd75a57ec2747997355f69bfd8a5d1068302c364c372acc996e4530,evt-0659cc91bc954766bd2c684c2812c01b,45809,Alpha,SIM,vehicle-adapter,2026-08-15T05:18:08.680027Z,4.229999999999963,4.239999999999963,426,4.229999999999963,,fast-sim-Alpha,1,home,FLYING,true,true,true,simulated,98.15045170863823,-1.3244668497458192,-0.000535539031233493,0.3974844860361541,-1.3326107820579576,-0.006571234272220674,0.3988164710813335,0.05529364256756088,-0.0014854276957652274,0.004795105050009463,-0.0004026037871068919,0.013103432895993057,5.85162756589246e-07,,,,,99.04699468857571,4.190492616217699,4.037474625607519,2.040239874781519,false,,false,modeled_transport,SIMULATED_MODEL,100.0,30.0,0.0,-0.03055441176376758,0.0008626303287947862,9.791630257875845,-0.008709859087670973,0.004672722742334558,-6.5730201164756295e-06,,,,,,0.055298381158840844,-0.0014854601719342562,0.0,0.39885074424059686,94.2451827701538,DEGRADED,4.229999999999963,4.0,4.229999999999963,3.330943883312838,VALID,0.6695457385081978,VALID,2.0039969408464406,VALID,1.9956339268299705,VALID,2.098808811565731,VALID,0.39781944915899836,VALID,crazyflie-6dof,2.0.0,65.27294634263625,0.07832753561116348,62.571516207434584,2.5263090897330676,0.07836040427807277,0.12,0.49003053265333146,false,100.0,false,65.26520332320452,0.07831824398784543,62.56765683300851,2.526153268469908,0.07834840526206778,0.12,0.48994218693317154,false,100.0,false,65.27810674722879,0.07833372809667455,62.574088046828855,2.5264129270960227,0.0783566506250203,0.12,0.4900894132748509,false,100.0,false,65.28584779013707,0.07834301734816448,62.57794561051313,2.526568675250942,0.07836861202368427,0.12,0.49017774192016494,false,100.0,false,[]
1,child-f9d0c0c9a9ae419f6470a221,py-f996c906ee10788ea67a,f996c906ee10,4b81296e5dd75a57ec2747997355f69bfd8a5d1068302c364c372acc996e4530,evt-1f472aa66b79445fb46814758330fefa,45810,Alpha,SIM,vehicle-adapter,2026-08-15T05:18:08.692041Z,4.239999999999963,4.249999999999963,427,4.239999999999963,,fast-sim-Alpha,1,home,FLYING,true,true,true,simulated,98.17622657123619,-1.3279032830929989,-0.000641303217572828,0.4001079316548129,-1.3320473631819314,-0.00658550918313563,0.39886312796591794,0.0562708670769388,-0.001430104462346205,0.004665688458443951,-0.00048350994027709546,0.013140344291470547,5.030306126655216e-07,,,,,99.04472253715491,4.190469946885758,4.037099725983385,2.044936278715223,false,,false,modeled_transport,SIMULATED_MODEL,100.0,30.0,0.0,-0.031105224836037476,0.0008358205347915012,9.794146726953501,-0.00809050755164197,0.0036911428275114453,-6.577121853196277e-06,,,,,,0.05627571572744458,-0.0014301329354843321,0.0,0.3988976126496225,94.1752989425275,DEGRADED,4.239999999999963,4.0,4.239999999999963,3.3300245075808,VALID,0.66664078657087,VALID,2.005388754430207,VALID,1.9950302523618237,VALID,2.10078401807978,VALID,0.3999939873370936,VALID,crazyflie-6dof,2.0.0,65.39681820274915,0.07847618184329896,62.63343937318958,2.528574409309006,0.07838278373031055,0.12,0.4913621767409209,false,100.0,false,65.36066302149942,0.0784327956257993,62.61545109654574,2.5278482046419084,0.07836298994334492,0.12,0.490949535772848,false,100.0,false,65.37436337358166,0.07844923604829798,62.62226869584679,2.52812343792461,0.07837326981955522,0.12,0.49110589018867096,false,100.0,false,65.41052887091024,0.07849263464509229,62.640258022827176,2.5288496849948414,0.07839303841244535,0.12,0.4915186760127835,false,100.0,false,[]
1,child-f9d0c0c9a9ae419f6470a221,py-f996c906ee10788ea67a,f996c906ee10,4b81296e5dd75a57ec2747997355f69bfd8a5d1068302c364c372acc996e4530,evt-18e4174acf62415bbaf9224056154346,45811,Alpha,SIM,vehicle-adapter,2026-08-15T05:18:08.693874Z,4.249999999999963,4.2599999999999625,428,4.249999999999963,,fast-sim-Alpha,1,home,FLYING,true,true,true,simulated,98.19227000441104,-1.3266702342126993,0.0006324922724206617,0.3990866413546154,-1.331474211336961,-0.006599157702491377,0.3989082814923256,0.057245778544904,-0.0013677895940782062,0.004515352640765968,-0.0005575136760339285,0.013172490116596084,4.2079041273180037e-07,,,,,99.04245601237834,4.19044722537155,4.037456802950407,2.039872298928277,false,,false,modeled_transport,SIMULATED_MODEL,100.0,30.0,0.0,-0.03165499240186846,0.0008046727263119717,9.79205094455892,-0.007400265383543747,0.003214586359892045,-6.550079061328762e-06,,,,,,0.05725073476899812,-0.0013678138951258433,0.0,0.3989429541792976,94.10629825498947,DEGRADED,4.249999999999963,4.0,4.249999999999963,3.333644440059841,VALID,0.6658590377998699,VALID,2.0063540201943133,VALID,1.9942090601225704,VALID,2.1027784662424693,VALID,0.3997970491876528,VALID,crazyflie-6dof,2.0.0,65.24925892279359,0.07829911070735229,62.56047600381917,2.525852194374354,0.07835923721140596,0.12,0.4897736909207932,false,100.0,false,65.26874958341415,0.07832249950009698,62.57019252968229,2.526244494908825,0.0783501739585722,0.12,0.4899960706519513,false,100.0,false,65.28332122113967,0.0783399854653676,62.57745476177588,2.526537704392534,0.07836224372648232,0.12,0.4901623401401263,false,100.0,false,65.26385268033856,0.07831662321640626,62.56775161058171,2.5261459438545444,0.07837129464188229,0.12,0.48994019721540616,false,100.0,false,[]
1,child-f9d0c0c9a9ae419f6470a221,py-f996c906ee10788ea67a,f996c906ee10,4b81296e5dd75a57ec2747997355f69bfd8a5d1068302c364c372acc996e4530,evt-fe723fcf2bf144798eb1564fda5966ee,45812,Alpha,SIM,vehicle-adapter,2026-08-15T05:18:08.704461Z,4.2599999999999625,4.269999999999962,429,4.2599999999999625,,fast-sim-Alpha,1,home,FLYING,true,true,true,simulated,98.2015196087474,-1.3268213202052943,0.0009157256881784284,0.3997018043203596,-1.3308913513418568,-0.006612120483224093,0.3989519485585641,0.05821820389091554,-0.0012994705257918851,0.004366706623848415,-0.0006216948692308237,0.013202928892460095,3.3791946528826375e-07,,,,,99.04018705679519,4.190424560123783,4.037270058263497,2.042060024825426,false,,false,modeled_transport,SIMULATED_MODEL,100.0,30.0,0.0,-0.03220344812563694,0.0007695834789249699,9.792216065520254,-0.0064180100372622055,0.003043881944807899,-6.491689564454999e-06,,,,,,0.05822326737421669,-0.001299490449985592,0.0,0.39898680030891853,94.03774625371601,DEGRADED,4.2599999999999625,4.0,4.2599999999999625,3.3346345904761496,VALID,0.6713678889950055,VALID,2.0060036246148214,VALID,1.993953203383033,VALID,2.098505137763875,VALID,0.4018894468399035,VALID,crazyflie-6dof,2.0.0,65.29415749753818,0.0783529889970458,62.58307870500215,2.52664789809653,0.07835333162285835,0.12,0.4902475162203261,false,100.0,false,65.30856154707693,0.07837027385649233,62.59025442616076,2.5269376013383313,0.07835081493552372,0.12,0.49041187519579627,false,100.0,false,65.34102265576342,0.0784092271869161,62.606419423061254,2.527590225918114,0.07836956241112121,0.12,0.49078231788626336,false,100.0,false,65.32665209986308,0.07839198251983569,62.599264240122075,2.527301351859697,0.078372079812562,0.12,0.4906183155230403,false,100.0,false,[]
1,child-f9d0c0c9a9ae419f6470a221,py-f996c906ee10788ea67a,f996c906ee10,4b81296e5dd75a57ec2747997355f69bfd8a5d1068302c364c372acc996e4530,evt-d07c268fa3ad4e7b8ba19b607cd2a4e8,45813,Alpha,SIM,vehicle-adapter,2026-08-15T05:18:08.714633Z,4.269999999999962,4.279999999999962,430,4.269999999999962,,fast-sim-Alpha,1,home,FLYING,true,true,true,simulated,98.22088479506603,-1.3266964302696644,-0.000703136388508289,0.3986022995318541,-1.3302988068188388,-0.006624350852655189,0.3989940594034053,0.05918835376615463,-0.001226399691782903,0.0042110844841181105,-0.0006733359401504696,0.013235615728457599,2.5272553265363897e-07,,,,,99.03791927969206,4.190401870567952,4.037326916105849,2.0409993928279113,false,,false,modeled_transport,SIMULATED_MODEL,100.0,30.0,0.0,-0.03275049351311268,0.0007311104680452511,9.791514671136083,-0.005163994476212682,0.003268688431846282,-6.402124277145602e-06,,,,,,0.059193527257160636,-0.001226414928207876,0.0,0.3990291006043356,93.96904822036069,DEGRADED,4.269999999999962,4.0,4.269999999999962,3.3281595690049004,VALID,0.6712023318818142,VALID,2.0038362085787043,VALID,1.9938575170545372,VALID,2.1017586609144083,VALID,0.3967077238396883,VALID,crazyflie-6dof,2.0.0,65.26058684134088,0.07831270420960906,62.56670263468249,2.5260223259899437,0.07833962462871748,0.12,0.48988588030239305,false,100.0,false,65.28745197653485,0.07834494237184184,62.580092288075605,2.526562910070357,0.07834574292883749,0.12,0.4901924055885958,false,100.0,false,65.32436059613987,0.07838923271536785,62.59847791691202,2.527305198012065,0.07837083511426485,0.12,0.4906135893380972,false,100.0,false,65.29753997033662,0.07835704796440393,62.58511863008478,2.526765839929189,0.07836473062122225,0.12,0.4903075175988252,false,100.0,false,[]
1,child-f9d0c0c9a9ae419f6470a221,py-f996c906ee10788ea67a,f996c906ee10,4b81296e5dd75a57ec2747997355f69bfd8a5d1068302c364c372acc996e4530,evt-1a70b4e9bcd04297ae9702ee75fb8aa5,45814,Alpha,SIM,vehicle-adapter,2026-08-15T05:18:08.725081Z,4.279999999999962,4.289999999999962,431,4.279999999999962,,fast-sim-Alpha,1,home,FLYING,true,true,true,simulated,98.20206902748461,-1.3255714654139334,0.0012368475174949116,0.40032553599031456,-1.3296965925102924,-0.00663581373688426,0.3990347482063839,0.06015682471479777,-0.0011497599411068146,0.004068880297863897,-0.0007132618318793426,0.01327447937519207,1.6295683244062407e-07,,,,,99.03564888608739,4.190379192796921,4.03712762448097,2.0433542442105224,false,,false,modeled_transport,SIMULATED_MODEL,100.0,30.0,0.0,-0.03329624992489058,0.0006899684873959075,9.792853382360702,-0.003992470188062893,0.003886369963800544,-6.2816671939611895e-06,,,,,,0.06016211420098979,-0.0011497700365407995,0.0,0.399070009615953,93.89956248823562,DEGRADED,4.279999999999962,4.0,4.279999999999962,3.3308826522075856,VALID,0.6692366386370905,VALID,2.0098915449334585,VALID,1.9961442111447523,VALID,2.1020987580376747,VALID,0.39741658651439865,VALID,crazyflie-6dof,2.0.0,65.32214422911491,0.07838657307493789,62.59766866643971,2.527147774013906,0.0783460032908913,0.12,0.490548451746746,false,100.0,false,65.35652752286997,0.07842783302744395,62.614786925717134,2.5278388599880253,0.07836085062875,0.12,0.49094083540719036,false,100.0,false,65.3729585306151,0.07844755023673812,62.62296391706376,2.528168975564531,0.07838460487853169,0.12,0.49112836964694206,false,100.0,false,65.33863064837428,0.07840635677804912,62.60587790441352,2.527479191427906,0.07836978443480855,0.12,0.4907365874096441,false,100.0,false,[]
1,child-f9d0c0c9a9ae419f6470a221,py-f996c906ee10788ea67a,f996c906ee10,4b81296e5dd75a57ec2747997355f69bfd8a5d1068302c364c372acc996e4530,evt-6283d104073d40a0b5943fdf1e2f21de,45815,Alpha,SIM,vehicle-adapter,2026-08-15T05:18:08.735461Z,4.289999999999962,4.299999999999962,432,4.289999999999962,,fast-sim-Alpha,1,home,FLYING,true,true,true,simulated,98.17848609034404,-1.3239644706275335,0.0010078660095427091,0.398397956965785,-1.3290847187007335,-0.0066464884778865705,0.3990738591557835,0.0611244369148678,-0.001070965364258961,0.003911094939956783,-0.0007388823060744902,0.013321731137401868,6.73358799083519e-08,,,,,99.03338212174609,4.190356488860874,4.037349895821849,2.0400879071639855,false,,false,modeled_transport,SIMULATED_MODEL,100.0,30.0,0.0,-0.03384105987727573,0.0006468137298526527,9.79129261670472,-0.0025619202656534477,0.00472518191889176,-6.1304290957968945e-06,,,,,,0.0611298505331518,-0.0010709697724730894,0.0,0.3991093822444544,93.82892715817236,DEGRADED,4.289999999999962,4.0,4.289999999999962,3.3287794595766873,VALID,0.6689598127736796,VALID,2.0055749448060367,VALID,1.9915943833854204,VALID,2.1027728524435223,VALID,0.40009651215736697,VALID,crazyflie-6dof,2.0.0,65.23563143341039,0.07828275772009247,62.55498425729279,2.5255635917431847,0.07832732354200032,0.12,0.48962311729715774,false,100.0,false,65.26512854461477,0.07831815425353772,62.569691631241064,2.5261573798899635,0.07834727567500914,0.12,0.48995965412368514,false,100.0,false,65.30551350575891,0.07836661620691068,62.589816062498635,2.5269698735943757,0.07837716741071978,0.12,0.4904204893994798,false,100.0,false,65.27608292063472,0.07833129950476167,62.57515169312459,2.52637782169273,0.07835725532356147,0.12,0.4900846463436625,false,100.0,false,[]
1,child-f9d0c0c9a9ae419f6470a221,py-f996c906ee10788ea67a,f996c906ee10,4b81296e5dd75a57ec2747997355f69bfd8a5d1068302c364c372acc996e4530,evt-7e373e5a23bd47c3915575dfc71852d1,45816,Alpha,SIM,vehicle-adapter,2026-08-15T05:18:08.746115Z,4.299999999999962,4.309999999999961,433,4.299999999999962,,fast-sim-Alpha,1,home,FLYING,true,true,true,simulated,98.1673401789099,-1.322597817448926,-0.0003266890804258585,0.3988958124615695,-1.3284631828455113,-0.006656369513166844,0.39911159161707727,0.062092004322738995,-0.0009915513492487814,0.0037732461293737973,-0.0007489434253752619,0.013377199661095381,-3.341980565752629e-08,,,,,99.03111091121224,4.190333821217461,4.037027110182789,2.044089480463614,false,,false,modeled_transport,SIMULATED_MODEL,100.0,30.0,0.0,-0.034385393481173795,0.0006024451985391565,9.793284588384441,-0.0010059774306266605,0.005546858330688561,-5.9482935492743155e-06,,,,,,0.06209755050111465,-0.000991549552234181,0.0,0.39914741662810144,93.75713969817289,DEGRADED,4.299999999999962,4.0,4.299999999999962,3.3269625798636966,VALID,0.6726500831693323,VALID,2.0059870342888613,VALID,1.991630431519443,VALID,2.100035203785388,VALID,0.3996649620239476,VALID,crazyflie-6dof,2.0.0,65.33812797957896,0.07840575357549474,62.60630029119704,2.527433315438071,0.0783409934929719,0.12,0.4907227588015478,false,100.0,false,65.35460283221597,0.07842552339865917,62.614501686420695,2.5277644079866635,0.07836089796603142,0.12,0.49091077175631,false,100.0,false,65.3905934251041,0.07846871211012492,62.632410487894475,2.5284873911572685,0.07839408916370463,0.12,0.49132155231250946,false,100.0,false,65.37419660982319,0.07844903593178783,62.62425280973615,2.5281580634784553,0.07837423804637365,0.12,0.4911343975932468,false,100.0,false,[]
1,child-f9d0c0c9a9ae419f6470a221,py-f996c906ee10788ea67a,f996c906ee10,4b81296e5dd75a57ec2747997355f69bfd8a5d1068302c364c372acc996e4530,evt-9bbf6fd957f5438baebc6f869f2e66d7,45817,Alpha,SIM,vehicle-adapter,2026-08-15T05:18:08.754671Z,4.309999999999961,4.319999999999961,434,4.309999999999961,,fast-sim-Alpha,1,home,FLYING,true,true,true,simulated,98.14780232054913,-1.321729501407136,-0.0008491787422704785,0.39877707901903303,-1.3278319772459226,-0.006665464935629438,0.39914803028224116,0.06306020320822532,-0.0009128889537310121,0.0036438665163951445,-0.0007451817804754778,0.013439478570431453,-1.3730556723984166e-07,,,,,99.02884061977042,4.190311109112122,4.0370664367881215,2.0432622976382886,false,,false,modeled_transport,SIMULATED_MODEL,100.0,30.0,0.0,-0.03492971084869301,0.0005577348713606458,9.794130242935891,0.00037630377935723514,0.006227896957949256,-5.735015450666467e-06,,,,,,0.06306588957313139,-0.0009128805486734265,0.0,0.3991841908035747,93.68436647012871,DEGRADED,4.309999999999961,4.0,4.309999999999961,3.3282808402811064,VALID,0.6727635066279936,VALID,2.0062282486572203,VALID,1.9886537579108636,VALID,2.101363884657877,VALID,0.397710263475172,VALID,crazyflie-6dof,2.0.0,65.33240295387093,0.07839888354464511,62.603923841356945,2.527361997511818,0.07835020850989749,0.12,0.4906774892134035,false,100.0,false,65.33970845557108,0.0784076501466853,62.60756126357183,2.5275088426632197,0.07836734404253282,0.12,0.4907608608430778,false,100.0,false,65.35655698756887,0.07842786838508264,62.61594849918553,2.5278474409371543,0.07839730902818282,0.12,0.4909531503024031,false,100.0,false,65.34934132693876,0.07841920959232651,62.61235681432966,2.527702442233323,0.07838024037290987,0.12,0.49087079727940414,false,100.0,false,[]
1,child-f9d0c0c9a9ae419f6470a221,py-f996c906ee10788ea67a,f996c906ee10,4b81296e5dd75a57ec2747997355f69bfd8a5d1068302c364c372acc996e4530,evt-7c53eab6df0f4ab5b1b613197a3dbd38,45818,Alpha,SIM,vehicle-adapter,2026-08-15T05:18:08.766876Z,4.319999999999961,4.329999999999961,435,4.319999999999961,,fast-sim-Alpha,1,home,FLYING,true,true,true,simulated,98.14247189550859,-1.3223383656948846,0.00192722853344089,0.40031012044526904,-1.3271910888631577,-0.006673793806717711,0.39918326954121264,0.06402956251402978,-0.0008360915415978279,0.0035239258971475618,-0.0007301714169294371,0.013507101513167063,-2.4210377695654877e-07,,,,,99.02656989788169,4.190288406197705,4.037014678708091,2.043649699857906,false,,false,modeled_transport,SIMULATED_MODEL,100.0,30.0,0.0,-0.03547439199798939,0.0005134554191012974,9.795073283965742,0.0015011775480279943,0.006762300166436731,-5.490481153886678e-06,,,,,,0.06403539574824307,-0.0008360762626760263,0.0,0.39921979258694956,93.61077884216063,DEGRADED,4.319999999999961,4.0,4.319999999999961,3.3243312479210574,VALID,0.677047076769912,VALID,2.006516929707463,VALID,1.9952134745993437,VALID,2.1009883952089883,VALID,0.39695629514920766,VALID,crazyflie-6dof,2.0.0,65.3471115174933,0.07841653382099197,62.61166807488425,2.5276422307670647,0.07836128958706332,0.12,0.49084289644500245,false,100.0,false,65.35148536705309,0.0784217824404637,62.613845359231846,2.5277301280557745,0.07837547037258714,0.12,0.4908928142515901,false,100.0,false,65.35924486896764,0.07843109384276116,62.61770761927929,2.5278860480608194,0.07840030144608813,0.12,0.49098137435940425,false,100.0,false,65.35497266645429,0.07842596719974514,62.6155812095285,2.527800204587051,0.07838620121786419,0.12,0.4909326148019094,false,100.0,false,[]
1,child-f9d0c0c9a9ae419f6470a221,py-f996c906ee10788ea67a,f996c906ee10,4b81296e5dd75a57ec2747997355f69bfd8a5d1068302c364c372acc996e4530,evt-b587a26c0ed04424bdf918672387f2ad,45819,Alpha,SIM,vehicle-adapter,2026-08-15T05:18:08.777769Z,4.329999999999961,4.339999999999961,436,4.329999999999961,,fast-sim-Alpha,1,home,FLYING,true,true,true,simulated,98.09214815739223,-1.3229470323909427,0.00019111497134772365,0.40034659989895904,-1.3265405017871787,-0.006681388685936702,0.39921715161197396,0.0650007052997215,-0.0007624837684787092,0.003388207076132632,-0.0007014587796761076,0.01358120493800365,-3.4730665205176423e-07,,,,,99.02430240801291,4.190265698978817,4.037210132835298,2.0407408818913226,false,,false,modeled_transport,SIMULATED_MODEL,100.0,30.0,0.0,-0.03601972710161443,0.0004702200972969755,9.793494867555237,0.002871406209559952,0.0074103481192051655,-5.214885311926236e-06,,,,,,0.06500669342284383,-0.0007624613808837506,0.0,0.39925407029478804,93.5361722204679,DEGRADED,4.329999999999961,4.0,4.329999999999961,3.3235778877268083,VALID,0.6742787699353332,VALID,2.0080052095612086,VALID,1.9892059058591969,VALID,2.1028859129761326,VALID,0.3970473956010579,VALID,crazyflie-6dof,2.0.0,65.25400152592171,0.07830480183110605,62.5657203820753,2.5259096029465433,0.0783439351531012,0.12,0.48983615453309715,false,100.0,false,65.274912736129,0.0783298952833548,62.57614462021917,2.5263304513451583,0.07836082628103071,0.12,0.49007474968235326,false,100.0,false,65.3151274814828,0.07837815297777936,62.596181512470416,2.5271393827894313,0.07839147612603146,0.12,0.4905336639340685,false,100.0,false,65.29432940780964,0.07835319528937157,62.585820594397426,2.526721090755134,0.07837467926663652,0.12,0.49029631374180377,false,100.0,false,[]
1,child-f9d0c0c9a9ae419f6470a221,py-f996c906ee10788ea67a,f996c906ee10,4b81296e5dd75a57ec2747997355f69bfd8a5d1068302c364c372acc996e4530,evt-1f80385cf1724b6dbbb74e73c0fd3132,45820,Alpha,SIM,vehicle-adapter,2026-08-15T05:18:08.788963Z,4.339999999999961,4.349999999999961,437,4.339999999999961,,fast-sim-Alpha,1,home,FLYING,true,true,true,simulated,98.07537768050577,-1.319469768508429,0.0022035076595359844,0.3993774135620342,-1.3258801903891975,-0.006688293683673175,0.3992495649243529,0.0659745308458845,-0.0006932370279627018,0.003241331237885392,-0.0006607254873781162,0.013664714066712312,-4.532812445013752e-07,,,,,99.0220348376869,4.19024302408013,4.037182027072943,2.040813293420759,false,,false,modeled_transport,SIMULATED_MODEL,100.0,30.0,0.0,-0.03656606432183933,0.0004287848086829667,9.792379411377716,0.004073473594655257,0.008350918157689421,-4.908732820092547e-06,,,,,,0.06598068490799075,-0.0006932072742578272,0.0,0.39928692980043645,93.46000447827579,DEGRADED,4.339999999999961,4.0,4.339999999999961,3.3255761591707165,VALID,0.6742042145983698,VALID,2.00726143683938,VALID,1.991432804173993,VALID,2.102990699009932,VALID,0.3999242628205595,VALID,crazyflie-6dof,2.0.0,65.26048137899141,0.0783125776547897,62.569221385347774,2.52603336024874,0.07833272684785819,0.12,0.4899097168240536,false,100.0,false,65.29698677355782,0.07835638412826938,62.58741509444224,2.52676787340236,0.07835630398842813,0.12,0.490326267731372,false,100.0,false,65.3118804914372,0.07837425658972462,62.59483472442846,2.527067417370639,0.07838377711409672,0.12,0.4904962359728337,false,100.0,false,65.27549933657343,0.07833059920388812,62.57670743065409,2.5263355855243854,0.07836030785568136,0.12,0.49008107289249964,false,100.0,false,[]
1,child-f9d0c0c9a9ae419f6470a221,py-f996c906ee10788ea67a,f996c906ee10,4b81296e5dd75a57ec2747997355f69bfd8a5d1068302c364c372acc996e4530,evt-b8fe82c843394b2a828ab7cfbb9186d8,45821,Alpha,SIM,vehicle-adapter,2026-08-15T05:18:08.800797Z,4.349999999999961,4.35999999999996,438,4.349999999999961,,fast-sim-Alpha,1,home,FLYING,true,true,true,simulated,98.05696556227304,-1.321731518857678,0.002098049424232436,0.39781238008507697,-1.3252101201841473,-0.006694565913425526,0.3992805910561123,0.06695167910338796,-0.0006296625679045786,0.0031026131759481768,-0.0006063325914880541,0.013754728819911738,-5.560450067235299e-07,,,,,99.01976494848978,4.190220348376869,4.037002827573316,2.0429002773988985,false,,false,modeled_transport,SIMULATED_MODEL,100.0,30.0,0.0,-0.03711392536148761,0.0003898005455802581,9.79319613960277,0.00543943047218958,0.009001480032708562,-4.572712796414186e-06,,,,,,0.06695800808140938,-0.0006296254554951236,0.0,0.39931843789592136,93.38268308526378,DEGRADED,4.349999999999961,4.0,4.349999999999961,3.3258068575740745,VALID,0.6751079849119971,VALID,2.005946671736389,VALID,1.9937729640234427,VALID,2.099937395856681,VALID,0.40003082442492377,VALID,crazyflie-6dof,2.0.0,65.31699824034904,0.07838039788841884,62.59766241126895,2.527069401537726,0.07833965778266733,0.12,0.49051913482262627,false,100.0,false,65.31650423109164,0.07837980507730997,62.597416358945246,2.527059468398461,0.07835722820099611,0.12,0.490513497397692,false,100.0,false,65.3530197303736,0.07842362367644833,62.6155982904286,2.5277934734865513,0.07838875914386988,0.12,0.49093023287238124,false,100.0,false,65.35364875589251,0.078424378507071,62.6159114007624,2.5278061137595804,0.07837131004576113,0.12,0.4909374123061992,false,100.0,false,[]
1,child-f9d0c0c9a9ae419f6470a221,py-f996c906ee10788ea67a,f996c906ee10,4b81296e5dd75a57ec2747997355f69bfd8a5d1068302c364c372acc996e4530,evt-b4a7edbffdb84f179bc3729fd0f45fd1,45822,Alpha,SIM,vehicle-adapter,2026-08-15T05:18:08.812780Z,4.35999999999996,4.36999999999996,439,4.35999999999996,,fast-sim-Alpha,1,home,FLYING,true,true,true,simulated,98.04347423577198,-1.3204616638838986,0.0023190632969178624,0.40075003669432113,-1.3245302446327727,-0.006700275766313402,0.39931054913731184,0.06793301320419601,-0.0005731031444808544,0.0029958081199543685,-0.0005379354709441639,0.013853865741527163,-6.548545142221667e-07,,,,,99.01749141960437,4.190197649484898,4.036734449719962,2.046175996874938,false,,false,modeled_transport,SIMULATED_MODEL,100.0,30.0,0.0,-0.03766365500170782,0.0003540078017416938,9.796389425060443,0.006839848452305373,0.009913696205587892,-4.208047356354285e-06,,,,,,0.0679395290078043,-0.0005730587411546818,0.0,0.3993489297389027,93.30372073307974,DEGRADED,4.35999999999996,4.0,4.35999999999996,3.3232644167758814,VALID,0.6719825473295676,VALID,2.005633512805696,VALID,1.9940819062883988,VALID,2.101271366989335,VALID,0.39951409101228685,VALID,crazyflie-6dof,2.0.0,65.3787657621336,0.07845451891456032,62.628811944010174,2.528158827194189,0.0783610252269429,0.12,0.4911704384684785,false,100.0,false,65.41357456038885,0.07849628947246662,62.64612656211342,2.528857772348,0.07838460380719497,0.12,0.49156775150061305,false,100.0,false,65.44414676268764,0.07853297611522517,62.661325585143715,2.5294713165466844,0.07841741068048633,0.12,0.4919167620210015,false,100.0,false,65.40948287098415,0.07849137944518098,62.64409178828946,2.5287756339320744,0.07839396646022613,0.12,0.4915210448848447,false,100.0,false,[]
1,child-f9d0c0c9a9ae419f6470a221,py-f996c906ee10788ea67a,f996c906ee10,4b81296e5dd75a57ec2747997355f69bfd8a5d1068302c364c372acc996e4530,evt-bc3683f833f443dbaffd2c01d0d45b48,45823,Alpha,SIM,vehicle-adapter,2026-08-15T05:18:08.814944Z,4.36999999999996,4.37999999999996,440,4.36999999999996,,fast-sim-Alpha,1,home,FLYING,true,true,true,simulated,98.06722648732867,-1.3185102828764408,0.0007427332247426713,0.39819764909825606,-1.3238405150196744,-0.006705507110808588,0.39933922910274783,0.06891947784333267,-0.000524879871400221,0.0028679965435984833,-0.00045567320174954613,0.013962939154833126,-7.47215204256963e-07,,,,,99.01522423000854,4.190174914196044,4.0371396164757805,2.040470636243855,false,,false,modeled_transport,SIMULATED_MODEL,100.0,30.0,0.0,-0.0382157432959566,0.00032216172973117616,9.79429116908882,0.008226355378924341,0.010907344592665943,-3.816360312144335e-06,,,,,,0.06892619383906588,-0.0005248284282055396,0.0,0.3993782020492023,93.22289775935316,DEGRADED,4.36999999999996,4.0,4.36999999999996,3.3268691475063243,VALID,0.6776991879614148,VALID,2.006032351875669,VALID,1.9947248348267232,VALID,2.099853072967248,VALID,0.4016371627047848,VALID,crazyflie-6dof,2.0.0,65.24952142761904,0.07829942571314284,62.565019304639605,2.5258371804033253,0.07834266381865071,0.12,0.48980366137901926,false,100.0,false,65.27637561738894,0.07833165074086672,62.578406781128656,2.526377651520311,0.07836838922388059,0.12,0.49011007649542443,false,100.0,false,65.30448006336418,0.07836537607603701,62.59241115730546,2.5269430277389855,0.07840142224819165,0.12,0.490430799795919,false,100.0,false,65.27777969533268,0.07833333563439922,62.57910658460687,2.526405903563768,0.07837584367405083,0.12,0.490126098573492,false,100.0,false,[]
1,child-f9d0c0c9a9ae419f6470a221,py-f996c906ee10788ea67a,f996c906ee10,4b81296e5dd75a57ec2747997355f69bfd8a5d1068302c364c372acc996e4530,evt-3932ad896bcc4652b67308b25fa37ad4,45824,Alpha,SIM,vehicle-adapter,2026-08-15T05:18:08.824317Z,4.37999999999996,4.38999999999996,441,4.37999999999996,,fast-sim-Alpha,1,home,FLYING,true,true,true,simulated,98.05485252955509,-1.3181047824752268,0.0008182257580129698,0.39908881027581306,-1.3231408687126491,-0.006710353149895483,0.3993668847365049,0.06991183036850913,-0.00048596589485169897,0.002765563375706215,-0.0003631909764962856,0.014079896863357182,-8.291088320773852e-07,,,,,99.01295124260554,4.190152242300085,4.036725592598911,2.045688662697156,false,,false,modeled_transport,SIMULATED_MODEL,100.0,30.0,0.0,-0.03877073177322532,0.0002950151912217984,9.79683262968435,0.009248337354634492,0.01169577325059219,-3.399933345823746e-06,,,,,,0.06991875864177331,-0.0004859079623830037,0.0,0.3994065002926634,93.14043567796516,DEGRADED,4.37999999999996,4.0,4.37999999999996,3.322940081809706,VALID,0.6756680954988276,VALID,2.00549054199786,VALID,1.9969325545884593,VALID,2.1013804500590605,VALID,0.3977388901364926,VALID,crazyflie-6dof,2.0.0,65.39426445465747,0.07847311734558896,62.63735604667019,2.528498182063237,0.07836832067076732,0.12,0.4913643848566299,false,100.0,false,65.40188005537908,0.0784822560664549,62.64114413544245,2.5286510968121774,0.07838992264662473,0.12,0.49145131505247736,false,100.0,false,65.40430761151048,0.07848516913381257,62.64235152986748,2.528699836011936,0.07841546977551751,0.12,0.4914790256712018,false,100.0,false,65.39685343910313,0.07847622412692376,62.63864389135344,2.5285501688191587,0.0783940262554843,0.12,0.4913939371168467,false,100.0,false,[]
1,child-f9d0c0c9a9ae419f6470a221,py-f996c906ee10788ea67a,f996c906ee10,4b81296e5dd75a57ec2747997355f69bfd8a5d1068302c364c372acc996e4530,evt-2b7a28be006f4fdcb0dd027ac650e35c,45825,Alpha,SIM,vehicle-adapter,2026-08-15T05:18:08.835901Z,4.38999999999996,4.3999999999999595,442,4.38999999999996,,fast-sim-Alpha,1,home,FLYING,true,true,true,simulated,98.06055547267792,-1.315732275568471,0.0004073981352976999,0.3993746339953039,-1.3224312396382851,-0.006714913387441878,0.39939357695355926,0.0709106871870961,-0.00045699378554610315,0.0026692217054369305,-0.00026384353788155737,0.01420343942740736,-8.974664681765835e-07,,,,,99.01068007480944,4.190129512426055,4.036825686190656,2.0440510164891768,false,,false,modeled_transport,SIMULATED_MODEL,100.0,30.0,0.0,-0.0393290408324682,0.00027311224844251683,9.797445897585089,0.009934840535522937,0.012354257971719589,-2.9618072467321312e-06,,,,,,0.07091783916524617,-0.00045693016148616713,0.0,0.39943388061230195,93.05646038738584,DEGRADED,4.38999999999996,4.0,4.38999999999996,3.3174927461455597,VALID,0.6756030751041303,VALID,2.0081255092638806,VALID,1.9933541779415953,VALID,2.1007364992257767,VALID,0.39783591696907816,VALID,crazyflie-6dof,2.0.0,65.35659553848741,0.07842791464618488,62.61916223728876,2.5278264256722722,0.07837763282281664,0.12,0.4909704927923121,false,100.0,false,65.36605702966078,0.07843926843559294,62.62387139907153,2.528016526324723,0.07839668661649013,0.12,0.4910784850406847,false,100.0,false,65.36391719552611,0.07843670063463133,62.622806428022095,2.527973535299849,0.07841524683530646,0.12,0.4910540608191166,false,100.0,false,65.35462288864248,0.07842554746637097,62.6181803194556,2.5277867873609656,0.07839636195395179,0.12,0.4909479778370633,false,100.0,false,[]
1,child-f9d0c0c9a9ae419f6470a221,py-f996c906ee10788ea67a,f996c906ee10,4b81296e5dd75a57ec2747997355f69bfd8a5d1068302c364c372acc996e4530,evt-663cfe42f0cf4a1784f9f672b1fec967,45826,Alpha,SIM,vehicle-adapter,2026-08-15T05:18:08.846664Z,4.3999999999999595,4.409999999999959,443,4.3999999999999595,,fast-sim-Alpha,1,home,FLYING,true,true,true,simulated,98.04164109886888,-1.3173422632927798,0.0013753172688644611,0.39955403579389964,-1.3217115603625722,-0.006719289694675711,0.39941931608135617,0.07191627439855394,-0.00043821295470205303,0.002573912779690879,-0.0001615289147967163,0.014329469720401061,-9.493358742898489e-07,,,,,99.00840940383041,4.190106800748095,4.0368365096642655,2.043603881128837,false,,false,modeled_transport,SIMULATED_MODEL,100.0,30.0,0.0,-0.03989102356854424,0.00025681035388346865,9.797553545815584,0.010231536314152375,0.012603030150570104,-2.505921937599481e-06,,,,,,0.07192365784955729,-0.0004381446877185696,0.0,0.39946033192482444,92.97157198676247,DEGRADED,4.3999999999999595,4.0,4.3999999999999595,3.32007667715697,VALID,0.6783438856457696,VALID,2.0059830674168317,VALID,1.9922674024748843,VALID,2.102817572200908,VALID,0.399987883594166,VALID,crazyflie-6dof,2.0.0,65.36227226007296,0.07843472671208754,62.6224353947758,2.527965335257227,0.07838669156102229,0.12,0.49104808571662545,false,100.0,false,65.34880902219749,0.07841857082663697,62.615733798459914,2.527694802770417,0.07839699664270426,0.12,0.4908944171510211,false,100.0,false,65.33640833879826,0.07840369000655792,62.60955978745585,2.5274455680400942,0.07840724756307908,0.12,0.4907528852978986,false,100.0,false,65.35004227095847,0.07842005072515015,62.61634773491272,2.5277195863812905,0.07839712029950822,0.12,0.4909084929632918,false,100.0,false,[]
1,child-f9d0c0c9a9ae419f6470a221,py-f996c906ee10788ea67a,f996c906ee10,4b81296e5dd75a57ec2747997355f69bfd8a5d1068302c364c372acc996e4530,evt-7ffe71f578a84cf6ac7bdbf2fa133164,45827,Alpha,SIM,vehicle-adapter,2026-08-15T05:18:08.857614Z,4.409999999999959,4.419999999999959,444,4.409999999999959,,fast-sim-Alpha,1,home,FLYING,true,true,true,simulated,98.04912058421158,-1.3162306322165538,0.0008171557912823937,0.3990674754215827,-1.3209817609630083,-0.006723584472903167,0.39944409099222594,0.07292886813908757,-0.00042968297168189664,0.002477491086971817,-5.809106059625789e-05,0.014458740115075096,-9.839060054268308e-07,,,,,99.00613899809949,4.190084094038304,4.036831707200898,2.043365157822885,false,,false,modeled_transport,SIMULATED_MODEL,100.0,30.0,0.0,-0.04045679508378093,0.00024624554865273053,9.797447013269313,0.010343835188159923,0.01292703980433073,-2.0371369352777626e-06,,,,,,0.07293649194338027,-0.0004296112172552345,0.0,0.3994858482288437,92.88562899876894,DEGRADED,4.409999999999959,4.0,4.409999999999959,3.31888434865887,VALID,0.6774397128719677,VALID,2.007392507544779,VALID,1.987820889282493,VALID,2.0997738130418644,VALID,0.3986782917394505,VALID,crazyflie-6dof,2.0.0,65.33847540934958,0.07840617049121949,62.61100658652787,2.5275009660826,0.07838661052390315,0.12,0.4907849245719804,false,100.0,false,65.35294669052166,0.07842353602862599,62.618211177629014,2.527791803300545,0.0783986685426148,0.12,0.4909500946258554,false,100.0,false,65.34826632046543,0.0784179195845585,62.61588122373908,2.527697746983153,0.07840497662751553,0.12,0.4908966732927293,false,100.0,false,65.3339666317576,0.07840075995810912,62.608761518789315,2.5274103364762817,0.07839310338787277,0.12,0.49073346533232,false,100.0,false,[]
1,child-f9d0c0c9a9ae419f6470a221,py-f996c906ee10788ea67a,f996c906ee10,4b81296e5dd75a57ec2747997355f69bfd8a5d1068302c364c372acc996e4530,evt-3e1fabfc69144d7791cc2a3e520aa5d7,45828,Alpha,SIM,vehicle-adapter,2026-08-15T05:18:08.868551Z,4.419999999999959,4.429999999999959,445,4.419999999999959,,fast-sim-Alpha,1,home,FLYING,true,true,true,simulated,98.04529321752628,-1.3157688733725181,0.0005917457420756946,0.39778034279505986,-1.3202417678110996,-0.006727897827715674,0.3994679787793687,0.07394871258303787,-0.00043118424657338257,0.002388778714274009,4.3591293218781785e-05,0.014590884585386876,-1.0004760538689078e-06,,,,,99.00386738444523,4.190061389980995,4.036727468319349,2.044452288836541,false,,false,modeled_transport,SIMULATED_MODEL,100.0,30.0,0.0,-0.04102651379668129,0.00024145335342110405,9.798223142155194,0.010168259457103293,0.013214447079150296,-1.56102685944541e-06,,,,,,0.07395658560236654,-0.0004311102630666111,0.0,0.3995105050817887,92.79867526578461,DEGRADED,4.419999999999959,4.0,4.419999999999959,3.3196739405960303,VALID,0.6796268778656416,VALID,2.006544299503751,VALID,1.996284948369848,VALID,2.0978851213550924,VALID,0.395299502568378,VALID,crazyflie-6dof,2.0.0,65.37254156674709,0.0784470498800965,62.62836476711461,2.5281364035133524,0.07839597639829779,0.12,0.4911585461314179,false,100.0,false,65.38032103654909,0.07845638524385891,62.6322358651459,2.528292669190907,0.0784073566974912,0.12,0.4912473472499338,false,100.0,false,65.36448852267904,0.07843738622721484,62.62435701201778,2.527974621362496,0.07840737758675144,0.12,0.49106662570575965,false,100.0,false,65.35687888521633,0.0784282546622596,62.6205694357043,2.5278217272290657,0.07839618676984181,0.12,0.4909797697494295,false,100.0,false,[]
1,child-f9d0c0c9a9ae419f6470a221,py-f996c906ee10788ea67a,f996c906ee10,4b81296e5dd75a57ec2747997355f69bfd8a5d1068302c364c372acc996e4530,evt-e73151fe135e4c09af5497345e874d9c,45829,Alpha,SIM,vehicle-adapter,2026-08-15T05:18:08.873636Z,4.429999999999959,4.439999999999959,446,4.429999999999959,,fast-sim-Alpha,1,home,FLYING,true,true,true,simulated,98.03347371185434,-1.31327142080835,0.002236298281969743,0.4007452011659776,-1.3194915021587814,-0.0067323247036561095,0.3994912474115125,0.07497603616338855,-0.00044220528711686813,0.0023268632143857992,0.00014053986161648456,0.014725780430856457,-9.988936499541966e-07,,,,,99.00159279459264,4.190038673844453,4.036503858794671,2.0471308673313118,false,,false,modeled_transport,SIMULATED_MODEL,100.0,30.0,0.0,-0.04160031585907954,0.00024230966459218967,9.800908575257846,0.009694854527906574,0.013489584540659757,-1.0837030006731028e-06,,,,,,0.07498416747935197,-0.000442130398396584,0.0,0.39953456983189156,92.71073005869962,DEGRADED,4.429999999999959,4.0,4.429999999999959,3.321205022638672,VALID,0.6775200499494117,VALID,2.0073985429768455,VALID,1.9958472634362612,VALID,2.1012892977020043,VALID,0.4010567283355194,VALID,crazyflie-6dof,2.0.0,65.43745341366709,0.07852494409640051,62.66111041295975,2.52931813978271,0.0784205589385019,0.12,0.49185770357462855,false,100.0,false,65.44641214656521,0.07853569457587825,62.66556352053422,2.5294978896417892,0.07843178107564874,0.12,0.4919599853883899,false,100.0,false,65.42423356476199,0.07850908027771439,62.65453803161508,2.529052845356117,0.07842518656985825,0.12,0.4917067806321046,false,100.0,false,65.41544022527484,0.0784985282703298,62.650165537976285,2.5288763494816617,0.07841415611874411,0.12,0.4916063977361889,false,100.0,false,[]
1,child-f9d0c0c9a9ae419f6470a221,py-f996c906ee10788ea67a,f996c906ee10,4b81296e5dd75a57ec2747997355f69bfd8a5d1068302c364c372acc996e4530,evt-1e9dc28e9948445cb636476bca303f37,45830,Alpha,SIM,vehicle-adapter,2026-08-15T05:18:08.891308Z,4.439999999999959,4.449999999999958,447,4.439999999999959,,fast-sim-Alpha,1,home,FLYING,true,true,true,simulated,98.03560384599716,-1.311774344217468,0.0009971806527764625,0.3986114701772837,-1.3187308937993911,-0.00673695504375056,0.3995136403916184,0.07601076756613442,-0.0004622488747665638,0.0022392980105923055,0.0002330045206160379,0.014860270358139093,-9.798880612082212e-07,,,,,98.99932465162095,4.190015927945926,4.036916277356746,2.041328674526137,false,,false,modeled_transport,SIMULATED_MODEL,100.0,30.0,0.0,-0.04217833423385993,0.0002485193535519529,9.798348782477516,0.009246437792552804,0.013448992883264215,-6.115469335300514e-07,,,,,,0.07601916303081278,-0.00046217440526866046,0.0,0.3995577671231978,92.62230701366498,DEGRADED,4.439999999999959,4.0,4.439999999999959,3.3182342749136895,VALID,0.6853894390640285,VALID,2.007603701270969,VALID,1.992308513098566,VALID,2.099566445199897,VALID,0.4039673310992175,VALID,crazyflie-6dof,2.0.0,65.30300324605714,0.07836360389526857,62.59480669098867,2.5268999400885113,0.07840314935589766,0.12,0.490433481834119,false,100.0,false,65.28943338354519,0.07834732006025423,62.58804517295682,2.526626983266487,0.07840753671811286,0.12,0.49027861495022035,false,100.0,false,65.2851693475661,0.07834220321707931,62.58592019791682,2.5265411998032077,0.07840130978555666,0.12,0.4902299534640107,false,100.0,false,65.29889755136105,0.07835867706163326,62.592761088040014,2.526817360810107,0.07839711368010684,0.12,0.4903866242777869,false,100.0,false,[]
1,child-f9d0c0c9a9ae419f6470a221,py-f996c906ee10788ea67a,f996c906ee10,4b81296e5dd75a57ec2747997355f69bfd8a5d1068302c364c372acc996e4530,evt-894df7ecfc594f959da549fe3ae861bf,45831,Alpha,SIM,vehicle-adapter,2026-08-15T05:18:08.906126Z,4.459999999999958,4.469999999999958,449,4.459999999999958,,fast-sim-Alpha,1,home,FLYING,true,true,true,simulated,97.99238566200839,-1.3096741876712126,0.0015747631056673107,0.39939740591680034,-1.317178366524553,-0.006747152034291211,0.3995562723532358,0.07810090062096237,-0.0005267208010611898,0.002096464754680616,0.000399141166881914,0.015118849787868177,-8.96483730255336e-07,,,,,98.99477996051385,4.189970516791101,4.036629511546908,2.0445467366121757,false,,false,modeled_transport,SIMULATED_MODEL,100.0,30.0,0.0,-0.04334664459680243,0.0002757772669397551,9.800088707749282,0.008043200590471294,0.012835495471947223,2.9130408655013733e-07,,,,,,0.07810983125879517,-0.0005266508268255909,0.0,0.3996019737441253,92.44563632618197,DEGRADED,4.459999999999958,4.0,4.459999999999958,3.318774068785403,VALID,0.6793566099668299,VALID,2.007199054531219,VALID,1.99387686219625,VALID,2.100069350134187,VALID,0.3997804441502737,VALID,crazyflie-6dof,2.0.0,65.36173918656375,0.0784340870238765,62.62483733147338,2.5279326652805,0.07841935907261513,0.12,0.4910547060498168,false,100.0,false,65.37541761446735,0.07845050113736082,62.631644862844546,2.528207460100836,0.07842034514001624,0.12,0.4912108435498011,false,100.0,false,65.37603389065715,0.07845124066878859,62.631951537194006,2.528219839408131,0.07841196009774211,0.12,0.49121787850457,false,100.0,false,65.36249282839094,0.07843499139406912,62.625212446910474,2.527947807300936,0.07841115633102218,0.12,0.49106330850798785,false,100.0,false,[]
1,child-f9d0c0c9a9ae419f6470a221,py-f996c906ee10788ea67a,f996c906ee10,4b81296e5dd75a57ec2747997355f69bfd8a5d1068302c364c372acc996e4530,evt-c95313885c3247d8afc16098ee3779a1,45832,Alpha,SIM,vehicle-adapter,2026-08-15T05:18:08.916553Z,4.469999999999958,4.479999999999958,450,4.469999999999958,,fast-sim-Alpha,1,home,FLYING,true,true,true,simulated,97.98569539919428,-1.3119751248974605,0.0015332006387242065,0.3995100772730478,-1.316386319490146,-0.006752865962640129,0.3995765325941877,0.07915542909426294,-0.0005698645162614666,0.002026024095186374,0.00047268826186874546,0.015240888973421327,-8.361807429798789e-07,,,,,98.99250850479919,4.189947799605139,4.036624538867157,2.044310143199953,false,,false,modeled_transport,SIMULATED_MODEL,100.0,30.0,0.0,-0.04393655473184131,0.0002961055966458938,9.800075464328142,0.0073546179663665934,0.012203920047601995,7.097358941460974e-07,,,,,,0.07916462786333324,-0.0005697983916719772,0.0,0.39962298948776054,92.35779647838683,DEGRADED,4.469999999999958,4.0,4.469999999999958,3.314607118983988,VALID,0.6818870011394728,VALID,2.008221332742883,VALID,1.9904757833885254,VALID,2.1031964683055673,VALID,0.3944115404906739,VALID,crazyflie-6dof,2.0.0,65.38880711158693,0.07846656853390431,62.63875138816447,2.528491209374639,0.07842585191449275,0.12,0.49137272212691374,false,100.0,false,65.3565877991982,0.07842790535903783,62.62271733942754,2.52784397502875,0.07841698837997822,0.12,0.49100492714331884,false,100.0,false,65.3370267763601,0.07840443213163213,62.61297855591449,2.527450856903675,0.07840485609124818,0.12,0.4907816587935282,false,100.0,false,65.36937012226203,0.07844324414671443,62.62907952903773,2.5281007927357644,0.07841389359527656,0.12,0.49115083513619234,false,100.0,false,[]
1,child-f9d0c0c9a9ae419f6470a221,py-f996c906ee10788ea67a,f996c906ee10,4b81296e5dd75a57ec2747997355f69bfd8a5d1068302c364c372acc996e4530,evt-7ada8d8aa12b4a86a41c09cea298b058,45833,Alpha,SIM,vehicle-adapter,2026-08-15T05:18:08.927180Z,4.479999999999958,4.489999999999958,451,4.479999999999958,,fast-sim-Alpha,1,home,FLYING,true,true,true,simulated,97.98649849802587,-1.3101025531524209,-0.0008692404353838811,0.40033573040215625,-1.3155836740452234,-0.006759074989188636,0.3995960765561148,0.08021559501271898,-0.0006191882512825532,0.001954396192710428,0.0005378893569114212,0.015358703104182067,-7.656536951410013e-07,,,,,98.99023719388425,4.189925085047992,4.036611598289725,2.0441798234399338,false,,false,modeled_transport,SIMULATED_MODEL,100.0,30.0,0.0,-0.04452988859620653,0.00032039333668927236,9.799960392941992,0.00652000160584214,0.011781415155200781,1.09886251104451e-06,,,,,,0.08022506255077767,-0.0006191269234800764,0.0,0.39964326931376626,92.27026513183405,DEGRADED,4.479999999999958,4.0,4.479999999999958,3.3158798022528586,VALID,0.6813332593963173,VALID,2.0061648373063012,VALID,1.9959794089024934,VALID,2.098615971728877,VALID,0.39802814475550213,VALID,crazyflie-6dof,2.0.0,65.36675467929581,0.07844010561515496,62.62820415453499,2.528057352702527,0.07842429241741988,0.12,0.4911277268407176,false,100.0,false,65.3739499818639,0.07844873997823668,62.631785084310735,2.528201900929181,0.07841977660815057,0.12,0.4912098642256085,false,100.0,false,65.35219722583965,0.07842263667100757,62.620957953452546,2.5277648517091977,0.07840417492373161,0.12,0.49096155609621195,false,100.0,false,65.34511134964855,0.07841413361957825,62.6174302150202,2.52762245061048,0.0784088540872822,0.12,0.49088067627739584,false,100.0,false,[]
1,child-f9d0c0c9a9ae419f6470a221,py-f996c906ee10788ea67a,f996c906ee10,4b81296e5dd75a57ec2747997355f69bfd8a5d1068302c364c372acc996e4530,evt-3d5711f5b3d04adfb12076e8d2e67b01,45834,Alpha,SIM,vehicle-adapter,2026-08-15T05:18:08.933368Z,4.489999999999958,4.499999999999957,452,4.489999999999958,,fast-sim-Alpha,1,home,FLYING,true,true,true,simulated,97.95679882623075,-1.3093976564049437,0.00298852360388717,0.3988351539686837,-1.3147703807177065,-0.006765826803923138,0.3996147732125754,0.08128093596587739,-0.0006733375156109289,0.0018696656460537309,0.0005894663145499557,0.015472115722206787,-6.87175791880784e-07,,,,,98.98796760492368,4.189902371938842,4.036705117099893,2.0426300645134705,false,,false,modeled_transport,SIMULATED_MODEL,100.0,30.0,0.0,-0.04512639406168466,0.00034816695287956997,9.798653077934308,0.0051575747928869885,0.011341264439753845,1.454039081166712e-06,,,,,,0.08129067231401381,-0.0006732817782920197,0.0,0.3996626785833914,92.18314600981367,DEGRADED,4.489999999999958,4.0,4.489999999999958,3.3134998082842237,VALID,0.6830391589231402,VALID,2.004517120670619,VALID,1.994074679836357,VALID,2.1052363305550315,VALID,0.3995291393214306,VALID,crazyflie-6dof,2.0.0,65.3520882330278,0.07842250587963336,62.621318959568804,2.527837986836359,0.07841986583230756,0.12,0.4909917244252366,false,100.0,false,65.34645693844324,0.07841574832613189,62.61851540189258,2.5277248154801826,0.07841479344845105,0.12,0.4909274417711725,false,100.0,false,65.29347993324502,0.07835217591989403,62.59212782265884,2.526659626718975,0.07838727512147645,0.12,0.490322780893891,false,100.0,false,65.29920500407728,0.07835904600489273,62.59498056841784,2.5267747836530066,0.07839249822000344,0.12,0.4903881174231706,false,100.0,false,[]
1,child-f9d0c0c9a9ae419f6470a221,py-f996c906ee10788ea67a,f996c906ee10,4b81296e5dd75a57ec2747997355f69bfd8a5d1068302c364c372acc996e4530,evt-17c9d2b366384dba8741a72077f986b6,45835,Alpha,SIM,vehicle-adapter,2026-08-15T05:18:08.949428Z,4.499999999999957,4.509999999999957,453,4.499999999999957,,fast-sim-Alpha,1,home,FLYING,true,true,true,simulated,97.99814196492068,-1.308902026245093,0.0019595098222213213,0.39961983148230446,-1.3139463903306503,-0.006773158388523522,0.3996327673157396,0.08235099652029261,-0.0007312151440132136,0.0017994103164276076,0.0006302264665688872,0.015581168846895588,-6.029460723200409e-07,,,,,98.98569458539723,4.189879676049237,4.036450858015158,2.0457175738092848,false,,false,modeled_transport,SIMULATED_MODEL,100.0,30.0,0.0,-0.045725811010430384,0.0003786499902619948,9.80010331697315,0.0040758844272393005,0.010905315590140236,1.771390091013541e-06,,,,,,0.08236100144481089,-0.0007311656360073298,0.0,0.3996813615845359,92.09646316472225,DEGRADED,4.499999999999957,4.0,4.499999999999957,3.311551699899353,VALID,0.6812142158590517,VALID,2.0068655081535796,VALID,1.9905032405782634,VALID,2.102077658227477,VALID,0.4021153655905489,VALID,crazyflie-6dof,2.0.0,65.39921520749417,0.078479058248993,62.645095416756135,2.5286384914540676,0.07842841901998664,0.12,0.49147759788498774,false,100.0,false,65.39470439129964,0.07847364526955956,62.64285145375313,2.5285479149901793,0.0784232626706268,0.12,0.4914261017336903,false,100.0,false,65.39073147785248,0.07846887777342297,62.64087493855182,2.5284681339253767,0.07840139904081878,0.12,0.4913807472825571,false,100.0,false,65.39531976866826,0.07847438372240191,62.64315759093711,2.528560272067168,0.07840669174220583,0.12,0.4914331269080497,false,100.0,false,[]
1,child-f9d0c0c9a9ae419f6470a221,py-f996c906ee10788ea67a,f996c906ee10,4b81296e5dd75a57ec2747997355f69bfd8a5d1068302c364c372acc996e4530,evt-e78517a6544a4417ba33f56954745eeb,45836,Alpha,SIM,vehicle-adapter,2026-08-15T05:18:08.961216Z,4.509999999999957,4.519999999999957,454,4.509999999999957,,fast-sim-Alpha,1,home,FLYING,true,true,true,simulated,98.02819029197352,-1.3073579366135926,-0.0001135157310703282,0.39902040327170074,-1.3131116598781598,-0.006781096233190175,0.3996500517555769,0.08342538962547881,-0.000791777507211509,0.0017284439837284005,0.0006605869444356072,0.015686595342814063,-5.14413042376041e-07,,,,,98.98342319107181,4.189856945853973,4.0365378288875045,2.0442548928882194,false,,false,modeled_transport,SIMULATED_MODEL,100.0,30.0,0.0,-0.04632788018864016,0.0004112288882183665,9.800034255118694,0.0030359093810481434,0.010542653120340334,2.0479229565253275e-06,,,,,,0.08343566350272125,-0.0007917347648495823,0.0,0.3996993148058556,92.010136489255,DEGRADED,4.509999999999957,4.0,4.509999999999957,3.3152708981900227,VALID,0.6903822560775998,VALID,2.0053382366209873,VALID,1.9970610349704887,VALID,2.100034012974584,VALID,0.4022476918738672,VALID,crazyflie-6dof,2.0.0,65.3681546219095,0.0784417855462914,62.63014140970831,2.5280893502886137,0.07842669632563867,0.12,0.4911548838016224,false,100.0,false,65.36867154053373,0.07844240584864047,62.63039868108545,2.528099735145075,0.07842297554149652,0.12,0.4911607847299694,false,100.0,false,65.35215227409866,0.07842258272891837,62.62217592136855,2.5277678203385237,0.07840162106681778,0.12,0.4909722148812415,false,100.0,false,65.35169624686048,0.07842203549623257,62.62194889375847,2.5277586562831607,0.07840546246835027,0.12,0.49096700947538613,false,100.0,false,[]
1,child-f9d0c0c9a9ae419f6470a221,py-f996c906ee10788ea67a,f996c906ee10,4b81296e5dd75a57ec2747997355f69bfd8a5d1068302c364c372acc996e4530,evt-5717d0352cba45f0b2fe73454fc62f14,45837,Alpha,SIM,vehicle-adapter,2026-08-15T05:18:08.974337Z,4.529999999999957,4.5399999999999565,456,4.529999999999957,,fast-sim-Alpha,1,home,FLYING,true,true,true,simulated,98.05217259686644,-1.307405052463897,0.000976160573349638,0.3989365154171698,-1.3114098191687902,-0.006798833051625134,0.3996828440890292,0.0855857604488509,-0.0009159194453006265,0.0016122006935292976,0.0006838090556738168,0.015888332435428334,-3.3073390634572505e-07,,,,,98.97887761720906,4.189811503675277,4.036400857168029,2.0454752867441477,false,,false,modeled_transport,SIMULATED_MODEL,100.0,30.0,0.0,-0.04753907866355539,0.00048017407640666993,9.801650616222187,0.000634918591203952,0.010055071859124817,2.470735890481577e-06,,,,,,0.08559657443628703,-0.0009158913533207157,0.0,0.39973339064268887,91.83843968439983,DEGRADED,4.529999999999957,4.0,4.529999999999957,3.312810556251327,VALID,0.6869948230463204,VALID,2.0083585988261112,VALID,1.991774163427566,VALID,2.103182395346041,VALID,0.396968040882409,VALID,crazyflie-6dof,2.0.0,65.37888642787604,0.07845466371345124,62.63637372911506,2.5282551261009707,0.078436725237479,0.12,0.49126575954231344,false,100.0,false,65.4005405300405,0.0784806486360486,62.647147370005676,2.5286899934342277,0.07843925953497073,0.12,0.4915129694562504,false,100.0,false,65.39692764989576,0.0784763131798749,62.64535010956166,2.52861744879826,0.0784167379652378,0.12,0.4914717219180001,false,100.0,false,65.37530153964285,0.07845036184757141,62.63458975452,2.528183117735124,0.07841429004472507,0.12,0.49122483582758397,false,100.0,false,[]
1,child-f9d0c0c9a9ae419f6470a221,py-f996c906ee10788ea67a,f996c906ee10,4b81296e5dd75a57ec2747997355f69bfd8a5d1068302c364c372acc996e4530,evt-5e9a5be7d3b547f7aaec9a79e4b671c3,45838,Alpha,SIM,vehicle-adapter,2026-08-15T05:18:08.984652Z,4.5399999999999565,4.549999999999956,457,4.5399999999999565,,fast-sim-Alpha,1,home,FLYING,true,true,true,simulated,98.0265489592191,-1.3045798514526643,-0.00011121217048788018,0.40237433809078477,-1.3105426299684881,-0.006808626642856427,0.3996984980494498,0.08667171278823943,-0.0009773544204665899,0.001565396042058076,0.000678996640057956,0.015989954554594264,-2.3532563262821338e-07,,,,,98.97660441943657,4.189788776172091,4.0363479265297935,2.045877995251423,false,,false,modeled_transport,SIMULATED_MODEL,100.0,30.0,0.0,-0.048147902906869045,0.0005151982078742358,9.802454706939477,-0.00048139362776466153,0.010162216066480517,2.6150536307496986e-06,,,,,,0.08668280486383323,-0.0009773342496842614,0.0,0.3997496928286503,91.75224163718347,DEGRADED,4.5399999999999565,4.0,4.5399999999999565,3.3078898037538864,VALID,0.6875490911005515,VALID,2.0063175540133615,VALID,1.990575558921218,VALID,2.1009905289058106,VALID,0.39954547524226774,VALID,crazyflie-6dof,2.0.0,65.40199442328168,0.078482393307938,62.64834154013439,2.5287050347605176,0.07844207635044606,0.12,0.49152796764053125,false,100.0,false,65.41658488088599,0.0784999018570632,62.655598484127296,2.528997950268905,0.07844832994607319,0.12,0.4916945511824682,false,100.0,false,65.3917448122715,0.07847009377472579,62.64324258120989,2.528499223037694,0.07842400116153937,0.12,0.49141095178438127,false,100.0,false,65.37716631828435,0.07845259958194122,62.63598860643439,2.528206427377252,0.07841781604208321,0.12,0.4912445246440425,false,100.0,false,[]
1,child-f9d0c0c9a9ae419f6470a221,py-f996c906ee10788ea67a,f996c906ee10,4b81296e5dd75a57ec2747997355f69bfd8a5d1068302c364c372acc996e4530,evt-ba024288296f4b3ab8b07a4c33741a7f,45839,Alpha,SIM,vehicle-adapter,2026-08-15T05:18:08.994184Z,4.549999999999956,4.559999999999956,458,4.549999999999956,,fast-sim-Alpha,1,home,FLYING,true,true,true,simulated,98.0234115789752,-1.3040505785797203,0.002237274660216962,0.39979253878644316,-1.309664551461264,-0.006819012916551552,0.3997132108432013,0.08776143732811628,-0.001036720551624232,0.0014712793751481268,0.0006610301993259864,0.01609072688252341,-1.4065218705201732e-07,,,,,98.97433874519679,4.189766044194366,4.0368330330106845,2.0391068157982275,false,,false,modeled_transport,SIMULATED_MODEL,100.0,30.0,0.0,-0.0487589101168594,0.0005497817231097995,9.797723922109073,-0.0017967959261659435,0.010077236882355019,2.7142438274304156e-06,,,,,,0.08777281094990377,-0.0010367084342866523,0.0,0.3997650489387142,91.66603644294985,DEGRADED,4.549999999999956,4.0,4.549999999999956,3.3086512930390994,VALID,0.690706806516052,VALID,2.0078649780215527,VALID,1.9924552002631193,VALID,2.1050808812865203,VALID,0.3987366264999824,VALID,crazyflie-6dof,2.0.0,65.26025202195873,0.07831230242635047,62.578238418218326,2.5261789999428204,0.07840863525991852,0.12,0.4900346459570766,false,100.0,false,65.25140907899947,0.07830169089479937,62.573828917852914,2.5260009957754788,0.0784106977467508,0.12,0.4899337223413306,false,100.0,false,65.21504887640181,0.07825805865168216,62.55569123734011,2.525268807897116,0.07838157267623065,0.12,0.4895187921276457,false,100.0,false,65.22388807559959,0.07826866569071951,62.56010153151804,2.5254468441093434,0.07837956053135463,0.12,0.4896196553721746,false,100.0,false,[]
1,child-f9d0c0c9a9ae419f6470a221,py-f996c906ee10788ea67a,f996c906ee10,4b81296e5dd75a57ec2747997355f69bfd8a5d1068302c364c372acc996e4530,evt-5bd7607900ca4857ba123e8a3ca8c7e6,45840,Alpha,SIM,vehicle-adapter,2026-08-15T05:18:09.005355Z,4.559999999999956,4.569999999999956,459,4.559999999999956,,fast-sim-Alpha,1,home,FLYING,true,true,true,simulated,98.03925029310338,-1.3029169573111796,0.00032499952260108336,0.39937184639194656,-1.3087755470721514,-0.006829961025044232,0.39972704032700973,0.08885474287229174,-0.0010930243267031634,0.0013829483808458498,0.0006329196284722697,0.01618967541606137,-4.893486918730428e-08,,,,,98.97206725954796,4.189743387451968,4.036418106155264,2.0443370839475095,false,,false,modeled_transport,SIMULATED_MODEL,100.0,30.0,0.0,-0.04937204534923681,0.0005831955441038756,9.798303278294242,-0.0028112051127257348,0.009894857225076385,2.7688138033714047e-06,,,,,,0.08886640006094554,-0.0010930201975329166,0.0,0.3997795114678314,91.57996087142821,DEGRADED,4.559999999999956,4.0,4.559999999999956,3.308290822080755,VALID,0.6886136905291356,VALID,2.0045152846040426,VALID,1.993456485115104,VALID,2.102141807798565,VALID,0.39906694571260776,VALID,crazyflie-6dof,2.0.0,65.36519458708916,0.07843823350450699,62.630615363092446,2.528033498512324,0.07841100054723475,0.12,0.4911377156048537,false,100.0,false,65.359591989409,0.07843151038729079,62.627826574922466,2.5279209313616886,0.07841088029717495,0.12,0.4910737582885766,false,100.0,false,65.35584051225219,0.07842700861470261,62.62595906878386,2.5278455510057762,0.0783878751341112,0.12,0.4910309336843368,false,100.0,false,65.36142440920865,0.07843370929105037,62.62873872148293,2.5279577494106102,0.07838802764024369,0.12,0.49109467636974247,false,100.0,false,[]
1,child-f9d0c0c9a9ae419f6470a221,py-f996c906ee10788ea67a,f996c906ee10,4b81296e5dd75a57ec2747997355f69bfd8a5d1068302c364c372acc996e4530,evt-a12ea68369b64a6ab337172d12cd50b9,45841,Alpha,SIM,vehicle-adapter,2026-08-15T05:18:09.015937Z,4.569999999999956,4.579999999999956,460,4.569999999999956,,fast-sim-Alpha,1,home,FLYING,true,true,true,simulated,98.02455477722246,-1.3027564921051864,0.0026559299841122834,0.39750687077579294,-1.307875582316106,-0.006841429796663549,0.3997401042128628,0.08995132575612946,-0.0011452301286116314,0.0013063885853092927,0.0005940643971893054,0.01628569073890642,3.778124293123717e-08,,,,,98.96979472105573,4.18972067259548,4.036324324369491,2.0452846429968305,false,,false,modeled_transport,SIMULATED_MODEL,100.0,30.0,0.0,-0.04998719733957829,0.0006148870381550544,9.7994808427852,-0.003885663929472634,0.009601535806079689,2.7800034246183605e-06,,,,,,0.08996326672480105,-0.0011452337291681688,0.0,0.3997931908969659,91.49420021785807,DEGRADED,4.569999999999956,4.0,4.569999999999956,3.3111000568168363,VALID,0.6925518146920542,VALID,2.0074223805088858,VALID,1.9934387800263131,VALID,2.103160287010582,VALID,0.40256550127264296,VALID,crazyflie-6dof,2.0.0,65.39909547482797,0.07847891456979357,62.647890979627704,2.5286720623151933,0.07842225532983345,0.12,0.49151209324822803,false,100.0,false,65.39054925691093,0.0784686591082931,62.64363921041647,2.528500447120304,0.07841961742657357,0.12,0.49141452117003503,false,100.0,false,65.36566320333213,0.07843879584399856,62.63125489676741,2.5280005760560806,0.07839491129661806,0.12,0.4911304201311314,false,100.0,false,65.37417682437557,0.07844901218925067,62.63549219556187,2.528171607178018,0.07839756372295487,0.12,0.4912276084474359,false,100.0,false,[]
1,child-f9d0c0c9a9ae419f6470a221,py-f996c906ee10788ea67a,f996c906ee10,4b81296e5dd75a57ec2747997355f69bfd8a5d1068302c364c372acc996e4530,evt-e4e5b6541c9f496c8da7ccb2b07e3e9d,45842,Alpha,SIM,vehicle-adapter,2026-08-15T05:18:09.026687Z,4.579999999999956,4.5899999999999554,461,4.579999999999956,,fast-sim-Alpha,1,home,FLYING,true,true,true,simulated,98.0143747883614,-1.3020448713682051,0.0019237364666940286,0.40005523315332164,-1.3069646209041053,-0.0068533718485347455,0.3997527901651841,0.09105091870368939,-0.001192690748997829,0.0012685952321289662,0.0005484939256950702,0.016379199994948166,1.1870992082275038e-07,,,,,98.96751794261655,4.189697947210558,4.036015402565379,2.0491005952657813,false,,false,modeled_transport,SIMULATED_MODEL,100.0,30.0,0.0,-0.05060419146518927,0.0006442665416064187,9.803357950867898,-0.004557179320657152,0.009350928710201102,2.7497984698297376e-06,,,,,,0.09106314413149719,-0.0011927017370546929,0.0,0.39980647877789394,91.40867284964506,DEGRADED,4.579999999999956,4.0,4.579999999999956,3.3079298669938826,VALID,0.6952962732316111,VALID,2.0069681028851427,VALID,1.992854870099153,VALID,2.099763116726886,VALID,0.39896270691183977,VALID,crazyflie-6dof,2.0.0,65.46721178528695,0.07856065414234434,62.682215369420234,2.529863866979004,0.07844841470575459,0.12,0.4922278597001976,false,100.0,false,65.46775570843981,0.07856130685012777,62.68248564972744,2.5298747755338327,0.07844659448449157,0.12,0.4922340707154033,false,100.0,false,65.4755168104144,0.07857062017249727,62.68634194636758,2.5300304162601974,0.07843034139749633,0.12,0.49232269588211597,false,100.0,false,65.47492772977097,0.07856991327572516,62.68604926434295,2.5300186035686028,0.07843215907442913,0.12,0.49231596896806423,false,100.0,false,[]
1,child-f9d0c0c9a9ae419f6470a221,py-f996c906ee10788ea67a,f996c906ee10,4b81296e5dd75a57ec2747997355f69bfd8a5d1068302c364c372acc996e4530,evt-f5c15fd0013e4dc8847e6d6c17eeddc3,45843,Alpha,SIM,vehicle-adapter,2026-08-15T05:18:09.037785Z,4.5899999999999554,4.599999999999955,462,4.5899999999999554,,fast-sim-Alpha,1,home,FLYING,true,true,true,simulated,98.0047005610214,-1.3001456919243128,0.0003017197352815021,0.40001848661178624,-1.3060426362913977,-0.006865735303600337,0.39976499461556136,0.09215334168262655,-0.0012349803049255036,0.0012204450377251153,0.0004983541223054824,0.016471122966044298,1.9364246847348574e-07,,,,,98.96524671365005,4.189675179426166,4.036367224188187,2.04410606985539,false,,false,modeled_transport,SIMULATED_MODEL,100.0,30.0,0.0,-0.051222875574048046,0.0006709740923031291,9.802321847724855,-0.0050141034123949105,0.009192299781375568,2.680774056261507e-06,,,,,,0.09216585349866989,-0.0012349983030861713,0.0,0.399819278095223,91.32323030698616,DEGRADED,4.5899999999999554,4.0,4.5899999999999554,3.308163877397701,VALID,0.6944979424798643,VALID,2.0099738271423857,VALID,1.9938051246431545,VALID,2.098321981648657,VALID,0.40138006766062967,VALID,crazyflie-6dof,2.0.0,65.35025813145728,0.07842030975774873,62.62471233209651,2.5277633628148815,0.07843688614656247,0.12,0.49099043465607445,false,100.0,false,65.35517265150828,0.07842620718180994,62.627159069966766,2.527862122140338,0.07843698338797847,0.12,0.4910465376731883,false,100.0,false,65.35660784947112,0.07842792941936534,62.62787355856556,2.5278909615239606,0.0784251974174291,0.12,0.4910629218086594,false,100.0,false,65.35163703088087,0.07842196443705703,62.625398849640156,2.5277910731840016,0.07842508148052353,0.12,0.49100617571746774,false,100.0,false,[]
1,child-f9d0c0c9a9ae419f6470a221,py-f996c906ee10788ea67a,f996c906ee10,4b81296e5dd75a57ec2747997355f69bfd8a5d1068302c364c372acc996e4530,evt-36608ad6d1634374b8901e1c944f0360,45844,Alpha,SIM,vehicle-adapter,2026-08-15T05:18:09.049198Z,4.599999999999955,4.609999999999955,463,4.599999999999955,,fast-sim-Alpha,1,home,FLYING,true,true,true,simulated,97.99738614594975,-1.299905913519049,0.0014532411047341945,0.39999247444310504,-1.3051096039492545,-0.006878463329942664,0.3997766505001455,0.09325833936980765,-0.0012716020870686675,0.0011655884584127474,0.0004428351415209829,0.016560554678514187,2.6149742589044443e-07,,,,,98.96297533082691,4.189652467136501,4.036334126573341,2.044244540823982,false,,false,modeled_transport,SIMULATED_MODEL,100.0,30.0,0.0,-0.05184315456107806,0.000694773561414778,9.801650513492202,-0.005552010142935441,0.008943173458903468,2.5759613408905572e-06,,,,,,0.09327113796687511,-0.0012716265985691817,0.0,0.39983151573649317,91.23802545477781,DEGRADED,4.599999999999955,4.0,4.599999999999955,3.306943629385655,VALID,0.6928732490862458,VALID,2.0058443742739964,VALID,1.9927435774062816,VALID,2.1021031931021605,VALID,0.40271760763677117,VALID,crazyflie-6dof,2.0.0,65.36799428424168,0.07844159314109002,62.63391156083713,2.528113947137834,0.07843342416059292,0.12,0.4911936483326745,false,100.0,false,65.3611727008643,0.07843340724103716,62.63051602184151,2.527976891838573,0.07843146362754319,0.12,0.4911157703103209,false,100.0,false,65.34481216225065,0.07841377459470077,62.6223707702142,2.5276481222674447,0.07841772943674996,0.12,0.4909290020076435,false,100.0,false,65.35156771862768,0.07842188126235321,62.6257343565367,2.5277838878500565,0.07841965623707534,0.12,0.4910061201733433,false,100.0,false,[]
1,child-f9d0c0c9a9ae419f6470a221,py-f996c906ee10788ea67a,f996c906ee10,4b81296e5dd75a57ec2747997355f69bfd8a5d1068302c364c372acc996e4530,evt-a1a85572c7a04cc49c4a7e166e19d631,45845,Alpha,SIM,vehicle-adapter,2026-08-15T05:18:09.052568Z,4.609999999999955,4.619999999999955,464,4.609999999999955,,fast-sim-Alpha,1,home,FLYING,true,true,true,simulated,97.97388567097703,-1.2983219129667447,0.0027508046851587734,0.4002048761110642,-1.304165500887866,-0.006891495916205838,0.3997877170227581,0.09436571316710017,-0.0013022307543828018,0.0011066522612568352,0.00038372856757129265,0.016648130207576817,3.220871029364143e-07,,,,,98.96070380971838,4.189629753308269,4.036302078484577,2.0443689976760764,false,,false,modeled_transport,SIMULATED_MODEL,100.0,30.0,0.0,-0.05246488133866882,0.0007153815135957525,9.801241651356804,-0.005910757997241792,0.008757554671496779,2.4387943662364403e-06,,,,,,0.09437879978988988,-0.001302261244239334,0.0,0.39984315548922134,91.15295906507463,DEGRADED,4.609999999999955,4.0,4.609999999999955,3.3066435585996126,VALID,0.6966646487888679,VALID,2.0010011719653575,VALID,1.988895589106877,VALID,2.1004841570304538,VALID,0.39999171767710595,VALID,crazyflie-6dof,2.0.0,65.35713348479368,0.0784285601817524,62.62888229674244,2.5278908778750746,0.07842751280288342,0.12,0.49107080001461023,false,100.0,false,65.35983770845544,0.07843180525014654,62.63022850612747,2.5279452149524633,0.07842684566829457,0.12,0.4911016716760106,false,100.0,false,65.36092834729116,0.0784331140167494,62.63077142797113,2.5279671289181236,0.07841684986828029,0.12,0.491114122620723,false,100.0,false,65.3581498920604,0.07842977987047248,62.629388288959774,2.5279113012494596,0.07841746952417428,0.12,0.49108240336473274,false,100.0,false,[]
1,child-f9d0c0c9a9ae419f6470a221,py-f996c906ee10788ea67a,f996c906ee10,4b81296e5dd75a57ec2747997355f69bfd8a5d1068302c364c372acc996e4530,evt-745ca78dedae4b75893dacca7182c740,45846,Alpha,SIM,vehicle-adapter,2026-08-15T05:18:09.073114Z,4.619999999999955,4.629999999999955,465,4.619999999999955,,fast-sim-Alpha,1,home,FLYING,true,true,true,simulated,97.9656048069269,-1.2978389999527487,0.0014087013070606521,0.3972419955392437,-1.3032103068498213,-0.006904773718118015,0.3997981361224819,0.09547522175591201,-0.0013269221606297607,0.0010419099723824043,0.00032495872681005455,0.01673335676132143,3.750237934091842e-07,,,,,98.95843267270281,4.189607038097184,4.036305289547312,2.0440233140106354,false,,false,modeled_transport,SIMULATED_MODEL,100.0,30.0,0.0,-0.05308794625836187,0.0007326118415268645,9.800659838363432,-0.0058770724289853695,0.00852265672376698,2.272982652534694e-06,,,,,,0.09548859681472188,-0.0013269580361716792,0.0,0.3998541365496686,91.06810486753912,DEGRADED,4.619999999999955,4.0,4.619999999999955,3.3026773979247244,VALID,0.6957227335310041,VALID,2.0043091463173943,VALID,1.9927387392935143,VALID,2.0999874340978506,VALID,0.3988899074386612,VALID,crazyflie-6dof,2.0.0,65.34277137142158,0.0784113256457059,62.622114431396895,2.527619717220843,0.07841904806906899,0.12,0.49091637593906384,false,100.0,false,65.3383216631481,0.07840598599577771,62.61989861762913,2.527530280212529,0.07841722019290547,0.12,0.4908655807862225,false,100.0,false,65.35848314320022,0.07843017977184026,62.629937089591955,2.527935463587354,0.07841571908315204,0.12,0.4910957406083993,false,100.0,false,65.36285191696123,0.07843542230035348,62.63211187555506,2.528023244588219,0.07841748715203982,0.12,0.49114561667694967,false,100.0,false,[]
1,child-f9d0c0c9a9ae419f6470a221,py-f996c906ee10788ea67a,f996c906ee10,4b81296e5dd75a57ec2747997355f69bfd8a5d1068302c364c372acc996e4530,evt-af2650ef888745228b33de8a264fd0cd,45847,Alpha,SIM,vehicle-adapter,2026-08-15T05:18:09.083911Z,4.639999999999954,4.649999999999954,467,4.639999999999954,,fast-sim-Alpha,1,home,FLYING,true,true,true,simulated,97.91060426547185,-1.295955509999072,0.0026292512048824643,0.3994964481002615,-1.301266553907722,-0.006931836042657961,0.3998181665196,0.09769964165730223,-0.0013591422108356769,0.0009832334253501163,0.0002115425279670018,0.01689601707889015,4.5824641728202273e-07,,,,,98.95388364384003,4.189561548890801,4.0362524951907055,2.044120715997681,false,,false,modeled_transport,SIMULATED_MODEL,100.0,30.0,0.0,-0.05433756423278177,0.0007571340439256312,9.80347402034719,-0.0055856196488895515,0.00793899754859299,1.8711851759168211e-06,,,,,,0.09771359297366425,-0.0013591870117582664,0.0,0.3998752513800417,90.8992078095675,DEGRADED,4.639999999999954,4.0,4.639999999999954,3.3007528378985054,VALID,0.6940705599570453,VALID,2.0064105721406738,VALID,1.992826528115912,VALID,2.0981714690981725,VALID,0.39990001499338346,VALID,crazyflie-6dof,2.0.0,65.35728551019098,0.07842874261222917,62.630403500804256,2.527921224049219,0.07844164532077018,0.12,0.49109407376698483,false,100.0,false,65.3419462705515,0.0784103355246618,62.622766063309264,2.5276129577877584,0.07843627566477605,0.12,0.49091895795252666,false,100.0,false,65.34613672559081,0.07841536407070897,62.62485269176044,2.5276971793806844,0.07843785188218394,0.12,0.49096679574223434,false,100.0,false,65.36138605060027,0.07843366326072033,62.6324448392259,2.5280036176221974,0.07844314166858538,0.12,0.4911408885359352,false,100.0,false,[]
1,child-f9d0c0c9a9ae419f6470a221,py-f996c906ee10788ea67a,f996c906ee10,4b81296e5dd75a57ec2747997355f69bfd8a5d1068302c364c372acc996e4530,evt-2fb70d35dcc04feeb5f64f036e493edc,45848,Alpha,SIM,vehicle-adapter,2026-08-15T05:18:09.094300Z,4.649999999999954,4.659999999999954,468,4.649999999999954,,fast-sim-Alpha,1,home,FLYING,true,true,true,simulated,97.93390103382282,-1.2952092622600744,0.0025598009349509544,0.39964740324205017,-1.3002779691761142,-0.0069455138455862195,0.39982764322739917,0.09881391127743143,-0.0013673591017872328,0.0009476707799105366,0.00016042592052148462,0.016972941664955925,4.889895943292508e-07,,,,,98.95161071786205,4.1895388364384,4.036116332924663,2.0456333801675894,false,,false,modeled_transport,SIMULATED_MODEL,100.0,30.0,0.0,-0.05496378186646669,0.0007646194634469302,9.80357296309391,-0.0051117128051462474,0.007692459051533921,1.6432009047956793e-06,,,,,,0.09882814923380655,-0.0013674074383575833,0.0,0.3998852466103424,90.81528255274824,DEGRADED,4.649999999999954,4.0,4.649999999999954,3.3036636623926876,VALID,0.7025921246952078,VALID,2.0074849104714425,VALID,1.989789493986885,VALID,2.0996537913209146,VALID,0.4027226310822765,VALID,crazyflie-6dof,2.0.0,65.37224404657806,0.07844669285589366,62.6381994924743,2.5281506003656884,0.07843754446645274,0.12,0.49124098399464056,false,100.0,false,65.37768855487418,0.07845322626584901,62.640909201067586,2.5282599673567967,0.07843513227816784,0.12,0.491303142789175,false,100.0,false,65.40160723729748,0.07848192868475697,62.6528105343735,2.528740319014193,0.07844344683359886,0.12,0.49157623652651233,false,100.0,false,65.39607044033635,0.07847528452840362,62.6500559829415,2.528629142113947,0.07844577149090798,0.12,0.49151301685726134,false,100.0,false,[]
1,child-f9d0c0c9a9ae419f6470a221,py-f996c906ee10788ea67a,f996c906ee10,4b81296e5dd75a57ec2747997355f69bfd8a5d1068302c364c372acc996e4530,evt-5efc08387ccb492997806d774687d13d,45849,Alpha,SIM,vehicle-adapter,2026-08-15T05:18:09.104499Z,4.659999999999954,4.669999999999954,469,4.659999999999954,,fast-sim-Alpha,1,home,FLYING,true,true,true,simulated,97.90882781158156,-1.292507521850697,0.001379070400607578,0.4008437541701572,-1.299278229557193,-0.0069592286912089334,0.39983675203153896,0.09992937585080439,-0.001371180540574199,0.0009108804139845716,0.00011625675189083283,0.017049063993343026,5.135483852726711e-07,,,,,98.94933806201844,4.189516107178621,4.036111837736011,2.0453902592566173,false,,false,modeled_transport,SIMULATED_MODEL,100.0,30.0,0.0,-0.0555907213487212,0.0007692327902763212,9.80344796883647,-0.004416958638734704,0.0076122331110997045,1.402437287919687e-06,,,,,,0.09994390288879211,-0.0013712318684101607,0.0,0.3998948721636146,90.73139352413199,DEGRADED,4.659999999999954,4.0,4.659999999999954,3.3007328614489566,VALID,0.7027489027130964,VALID,2.0067998365908113,VALID,1.9905480366894999,VALID,2.099232920714989,VALID,0.4006012032401755,VALID,crazyflie-6dof,2.0.0,65.36393716108192,0.0784367245932983,62.63450064871843,2.527998495189763,0.07843220579759302,0.12,0.49115509396020657,false,100.0,false,65.37386188026029,0.07844863425631234,62.639440669824566,2.5281978799664144,0.0784333516655567,0.12,0.4912684016429381,false,100.0,false,65.39769989664464,0.07847723987597356,62.65130270764562,2.528676645079107,0.07844670601096074,0.12,0.49154057549384006,false,100.0,false,65.38768175268382,0.07846521810322059,62.646318148248994,2.5284754626872408,0.07844546651555956,0.12,0.49142618815963235,false,100.0,false,[]
1,child-f9d0c0c9a9ae419f6470a221,py-f996c906ee10788ea67a,f996c906ee10,4b81296e5dd75a57ec2747997355f69bfd8a5d1068302c364c372acc996e4530,evt-bf01c75ecc4340e4bc4abe8e02a243c6,45850,Alpha,SIM,vehicle-adapter,2026-08-15T05:18:09.114279Z,4.669999999999954,4.6799999999999535,470,4.669999999999954,,fast-sim-Alpha,1,home,FLYING,true,true,true,simulated,97.89139812290728,-1.289632814250772,0.002374140962259675,0.39712143336242667,-1.2982673286878388,-0.006972943468258021,0.3998453002834312,0.10104581461796704,-0.0013712744021725414,0.0008548251892226411,7.863553496781487e-05,0.017122938296272906,5.322759998112799e-07,,,,,98.94706798989166,4.189493380620185,4.036263512061146,2.0430649140968598,false,,false,modeled_transport,SIMULATED_MODEL,100.0,30.0,0.0,-0.056218336537297686,0.0007713739965478871,9.801518714217176,-0.0037621536891930536,0.007387430445046414,1.1526115030398077e-06,,,,,,0.10106063060904337,-0.001371328190674186,0.0,0.39990392500612343,90.6477839556722,DEGRADED,4.669999999999954,4.0,4.669999999999954,3.297956575234521,VALID,0.7018209187943198,VALID,2.005501027799146,VALID,1.9910600875388522,VALID,2.0993698708433697,VALID,0.39663772748627657,VALID,crazyflie-6dof,2.0.0,65.32631103561863,0.07839157324274236,62.6161828477929,2.527354140930955,0.07841863597681932,0.12,0.49077063746107963,false,100.0,false,65.31649552768448,0.07837979463322138,62.611293308114654,2.527156786225014,0.07841657065438,0.12,0.4906585880779323,false,100.0,false,65.32558514299136,0.07839070217158962,62.61582127572694,2.5273395469295865,0.07842931613875567,0.12,0.4907623508195318,false,100.0,false,65.33530715715455,0.07840236858858544,62.62066351632411,2.527534992519976,0.07843128322783156,0.12,0.4908733377383162,false,100.0,false,[]
1,child-f9d0c0c9a9ae419f6470a221,py-f996c906ee10788ea67a,f996c906ee10,4b81296e5dd75a57ec2747997355f69bfd8a5d1068302c364c372acc996e4530,evt-98c1a5f67c914eeca4172a0bf3a777f8,45851,Alpha,SIM,vehicle-adapter,2026-08-15T05:18:09.124884Z,4.6799999999999535,4.689999999999953,471,4.6799999999999535,,fast-sim-Alpha,1,home,FLYING,true,true,true,simulated,97.9246092383542,-1.2921664104820285,0.001712550019591863,0.4002430147283811,-1.2972452557320489,-0.006986629065459564,0.3998537314122972,0.10216260396391807,-0.0013684325631507525,0.0008431128866004389,4.891707087589502e-05,0.017190304518482885,5.455467613723466e-07,,,,,98.94478960808425,4.189470679898917,4.03567990789793,2.0505436266737744,false,,false,modeled_transport,SIMULATED_MODEL,100.0,30.0,0.0,-0.05684650660188824,0.0007714158981138276,9.805950408811084,-0.0029718691764369677,0.006736622295212615,8.972439875366097e-07,,,,,,0.10217770108725338,-0.0013684882992655888,0.0,0.3999128188682165,90.56514935361534,DEGRADED,4.6799999999999535,4.0,4.6799999999999535,3.296797434433782,VALID,0.7035236940807522,VALID,2.005649532557306,VALID,1.9933803664395928,VALID,2.10161166930213,VALID,0.398076082464954,VALID,crazyflie-6dof,2.0.0,65.50709363700707,0.07860851236440848,62.70637996617601,2.530628777265098,0.07845706508475735,0.12,0.492704508206416,false,100.0,false,65.47365340846528,0.07856838409015833,62.68976834811328,2.529958385532564,0.07844554741277905,0.12,0.49232260264334105,false,100.0,false,65.49512513416909,0.0785941501610029,62.70043560117335,2.530388881721034,0.07846152421241885,0.12,0.4925678143891888,false,100.0,false,65.52847276341413,0.07863416731609695,62.71699535636629,2.531057180434152,0.07847294046762449,0.12,0.49294870143482855,false,100.0,false,[]
1,child-f9d0c0c9a9ae419f6470a221,py-f996c906ee10788ea67a,f996c906ee10,4b81296e5dd75a57ec2747997355f69bfd8a5d1068302c364c372acc996e4530,evt-306f271e313e49af85b58373be3d29eb,45852,Alpha,SIM,vehicle-adapter,2026-08-15T05:18:09.135273Z,4.689999999999953,4.699999999999953,472,4.689999999999953,,fast-sim-Alpha,1,home,FLYING,true,true,true,simulated,97.8905118800136,-1.2883174138937434,0.003158499513034655,0.39875992760338813,-1.296212013074659,-0.007000264009540072,0.39986189169472824,0.10327942863849297,-0.0013634246348206347,0.0008160282431002308,2.685914464596505e-05,0.017254656728738396,5.543816530384594e-07,,,,,98.94251807166142,4.189447896080843,4.0361191875384295,2.0443827805459276,false,,false,modeled_transport,SIMULATED_MODEL,100.0,30.0,0.0,-0.05747486262514162,0.0007698073357524933,9.804409322441568,-0.0022058078382053,0.0064352210570129825,6.395397944481718e-07,,,,,,0.10329480476180798,-0.0013634818915326157,0.0,0.39992142330066077,90.48298057952861,DEGRADED,4.689999999999953,4.0,4.689999999999953,3.296498973459491,VALID,0.7026576596524586,VALID,2.0067553429547025,VALID,1.9950578739519902,VALID,2.0999628341386005,VALID,0.4037870246467402,VALID,crazyflie-6dof,2.0.0,65.34183332430128,0.07841019998916153,62.62490706948304,2.5276158904095154,0.0784411991761615,0.12,0.4909368380628064,false,100.0,false,65.35715295174691,0.0784285835420963,62.632535025171876,2.5279237637926895,0.07843711105282704,0.12,0.4911117369813571,false,100.0,false,65.36970737199516,0.0784436488463942,62.63878468480176,2.5281760075041673,0.07845286002640944,0.12,0.49125507606380925,false,100.0,false,65.3542968993174,0.07842515627918088,62.63111308507525,2.5278663725956143,0.07845684485432354,0.12,0.4910791294379548,false,100.0,false,[]
1,child-f9d0c0c9a9ae419f6470a221,py-f996c906ee10788ea67a,f996c906ee10,4b81296e5dd75a57ec2747997355f69bfd8a5d1068302c364c372acc996e4530,evt-8d95a5ea433640d5b0042be9690c82b8,45853,Alpha,SIM,vehicle-adapter,2026-08-15T05:18:09.145881Z,4.699999999999953,4.709999999999953,473,4.699999999999953,,fast-sim-Alpha,1,home,FLYING,true,true,true,simulated,97.90589339240518,-1.28920325249075,0.0011680506614590155,0.3993359094845891,-1.2951676033138326,-0.00701383655398147,0.3998699008704358,0.10439580587153716,-0.0013572164096542748,0.0008009175707590632,1.458786692746001e-05,0.0173139841148632,5.594359342680757e-07,,,,,98.94024320836738,4.189425180716614,4.035871908368022,2.0473769646373112,false,,false,modeled_transport,SIMULATED_MODEL,100.0,30.0,0.0,-0.05810324085136877,0.0007669767450274505,9.805602670170355,-0.0012271365074125653,0.005932738623530001,3.824054842153092e-07,,,,,,0.10441145498624237,-0.0013572748125636716,0.0,0.3999298437091878,90.40161776346272,DEGRADED,4.699999999999953,4.0,4.699999999999953,3.294519721046085,VALID,0.7048516672403319,VALID,2.006805787035942,VALID,1.9937894245646464,VALID,2.0991236785665452,VALID,0.4027641297454054,VALID,crazyflie-6dof,2.0.0,65.42012744357608,0.0785041529322913,62.664214824996535,2.5290474427214247,0.07845052249635273,0.12,0.4917807002015057,false,100.0,false,65.40150013390304,0.07848180016068365,62.654949267637626,2.5286734966948226,0.07844189807603279,0.12,0.4915680068009301,false,100.0,false,65.43129914482675,0.07851755897379209,62.66977045938928,2.5292716610092127,0.07846261533713468,0.12,0.49190827185711933,false,100.0,false,65.44983803108697,0.07853980563730437,62.67898749494164,2.529643648757855,0.07847113577624625,0.12,0.492119985777756,false,100.0,false,[]
1,child-f9d0c0c9a9ae419f6470a221,py-f996c906ee10788ea67a,f996c906ee10,4b81296e5dd75a57ec2747997355f69bfd8a5d1068302c364c372acc996e4530,evt-45b3747ce7324be0865dfa84999d9b51,45854,Alpha,SIM,vehicle-adapter,2026-08-15T05:18:09.156584Z,4.709999999999953,4.719999999999953,474,4.709999999999953,,fast-sim-Alpha,1,home,FLYING,true,true,true,simulated,97.88146882469009,-1.287523436467324,0.0004656843199566333,0.3992517062980153,-1.2941120338001793,-0.007027342564605009,0.3998777607093749,0.10551145393141836,-0.00135057485649157,0.000785983893913933,1.0014501190061074e-05,0.01737051477548999,5.614153865569129e-07,,,,,98.93796957249639,4.189402432083674,4.035932010792004,2.046272283895945,false,,false,modeled_transport,SIMULATED_MODEL,100.0,30.0,0.0,-0.05873136037223728,0.0007634738768408107,9.805615792986327,-0.000457340006384159,0.005653066066205274,1.2837605717237388e-07,,,,,,0.10552737364741906,-0.00135063409231278,0.0,0.39993809682982223,90.3207407427577,DEGRADED,4.709999999999953,4.0,4.709999999999953,3.2933593445093785,VALID,0.7100249748680854,VALID,2.0060147609623464,VALID,1.9925359685581014,VALID,2.0996580503007127,VALID,0.39895267146520214,VALID,crazyflie-6dof,2.0.0,65.3933974817366,0.07847207697808391,62.651432151812905,2.5285692054346502,0.07845042827715926,0.12,0.4915013835228891,false,100.0,false,65.40199033782581,0.07848238840539097,62.65570735554375,2.5287417497505498,0.07844650869764422,0.12,0.4915995006096197,false,100.0,false,65.4051208424711,0.07848614501096533,62.65726472443273,2.5288046041000665,0.07846301043272969,0.12,0.49163524712062284,false,100.0,false,65.39644251727482,0.07847573102072979,62.65294721791877,2.528630352472602,0.0784668263949421,0.12,0.4915361526428132,false,100.0,false,[]
1,child-f9d0c0c9a9ae419f6470a221,py-f996c906ee10788ea67a,f996c906ee10,4b81296e5dd75a57ec2747997355f69bfd8a5d1068302c364c372acc996e4530,evt-ba8e78044fb548278d13967e98d9fb11,45855,Alpha,SIM,vehicle-adapter,2026-08-15T05:18:09.167451Z,4.719999999999953,4.7299999999999525,475,4.719999999999953,,fast-sim-Alpha,1,home,FLYING,true,true,true,simulated,97.8746440936812,-1.286046759871458,-0.00033183558855909116,0.39953815688667155,-1.2930453134339206,-0.007040782560073305,0.39988548765064635,0.10662618856995223,-0.0013439728348193486,0.0007726941271435361,1.016159989251801e-05,0.017425162407370787,5.607627980294172e-07,,,,,98.93569571010926,4.189379695724964,4.035893984596327,2.046476148408559,false,,false,modeled_transport,SIMULATED_MODEL,100.0,30.0,0.0,-0.05935906707151645,0.0007597313884812366,9.805775384005027,1.471100555140519e-05,0.005464763188502177,-1.2037778383905467e-07,,,,,,0.10664237789231922,-0.001344032626888374,0.0,0.3999462052248929,90.24022223659604,DEGRADED,4.719999999999953,4.0,4.719999999999953,3.292041476567807,VALID,0.7049503004776454,VALID,2.0045698586747718,VALID,1.9966215947569466,VALID,2.1050279781456513,VALID,0.40037291603066694,VALID,crazyflie-6dof,2.0.0,65.40565935594685,0.07848679122713623,62.6579762743493,2.528809495326257,0.0784539247548048,0.12,0.491642661171623,false,100.0,false,65.40877089612704,0.07849052507535245,62.659524125975366,2.528871964976924,0.0784519068036995,0.12,0.491678191782821,false,100.0,false,65.40156260430017,0.0784818751251602,62.655938202660764,2.528727240913578,0.07846215875187125,0.12,0.49159588125958154,false,100.0,false,65.39836894462576,0.07847804273355091,62.65434930964786,2.528663114876048,0.07846407435778055,0.12,0.4915594141945336,false,100.0,false,[]
1,child-f9d0c0c9a9ae419f6470a221,py-f996c906ee10788ea67a,f996c906ee10,4b81296e5dd75a57ec2747997355f69bfd8a5d1068302c364c372acc996e4530,evt-82694e19a38440fc88a7e42fa47f931d,45856,Alpha,SIM,vehicle-adapter,2026-08-15T05:18:09.172815Z,4.7299999999999525,4.739999999999952,476,4.7299999999999525,,fast-sim-Alpha,1,home,FLYING,true,true,true,simulated,97.85962154302995,-1.2859430799935923,0.0005919648415626403,0.397932040697426,-1.291967453425101,-0.007054158042169914,0.39989305096684746,0.10773985988748684,-0.001337518364591031,0.000756331620110906,1.1314594433131225e-05,0.017478241222399087,5.577119436097541e-07,,,,,98.93342244273585,4.189356957101093,4.035911409397294,2.0459406360756534,false,,false,modeled_transport,SIMULATED_MODEL,100.0,30.0,0.0,-0.059986258921133476,0.0007560164270005009,9.805463032458785,0.00011530477805124033,0.005307881500494976,-3.620355318534115e-07,,,,,,0.10775631816744816,-0.0013375784524831034,0.0,0.3999541402156652,90.16002382044307,DEGRADED,4.7299999999999525,4.0,4.7299999999999525,3.2914894961571113,VALID,0.7077391745091993,VALID,2.0090953533401716,VALID,1.9918644370658822,VALID,2.102092570303446,VALID,0.3965303485946709,VALID,crazyflie-6dof,2.0.0,65.39954335105243,0.07847945202126291,62.65538439647441,2.528715807459043,0.07845516132862564,0.12,0.4915872567166223,false,100.0,false,65.39993866842208,0.07847992640210649,62.65558107487045,2.5287237452248683,0.07845376272915318,0.12,0.4915917708477468,false,100.0,false,65.38169971969076,0.07845803966362891,62.64650548831282,2.5283574625915195,0.07845602976529449,0.12,0.4913835091027898,false,100.0,false,65.3812259333855,0.0784574711200626,62.64626969869901,2.528347946331593,0.07845732806291107,0.12,0.49137809940849453,false,100.0,false,[]
1,child-f9d0c0c9a9ae419f6470a221,py-f996c906ee10788ea67a,f996c906ee10,4b81296e5dd75a57ec2747997355f69bfd8a5d1068302c364c372acc996e4530,evt-fb5d63a3482c4963925308f9e181f1ba,45857,Alpha,SIM,vehicle-adapter,2026-08-15T05:18:09.189070Z,4.739999999999952,4.749999999999952,477,4.739999999999952,,fast-sim-Alpha,1,home,FLYING,true,true,true,simulated,97.83018072761533,-1.2838626521784173,0.002539686474373323,0.3999944578555879,-1.2908784598315304,-0.007067470313650986,0.3999006808966812,0.10885251662776166,-0.001331194388702779,0.0007629929833719018,1.2270022384071089e-05,0.017531849971444094,5.523925961045009e-07,,,,,98.9311455819552,4.189334224427358,4.035646121735531,2.049174702577353,false,,false,modeled_transport,SIMULATED_MODEL,100.0,30.0,0.0,-0.06061284927619999,0.000752386098306672,9.807760773222203,9.555210616051644e-05,0.005360874899141285,-5.950703435038764e-07,,,,,,0.10886924708983627,-0.0013312545181270407,0.0,0.3999621466876658,90.07982299719653,DEGRADED,4.739999999999952,4.0,4.739999999999952,3.2928376204299106,VALID,0.7089731441652547,VALID,2.0059708322168994,VALID,1.9932352918262577,VALID,2.098709577191373,VALID,0.40389632932247044,VALID,crazyflie-6dof,2.0.0,65.46241017780254,0.07855489221336305,62.68706158565101,2.5298279697112886,0.07847260938691826,0.12,0.49225246066594647,false,100.0,false,65.47652505868164,0.07857183007041797,62.694075976173124,2.530111045690358,0.0784757652798362,0.12,0.4924136678458037,false,100.0,false,65.4696647035104,0.07856359764421249,62.69066692688582,2.529973468525007,0.07847542419253438,0.12,0.4923353138225009,false,100.0,false,65.45547524573605,0.07854657029488325,62.68361467117318,2.529688864440845,0.07847217069747829,0.12,0.4921732602431018,false,100.0,false,[]
1,child-f9d0c0c9a9ae419f6470a221,py-f996c906ee10788ea67a,f996c906ee10,4b81296e5dd75a57ec2747997355f69bfd8a5d1068302c364c372acc996e4530,evt-d2ec3faadcba486087c2c1f1d37f8707,45858,Alpha,SIM,vehicle-adapter,2026-08-15T05:18:09.200075Z,4.749999999999952,4.759999999999952,478,4.749999999999952,,fast-sim-Alpha,1,home,FLYING,true,true,true,simulated,97.84670998418524,-1.2815992265189524,0.004151133596940356,0.39953050435232335,-1.2897783445478816,-0.007080722859008314,0.39990822757734673,0.109964238566381,-0.0013252129818260652,0.0007546680665548866,1.5462039647092913e-05,0.017586240162252045,5.449632213101395e-07,,,,,98.92887325546049,4.189311455819552,4.035929417424897,2.045093845244363,false,,false,modeled_transport,SIMULATED_MODEL,100.0,30.0,0.0,-0.06123886965501198,0.0007488253622441863,9.80625697207089,0.00031921477090479845,0.005439019071319952,-8.182405586024825e-07,,,,,,0.10998124503733617,-0.001325272908449966,0.0,0.3999700765724062,89.99957613778487,DEGRADED,4.749999999999952,4.0,4.749999999999952,3.2889254669409427,VALID,0.7115132708285644,VALID,2.0070238116794243,VALID,1.9944754878867401,VALID,2.1022976343429876,VALID,0.3994571501914159,VALID,crazyflie-6dof,2.0.0,65.35858106984116,0.0784302972838094,62.63600934073787,2.527945126883846,0.07845776446552916,0.12,0.491146967934482,false,100.0,false,65.36314014729508,0.0784357681767541,62.63827907134695,2.528036731609194,0.07846149520472784,0.12,0.4911990220834078,false,100.0,false,65.3807729994575,0.078456927599349,62.6470559503108,2.528390960249228,0.07846649561110071,0.12,0.4914003592994469,false,100.0,false,65.37614343823842,0.0784513721258861,62.64475180100434,2.528297966409547,0.07846267051345823,0.12,0.4913474959270266,false,100.0,false,[]
1,child-f9d0c0c9a9ae419f6470a221,py-f996c906ee10788ea67a,f996c906ee10,4b81296e5dd75a57ec2747997355f69bfd8a5d1068302c364c372acc996e4530,evt-62fd67942a8346d58c535ccf2edcb061,45859,Alpha,SIM,vehicle-adapter,2026-08-15T05:18:09.210976Z,4.759999999999952,4.769999999999952,479,4.759999999999952,,fast-sim-Alpha,1,home,FLYING,true,true,true,simulated,97.84397026905079,-1.28363712115263,0.0020745085552315197,0.4001223278158496,-1.2886671182581435,-0.0070939257006151155,0.39991565233423665,0.1110749602327942,-0.0013202157079737031,0.0007424756889917727,2.533916544564569e-05,0.01763982820144612,5.35749904606797e-07,,,,,98.9265998782706,4.189288732554605,4.035835772234891,2.0460394709050593,false,,false,modeled_transport,SIMULATED_MODEL,100.0,30.0,0.0,-0.06186436919203918,0.000745450416162659,9.805865100538515,0.0009877288064705195,0.005358803900847118,-1.0305115958001238e-06,,,,,,0.11109224359523916,-0.0013202752167967193,0.0,0.3999778801153623,89.91952643720558,DEGRADED,4.759999999999952,4.0,4.759999999999952,3.287887386031489,VALID,0.7103590522703886,VALID,2.0084934554232876,VALID,1.996369454250847,VALID,2.102663505758109,VALID,0.39705043740411733,VALID,crazyflie-6dof,2.0.0,65.37719600884307,0.07845263521061169,62.64562827569765,2.5282746756919012,0.07845149890416873,0.12,0.49134565751515014,false,100.0,false,65.36873601652383,0.07844248321982858,62.64141730039354,2.528104727644218,0.07845178050421754,0.12,0.4912490623262837,false,100.0,false,65.40598949531814,0.07848718739438176,62.65995586278187,2.528852913576744,0.07846664364283863,0.12,0.4916744474896602,false,100.0,false,65.41438325767514,0.07849725990921017,62.66413129859414,2.5290214273089027,0.0784662713908752,0.12,0.4917703035739655,false,100.0,false,[]
1,child-f9d0c0c9a9ae419f6470a221,py-f996c906ee10788ea67a,f996c906ee10,4b81296e5dd75a57ec2747997355f69bfd8a5d1068302c364c372acc996e4530,evt-bd1419db42314815a5f0cecab7db8f9a,45860,Alpha,SIM,vehicle-adapter,2026-08-15T05:18:09.223014Z,4.769999999999952,4.779999999999951,480,4.769999999999952,,fast-sim-Alpha,1,home,FLYING,true,true,true,simulated,97.79816326759173,-1.2816616858586005,0.0025110370272868575,0.39892076721472325,-1.2875447893801892,-0.007107094838001035,0.399922834953359,0.11218503187131497,-0.0013168018795476726,0.0007182619122358957,4.1372758975144746e-05,0.017697144755634785,5.25349441616237e-07,,,,,98.92432777744206,4.189265998782706,4.035899192856525,2.044890745679613,false,,false,modeled_transport,SIMULATED_MODEL,100.0,30.0,0.0,-0.0624892997991333,0.0007426296377212447,9.80465809066405,0.0016033777280721581,0.005731655382744755,-1.2310688462965992e-06,,,,,,0.11220260199165363,-0.001316860817018381,0.0,0.39998546917197514,89.83896222820859,DEGRADED,4.769999999999952,4.0,4.769999999999952,3.2873743188368483,VALID,0.709578180529227,VALID,2.011953608883943,VALID,1.9928993683730352,VALID,2.0963110011713906,VALID,0.4025856892229648,VALID,crazyflie-6dof,2.0.0,65.34287759420938,0.07841145311305125,62.62894874094428,2.527641236730297,0.07843739227388981,0.12,0.49097799630651795,false,100.0,false,65.37642193107926,0.07845170631729512,62.64564928179922,2.5283152537238642,0.07844760430824804,0.12,0.4913610024366514,false,100.0,false,65.38576908562735,0.07846292290275281,62.65030124753851,2.528503002371588,0.0784615602433559,0.12,0.4914677383593942,false,100.0,false,65.35216287184511,0.07842259544621413,62.63357248158192,2.5278278462413715,0.07845126163923613,0.12,0.4910840085770494,false,100.0,false,[]
1,child-f9d0c0c9a9ae419f6470a221,py-f996c906ee10788ea67a,f996c906ee10,4b81296e5dd75a57ec2747997355f69bfd8a5d1068302c364c372acc996e4530,evt-ff8314babecc47ac9ceeece342b769e3,45861,Alpha,SIM,vehicle-adapter,2026-08-15T05:18:09.233730Z,4.789999999999951,4.799999999999951,482,4.789999999999951,,fast-sim-Alpha,1,home,FLYING,true,true,true,simulated,97.8147221563626,-1.2775575531006602,0.0018559101283628088,0.3989918343612229,-1.285266824573471,-0.0071334274332753465,0.39993653387829886,0.11440500090115188,-0.0013172623861635788,0.0006658218783817116,9.356094686561936e-05,0.017824169827079094,5.035424509970535e-07,,,,,98.91978262141244,4.189220529766281,4.035971552712268,2.0433196940741896,false,,false,modeled_transport,SIMULATED_MODEL,100.0,30.0,0.0,-0.06373839413141484,0.0007399947431240321,9.803246285640089,0.0029946441715885076,0.006404111222911002,-1.5949458948586636e-06,,,,,,0.11442317813411232,-0.0013173199997036514,0.0,0.4000000741643223,89.67598419204127,DEGRADED,4.789999999999951,4.0,4.789999999999951,3.285706883221685,VALID,0.7139661859757972,VALID,2.007284223230563,VALID,1.9902160755825444,VALID,2.0994722308824754,VALID,0.3984440318035477,VALID,crazyflie-6dof,2.0.0,65.32546094445075,0.0783905531333409,62.621089193316095,2.5273693458408135,0.07842698146655455,0.12,0.49081477374817417,false,100.0,false,65.30439530626454,0.07836527436751745,62.610593445362476,2.526945740439161,0.0784316869109406,0.12,0.49057427673694404,false,100.0,false,65.32814023194051,0.07839376827832861,62.622423859421204,2.52742321258514,0.07844951595038717,0.12,0.4908453637242059,false,100.0,false,65.3491525976662,0.07841898311719944,62.63288895083217,2.5278455806974516,0.07844473285005704,0.12,0.4910852798648657,false,100.0,false,[]
1,child-f9d0c0c9a9ae419f6470a221,py-f996c906ee10788ea67a,f996c906ee10,4b81296e5dd75a57ec2747997355f69bfd8a5d1068302c364c372acc996e4530,evt-420b78cb3cfd4b5dad195cce694efdd0,45862,Alpha,SIM,vehicle-adapter,2026-08-15T05:18:09.244219Z,4.799999999999951,4.809999999999951,483,4.799999999999951,,fast-sim-Alpha,1,home,FLYING,true,true,true,simulated,97.7993796950448,-1.2771902994120283,0.0024957143347108107,0.4006947739353315,-1.2841111891387644,-0.007146654945071923,0.39994293896471217,0.11551510635483979,-0.0013224019618670443,0.0006405086413308059,0.00012897688807344578,0.017889036615948442,4.931800563592667e-07,,,,,98.91750788672785,4.189197826214125,4.035653235002745,2.047261216131042,false,,false,modeled_transport,SIMULATED_MODEL,100.0,30.0,0.0,-0.06436293885041454,0.0007409373909473553,9.804536103094966,0.003541612623886452,0.0064866787347880005,-1.7578399922948697e-06,,,,,,0.11553359465439499,-0.001322458942613123,0.0,0.400006945221885,89.59428335051186,DEGRADED,4.799999999999951,4.0,4.799999999999951,3.284058552652402,VALID,0.7193831078438557,VALID,2.011507473505651,VALID,1.991500511902466,VALID,2.1017226121719723,VALID,0.3996739467830188,VALID,crazyflie-6dof,2.0.0,65.41827316281893,0.07850192779538272,62.66753238408873,2.52904429795487,0.0784397915103171,0.12,0.49180555838790935,false,100.0,false,65.42063329411144,0.07850475995293373,62.6687062672452,2.529091671808449,0.07844403106434297,0.12,0.4918325111410063,false,100.0,false,65.42000452599436,0.07850400543119322,62.66839353475776,2.529079051009703,0.078457241756386,0.12,0.49182533056501443,false,100.0,false,65.41759519506905,0.07850111423408286,62.667195167710844,2.5290306890712064,0.07845292918001442,0.12,0.49179781603711237,false,100.0,false,[]
1,child-f9d0c0c9a9ae419f6470a221,py-f996c906ee10788ea67a,f996c906ee10,4b81296e5dd75a57ec2747997355f69bfd8a5d1068302c364c372acc996e4530,evt-c02c3babd11042f1a5380398a2ebed7c,45863,Alpha,SIM,vehicle-adapter,2026-08-15T05:18:09.254437Z,4.809999999999951,4.8199999999999505,484,4.809999999999951,,fast-sim-Alpha,1,home,FLYING,true,true,true,simulated,97.80303352487486,-1.275191540801977,0.004032491462399694,0.3994233392785671,-1.2829444501206002,-0.007159973656106491,0.39994892403489224,0.1166255385310508,-0.001331416142441252,0.0005985070180070107,0.00016891668025809288,0.017956219121442886,4.841036472071168e-07,,,,,98.91523686550542,4.189175078867279,4.035881146353051,2.0439191001928205,false,,false,modeled_transport,SIMULATED_MODEL,100.0,30.0,0.0,-0.0649875445319362,0.0007438209936223183,9.802863289573388,0.003993995485435127,0.006718250343619268,-1.9081569447041862e-06,,,,,,0.1166443459931074,-0.0013314726202850072,0.0,0.4000134153318052,89.51220749237714,DEGRADED,4.809999999999951,4.0,4.809999999999951,3.281409745420298,VALID,0.7173617937953934,VALID,2.0072778764205483,VALID,1.9929520305907933,VALID,2.1053500021877336,VALID,0.40230773421619204,VALID,crazyflie-6dof,2.0.0,65.33065351166928,0.07839678421400315,62.62439242310435,2.527446046822217,0.07842569942960918,0.12,0.49086932695967234,false,100.0,false,65.34528753159012,0.07841434503790815,62.631680979993334,2.527740204315541,0.07843324840008818,0.12,0.49103641252522834,false,100.0,false,65.3500231195513,0.07842002774346155,62.634039188112,2.527835378792394,0.07844458782122007,0.12,0.49109048414563883,false,100.0,false,65.33534371126675,0.07840241245352009,62.626728596135884,2.527540331989143,0.07843697044387964,0.12,0.49092287656228106,false,100.0,false,[]
1,child-f9d0c0c9a9ae419f6470a221,py-f996c906ee10788ea67a,f996c906ee10,4b81296e5dd75a57ec2747997355f69bfd8a5d1068302c364c372acc996e4530,evt-ec59a9a74a6949009c6e509cfaaeca89,45864,Alpha,SIM,vehicle-adapter,2026-08-15T05:18:09.265145Z,4.8199999999999505,4.82999999999995,485,4.8199999999999505,,fast-sim-Alpha,1,home,FLYING,true,true,true,simulated,97.80681314733584,-1.2733648642611923,0.003561081185101264,0.40161591776164507,-1.2817666007266901,-0.007173428164370012,0.39995456672457513,0.11773649898983983,-0.0013448732814949173,0.0005642689682894275,0.00021491081804457393,0.018025455362705084,4.769269793725359e-07,,,,,98.91296297455914,4.189152368655054,4.035664729783203,2.0465018516496163,false,,false,modeled_transport,SIMULATED_MODEL,100.0,30.0,0.0,-0.06561233957684741,0.0007488822142369957,9.803636273341137,0.004599426690188746,0.006923623865607488,-2.046289286815144e-06,,,,,,0.11775563344622843,-0.001344929464266489,0.0,0.40001956078729617,89.42977653408593,DEGRADED,4.8199999999999505,4.0,4.8199999999999505,3.2819454174573868,VALID,0.7180175109482108,VALID,2.0084223563111157,VALID,1.9918007492858765,VALID,2.102709255048753,VALID,0.4020899353347479,VALID,crazyflie-6dof,2.0.0,65.38777651481016,0.07846533181777218,62.65311027529894,2.5284694734924154,0.07843029391913192,0.12,0.49147722754959816,false,100.0,false,65.39244427124393,0.07847093312549272,62.65543308162832,2.5285632141681913,0.07843735825030128,0.12,0.4915305287019283,false,100.0,false,65.41375931048256,0.07849651117257908,62.66603776157263,2.5289911834964105,0.0784522335491826,0.12,0.49177394048108053,false,100.0,false,65.40904961319924,0.07849085953583909,62.663694910165,2.5288966338684813,0.07844510530937471,0.12,0.4917201549170091,false,100.0,false,[]
1,child-f9d0c0c9a9ae419f6470a221,py-f996c906ee10788ea67a,f996c906ee10,4b81296e5dd75a57ec2747997355f69bfd8a5d1068302c364c372acc996e4530,evt-24c903ee6b1745efaa6de13ef4f42abb,45865,Alpha,SIM,vehicle-adapter,2026-08-15T05:18:09.275939Z,4.82999999999995,4.83999999999995,486,4.82999999999995,,fast-sim-Alpha,1,home,FLYING,true,true,true,simulated,97.78244331604192,-1.2731223813791432,0.00204519780525568,0.39939446648873134,-1.280577639657473,-0.007187068529302779,0.3999595853583223,0.11884809175405293,-0.0013633284961891018,0.0005018633747189138,0.00026682084819282476,0.018095741500784784,4.7212682975002064e-07,,,,,98.91069387456318,4.189129629745591,4.035965380019534,2.04218999636163,false,,false,modeled_transport,SIMULATED_MODEL,100.0,30.0,0.0,-0.06623743741292831,0.0007564427896556659,9.800815661005172,0.005191011684876928,0.0070286134937426635,-2.172889569446941e-06,,,,,,0.11886755910122725,-0.0013633846560937022,0.0,0.4000250930888743,89.34712921240742,DEGRADED,4.82999999999995,4.0,4.82999999999995,3.2811760957168175,VALID,0.7216994867090638,VALID,2.008153776008454,VALID,1.993958030961462,VALID,2.1009257557865744,VALID,0.4039987261292794,VALID,crazyflie-6dof,2.0.0,65.29387904851961,0.07835265485822354,62.60677352247114,2.526787704914171,0.078408801291055,0.12,0.49048533180898335,false,100.0,false,65.29263845852513,0.07835116615023016,62.60615517454301,2.526762748605864,0.07841374006468468,0.12,0.4904711688926502,false,100.0,false,65.304789157124,0.07836574698854881,62.612210905974095,2.5270071558299296,0.07842854152811897,0.12,0.4906098882426475,false,100.0,false,65.3059908078731,0.07836718896944772,62.61280972494539,2.5270313239563,0.07842354311795034,0.12,0.4906236074173494,false,100.0,false,[]
1,child-f9d0c0c9a9ae419f6470a221,py-f996c906ee10788ea67a,f996c906ee10,4b81296e5dd75a57ec2747997355f69bfd8a5d1068302c364c372acc996e4530,evt-87344202265c4fe2bd2fd0b3e9bd8270,45866,Alpha,SIM,vehicle-adapter,2026-08-15T05:18:09.286677Z,4.83999999999995,4.84999999999995,487,4.83999999999995,,fast-sim-Alpha,1,home,FLYING,true,true,true,simulated,97.75764112780809,-1.2707942917231678,0.002023845416013876,0.3993319362156337,-1.279377556092159,-0.0072009473030733824,0.39996412181809077,0.11996050101498197,-0.0013870306254808642,0.0004536459768444967,0.00032145347492372624,0.018167967219149272,4.704826436737608e-07,,,,,98.9084197882451,4.189106938745632,4.035606112275469,2.0466776862813165,false,,false,modeled_transport,SIMULATED_MODEL,100.0,30.0,0.0,-0.06686289403077145,0.0007668206600025779,9.802231515523065,0.005463265655499906,0.007222571481492878,-2.288818324159247e-06,,,,,,0.1199803091703493,-0.0013870871364798415,0.0,0.400030160650977,89.2641210340418,DEGRADED,4.83999999999995,4.0,4.83999999999995,3.280856286568255,VALID,0.7236978429327332,VALID,2.008099696020752,VALID,1.99333878205342,VALID,2.1012443783177077,VALID,0.3986557700424106,VALID,crazyflie-6dof,2.0.0,65.40441570478718,0.07848529884574461,62.66199666655322,2.528791367549273,0.07842237387506736,0.12,0.49166742081359316,false,100.0,false,65.41523580769118,0.07849828296922941,62.66737934822726,2.5290085913799145,0.07842931065966577,0.12,0.49179098693092027,false,100.0,false,65.40478405654709,0.0784857408678565,62.662179926524296,2.528798763199867,0.07843731801845234,0.12,0.49167162730380903,false,100.0,false,65.39392751124315,0.07847271301349178,62.656778179903725,2.5285807699830776,0.07843032555500476,0.12,0.4915476512329942,false,100.0,false,[]
1,child-f9d0c0c9a9ae419f6470a221,py-f996c906ee10788ea67a,f996c906ee10,4b81296e5dd75a57ec2747997355f69bfd8a5d1068302c364c372acc996e4530,evt-e7cd693223444db192775fa9c6478816,45867,Alpha,SIM,vehicle-adapter,2026-08-15T05:18:09.293489Z,4.84999999999995,4.85999999999995,488,4.84999999999995,,fast-sim-Alpha,1,home,FLYING,true,true,true,simulated,97.75888606806562,-1.270065885551926,0.0021844113341483538,0.4003398714082455,-1.2781663388254456,-0.007215116665566115,0.3999682969252845,0.12107380596259967,-0.0014159484321060697,0.0004175107193693517,0.0003760001535036185,0.01824100344651446,4.720007654166605e-07,,,,,98.90614548450995,4.189084197882451,4.0355686957603645,2.0468733616268615,false,,false,modeled_transport,SIMULATED_MODEL,100.0,30.0,0.0,-0.06748881552473258,0.0007801539382205395,9.803436802547008,0.005454665095831835,0.007303622351316201,-2.3951820291950957e-06,,,,,,0.12109396049840662,-0.0014160056791296882,0.0,0.40003487599649257,89.18092308146896,DEGRADED,4.84999999999995,4.0,4.84999999999995,3.2791691089183614,VALID,0.719625212752964,VALID,2.006117676117225,VALID,1.9940640147182969,VALID,2.1020268511521545,VALID,0.39947692356273573,VALID,crazyflie-6dof,2.0.0,65.4167503386297,0.07850010040635565,62.66857532531901,2.529033407907578,0.07843616729255277,0.12,0.49180966530047654,false,100.0,false,65.41446364244425,0.0784973563709331,62.66743786228498,2.5289875048054506,0.07844069848277815,0.12,0.4917835503626866,false,100.0,false,65.40077384274664,0.07848092861129598,62.66062729434451,2.5287126596576415,0.07844263501094552,0.12,0.49162721364161976,false,100.0,false,65.4030259894623,0.07848363118735475,62.66174782571051,2.528757879470674,0.07843805168043048,0.12,0.49165293232207835,false,100.0,false,[]
1,child-f9d0c0c9a9ae419f6470a221,py-f996c906ee10788ea67a,f996c906ee10,4b81296e5dd75a57ec2747997355f69bfd8a5d1068302c364c372acc996e4530,evt-b984618111294410b0586dfd92313d41,45868,Alpha,SIM,vehicle-adapter,2026-08-15T05:18:09.308467Z,4.85999999999995,4.8699999999999495,489,4.85999999999995,,fast-sim-Alpha,1,home,FLYING,true,true,true,simulated,97.74744475373491,-1.272387181611404,0.0031618808733525584,0.400184557918347,-1.27694397904082,-0.007229626273445854,0.39997204710075845,0.12218810162382,-0.0014498410390661838,0.00037501754739377446,0.0004283400649819429,0.018315081737232737,4.768611134574961e-07,,,,,98.90387334555152,4.1890614548451,4.035692075152387,2.0449250625966835,false,,false,modeled_transport,SIMULATED_MODEL,100.0,30.0,0.0,-0.06811524313749891,0.00079642401431608,9.802797864527829,0.005233982265757063,0.007407828674112965,-2.4932537705129802e-06,,,,,,0.12220860869686671,-0.0014498994388305114,0.0,0.40003917693232527,89.09750268728818,DEGRADED,4.85999999999995,4.0,4.85999999999995,3.276295415662445,VALID,0.7219547952168742,VALID,2.0062469829217346,VALID,1.991078166830334,VALID,2.098779801298916,VALID,0.40022824796090145,VALID,crazyflie-6dof,2.0.0,65.36689515984753,0.07844027419181702,62.644215473046174,2.5281276393871095,0.07843308713446885,0.12,0.49127957605012645,false,100.0,false,65.3724893347999,0.07844698720175987,62.64700029905129,2.528240026389505,0.078438159994233,0.12,0.49134345652819306,false,100.0,false,65.35844998068445,0.07843013997682134,62.64001090509059,2.5279579559713317,0.07843542974412729,0.12,0.49118314289909715,false,100.0,false,65.3528225601927,0.07842338707223125,62.63720887697881,2.527844874744881,0.07843030779069192,0.12,0.49111888711926677,false,100.0,false,[]
1,child-f9d0c0c9a9ae419f6470a221,py-f996c906ee10788ea67a,f996c906ee10,4b81296e5dd75a57ec2747997355f69bfd8a5d1068302c364c372acc996e4530,evt-55baa756e50d4257a586f10aacddf704,45869,Alpha,SIM,vehicle-adapter,2026-08-15T05:18:09.319966Z,4.8699999999999495,4.879999999999949,490,4.8699999999999495,,fast-sim-Alpha,1,home,FLYING,true,true,true,simulated,97.74626009957775,-1.2681934882269057,0.002906622055410167,0.3999355946091479,-1.2757104599309277,-0.007244523213327169,0.399975352773572,0.12330407630751697,-0.0014884501912718617,0.000330567281359162,0.0004783289763672458,0.01839655077696081,4.879514428226651e-07,,,,,98.90160080046388,4.189038733455515,4.035641940040303,2.0452905788698716,false,,false,modeled_transport,SIMULATED_MODEL,100.0,30.0,0.0,-0.06874222238349344,0.0008154930086245078,9.802599871409308,0.004998870783509598,0.008146903645391996,-2.5844266916557294e-06,,,,,,0.12332495671272843,-0.001488510527958191,0.0,0.4000430905290735,89.01286498252199,DEGRADED,4.8699999999999495,4.0,4.8699999999999495,3.282351861147926,VALID,0.7270605422998803,VALID,2.0067729247920285,VALID,1.993711534095787,VALID,2.101434860886992,VALID,0.3986013064898251,VALID,crazyflie-6dof,2.0.0,65.34725613263366,0.07841670735916038,62.63477080832573,2.5277150797889143,0.07842465158862916,0.12,0.49105124396542293,false,100.0,false,65.39843538884888,0.07847812246661866,62.66024706719465,2.5287432103765815,0.07844372129907566,0.12,0.4916356661380005,false,100.0,false,65.3948068018931,0.07847376816227171,62.65844152248007,2.5286703450568337,0.07844058782299665,0.12,0.49159422613675263,false,100.0,false,65.343595007546,0.0784123140090552,62.63294752794558,2.5276414987212084,0.07842147151938794,0.12,0.49100944262969587,false,100.0,false,[]
1,child-f9d0c0c9a9ae419f6470a221,py-f996c906ee10788ea67a,f996c906ee10,4b81296e5dd75a57ec2747997355f69bfd8a5d1068302c364c372acc996e4530,evt-e4d09651e5344d76961f7ee0942e7a4f,45870,Alpha,SIM,vehicle-adapter,2026-08-15T05:18:09.331929Z,4.879999999999949,4.889999999999949,491,4.879999999999949,,fast-sim-Alpha,1,home,FLYING,true,true,true,simulated,97.75432707292683,-1.2679220286920012,0.001962737116999406,0.40187239113542567,-1.2744657571122446,-0.007259851268747317,0.3999782422516075,0.12442240122680617,-0.0015314451010887303,0.0002889478035450477,0.0005251954429981658,0.018484945434064395,5.056028744880155e-07,,,,,98.89932763737777,4.189016008004639,4.0355774996926295,2.045846777502908,false,,false,modeled_transport,SIMULATED_MODEL,100.0,30.0,0.0,-0.06937015860616486,0.0008372166240226391,9.80288147507501,0.004686614115234137,0.008839465491337555,-2.670466838498522e-06,,,,,,0.12444367549378887,-0.001531508220630391,0.0,0.4000466420787357,88.92704577890918,DEGRADED,4.879999999999949,4.0,4.879999999999949,3.27776515254285,VALID,0.7272744418581675,VALID,2.0070645747162463,VALID,1.9905873850807267,VALID,2.097117399597147,VALID,0.4002215511783771,VALID,crazyflie-6dof,2.0.0,65.38140960482166,0.07845769152578598,62.65212989568651,2.528375257148524,0.07842810808684032,0.12,0.49143428353713225,false,100.0,false,65.39483325993784,0.0784737999119254,62.65881033572446,2.528644851483576,0.07844644027721197,0.12,0.49158757775198453,false,100.0,false,65.38622645626133,0.0784634717475136,62.65452722930609,2.5284720034046684,0.07844151976034566,0.12,0.4914892894367279,false,100.0,false,65.37276998086445,0.07844732397703734,62.64782949974202,2.528201711337391,0.07842314277211902,0.12,0.4913356267770631,false,100.0,false,[]
1,child-f9d0c0c9a9ae419f6470a221,py-f996c906ee10788ea67a,f996c906ee10,4b81296e5dd75a57ec2747997355f69bfd8a5d1068302c364c372acc996e4530,evt-08c5f32046864913a852729742fe6ca6,45871,Alpha,SIM,vehicle-adapter,2026-08-15T05:18:09.344276Z,4.899999999999949,4.909999999999949,493,4.899999999999949,,fast-sim-Alpha,1,home,FLYING,true,true,true,simulated,97.79011169223926,-1.264908706454846,0.002176322436347614,0.4001810587621444,-1.2719426819763053,-0.0072919470252722765,0.39998196875835945,0.1266690828671363,-0.001628341492181825,0.00015314433349788992,0.0006022482586014607,0.018684582686619666,5.626679516686742e-07,,,,,98.89478636883058,4.1889705869349445,4.035588672125618,2.0450921974369987,false,,false,modeled_transport,SIMULATED_MODEL,100.0,30.0,0.0,-0.0706304779936038,0.0008877603359807185,9.800406095314461,0.0035674536135013456,0.010298357102228378,-2.83568404503985e-06,,,,,,0.1266912144454891,-0.0016284130601300776,0.0,0.40005187104459383,88.7514215571586,DEGRADED,4.899999999999949,4.0,4.899999999999949,3.2686046486564657,VALID,0.7276861531046134,VALID,2.010092604491031,VALID,1.9884694963776584,VALID,2.1007406439211334,VALID,0.3995103467735136,VALID,crazyflie-6dof,2.0.0,65.36896819910115,0.07844276183892138,62.64649373870276,2.528154804802973,0.07841146918969209,0.12,0.491307604449309,false,100.0,false,65.37375640596797,0.07844850768716155,62.64887732870822,2.528250996691223,0.07842907588238748,0.12,0.4913622821760658,false,100.0,false,65.36293410747382,0.07843552092896858,62.643489672718445,2.528033573056407,0.07841815238680205,0.12,0.49123870144243564,false,100.0,false,65.35810936482889,0.07842973123779468,62.641087463822466,2.52793662978632,0.07840050185966525,0.12,0.4911836093691881,false,100.0,false,[]
1,child-f9d0c0c9a9ae419f6470a221,py-f996c906ee10788ea67a,f996c906ee10,4b81296e5dd75a57ec2747997355f69bfd8a5d1068302c364c372acc996e4530,evt-fef0dc5969814cfc85e5ce0816870fcc,45872,Alpha,SIM,vehicle-adapter,2026-08-15T05:18:09.354541Z,4.909999999999949,4.919999999999948,494,4.909999999999949,,fast-sim-Alpha,1,home,FLYING,true,true,true,simulated,97.78050172150974,-1.2630685107042738,0.002225802315156041,0.39944429945662036,-1.2706642261673493,-0.007308772229051112,0.39998289679365967,0.1277986654692722,-0.0016809457637323704,9.280353002183439e-05,0.0006307550776245824,0.018794035157822735,6.009558043811714e-07,,,,,98.89251351008747,4.1889478636883055,4.0355298985298,2.0455728688066652,false,,false,modeled_transport,SIMULATED_MODEL,100.0,30.0,0.0,-0.0712636524766347,0.0009159397210676051,9.801008923052343,0.002850610157914261,0.010945247412379266,-2.9196503793684118e-06,,,,,,0.12782125796224586,-0.001681022899480996,0.0,0.40005362690349006,88.66183065506608,DEGRADED,4.909999999999949,4.0,4.909999999999949,3.2684193549822025,VALID,0.7273454474014792,VALID,2.0102747500454963,VALID,1.9910144064488322,VALID,2.0983815500478245,VALID,0.3975615713107166,VALID,crazyflie-6dof,2.0.0,65.37904057654022,0.07845484869184827,62.651859032459335,2.52833450323964,0.078417596958201,0.12,0.4914169107002668,false,100.0,false,65.3955577709946,0.07847466932519351,62.66007923985585,2.528666232166847,0.07843575198234087,0.12,0.491605535590045,false,100.0,false,65.3749100008852,0.07844989200106223,62.64980299367176,2.528251531179642,0.0784213878497518,0.12,0.49136974222899715,false,100.0,false,65.35835289455582,0.07843002347346698,62.64156010279242,2.5279188868537026,0.07840318798655574,0.12,0.4911806802873564,false,100.0,false,[]
1,child-f9d0c0c9a9ae419f6470a221,py-f996c906ee10788ea67a,f996c906ee10,4b81296e5dd75a57ec2747997355f69bfd8a5d1068302c364c372acc996e4530,evt-f80c11c404554a9daf00e44f936d0a00,45873,Alpha,SIM,vehicle-adapter,2026-08-15T05:18:09.364895Z,4.919999999999948,4.929999999999948,495,4.919999999999948,,fast-sim-Alpha,1,home,FLYING,true,true,true,simulated,97.76949165769504,-1.2607649357095654,0.003669278339337674,0.4012953208570895,-1.269374424408358,-0.007326141151272637,0.39998338736343453,0.12893311657353743,-0.0017352716595931978,4.9056977485806286e-05,0.0006511289769611536,0.01890882967671157,6.444621957423951e-07,,,,,98.89023893163485,4.188925135100875,4.035391089549994,2.0471206073483392,false,,false,modeled_transport,SIMULATED_MODEL,100.0,30.0,0.0,-0.07189929595738502,0.0009455445252429442,9.802669746176681,0.002037307922805472,0.011479452332179313,-3.007797455104368e-06,,,,,,0.1289561898785204,-0.0017353551199805748,0.0,0.40005498862119265,88.57118739864002,DEGRADED,4.919999999999948,4.0,4.919999999999948,3.273430755306603,VALID,0.7296528425352427,VALID,2.008207386889283,VALID,1.9927210243462623,VALID,2.098588244993068,VALID,0.39972796352451084,VALID,crazyflie-6dof,2.0.0,65.41912448804311,0.07850294938565174,62.672182854640745,2.5290676825426517,0.0784330865318105,0.12,0.4918508119220039,false,100.0,false,65.4267816178237,0.07851213794138844,62.675991397618404,2.5292213721466137,0.07844901211220418,0.12,0.4919382644681458,false,100.0,false,65.40677197324345,0.07848812636789214,62.66603787948236,2.528819708762655,0.07843225317470005,0.12,0.49170973985914573,false,100.0,false,65.39907065707499,0.07847888478848998,62.662206088892184,2.5286650810266087,0.07841628072726302,0.12,0.4916217910990436,false,100.0,false,[]
1,child-f9d0c0c9a9ae419f6470a221,py-f996c906ee10788ea67a,f996c906ee10,4b81296e5dd75a57ec2747997355f69bfd8a5d1068302c364c372acc996e4530,evt-96519aa6eecb457da529e866d7e74550,45874,Alpha,SIM,vehicle-adapter,2026-08-15T05:18:09.375484Z,4.929999999999948,4.939999999999948,496,4.929999999999948,,fast-sim-Alpha,1,home,FLYING,true,true,true,simulated,97.75126672533027,-1.2629336305346743,0.002845710165853924,0.3995761265653914,-1.2680732284093246,-0.0073440644449587885,0.3999832793878427,0.13007268483575266,-0.0017906889929759863,-1.0797559180097949e-05,0.0006652248689479931,0.019026333852003603,6.907845182015045e-07,,,,,98.887968371249,4.188902389316349,4.03563956327038,2.043504347263928,false,,false,modeled_transport,SIMULATED_MODEL,100.0,30.0,0.0,-0.07253769182894841,0.000976115211283806,9.801059967350843,0.0014095013417314954,0.01175041804617254,-3.1024550948129935e-06,,,,,,0.1300962530641069,-0.0017907792414039794,0.0,0.400055776076101,88.47986559514929,DEGRADED,4.929999999999948,4.0,4.929999999999948,3.2667302744406403,VALID,0.7346650343299129,VALID,2.008387592175973,VALID,1.9942687338804232,VALID,2.1033567538273727,VALID,0.39700724513133456,VALID,crazyflie-6dof,2.0.0,65.33113863952318,0.0783973663674278,62.62885057982389,2.527474672020864,0.07842108532253218,0.12,0.49091496976846893,false,100.0,false,65.3256890030834,0.07839082680370008,62.62613574478699,2.527365111064037,0.07843142822198605,0.12,0.49085274534919887,false,100.0,false,65.3243524438823,0.07838922293265876,62.625469876188525,2.527338239007438,0.07841843576501288,0.12,0.4908374846494646,false,100.0,false,65.32975293294392,0.0783957035195327,62.62816028825225,2.527446814341097,0.07840804299272092,0.12,0.4908991474967953,false,100.0,false,[]
1,child-f9d0c0c9a9ae419f6470a221,py-f996c906ee10788ea67a,f996c906ee10,4b81296e5dd75a57ec2747997355f69bfd8a5d1068302c364c372acc996e4530,evt-bc8b2660e7184503bea768590edb82ad,45875,Alpha,SIM,vehicle-adapter,2026-08-15T05:18:09.386007Z,4.939999999999948,4.949999999999948,497,4.939999999999948,,fast-sim-Alpha,1,home,FLYING,true,true,true,simulated,97.72522698483898,-1.2603551489109304,0.0029255992992082147,0.4006008363706174,-1.2667605779070414,-0.007362546794427737,0.39998272635415166,0.1312179520717535,-0.0018465795029880593,-5.530336910641864e-05,0.0006730811291125016,0.01915023971011638,7.416502214731656e-07,,,,,98.88569392855344,4.18887968371249,4.035354801761968,2.0469984260046963,false,,false,modeled_transport,SIMULATED_MODEL,100.0,30.0,0.0,-0.07317896994947008,0.0010073000458224101,9.80259705856051,0.0007855289284376947,0.012390586456259333,-3.2055544989930057e-06,,,,,,0.13124203907514634,-0.0018466772391184229,0.0,0.40005617135217264,88.38727885884144,DEGRADED,4.939999999999948,4.0,4.939999999999948,3.2651656268038964,VALID,0.7310340129459563,VALID,2.0087761016686327,VALID,1.9957650937005131,VALID,2.0984100216986423,VALID,0.3988302205576424,VALID,crazyflie-6dof,2.0.0,65.39715367964676,0.0784765844155761,62.66197235478772,2.528632910297683,0.07842925258646727,0.12,0.4916079156597822,false,100.0,false,65.43334550582449,0.07852001460698939,62.67997613530804,2.529359426719408,0.0784478134422865,0.12,0.49202125698583643,false,100.0,false,65.4219932427666,0.07850639189131993,62.67433006342317,2.5291315876864915,0.07843466591608829,0.12,0.4918915968065337,false,100.0,false,65.38574699863837,0.07846289639836602,62.656295816639826,2.5284038418429584,0.07841605136024056,0.12,0.49147765655254394,false,100.0,false,[]
1,child-f9d0c0c9a9ae419f6470a221,py-f996c906ee10788ea67a,f996c906ee10,4b81296e5dd75a57ec2747997355f69bfd8a5d1068302c364c372acc996e4530,evt-b0a4b68ffce14ab79ea33ffc61930ec4,45876,Alpha,SIM,vehicle-adapter,2026-08-15T05:18:09.396686Z,4.949999999999948,4.959999999999948,498,4.949999999999948,,fast-sim-Alpha,1,home,FLYING,true,true,true,simulated,97.72000058924354,-1.2589138170018406,0.002965074019581883,0.3990920372420888,-1.2654364100561901,-0.007381586875513342,0.39998168718066396,0.13236954322870165,-0.0019023542450528905,-0.000103917348776017,0.0006749675201213603,0.019280894168347083,7.965355533903243e-07,,,,,98.88342167440443,4.188856939285534,4.035479784228431,2.04502873411857,false,,false,modeled_transport,SIMULATED_MODEL,100.0,30.0,0.0,-0.073823465623687,0.0010387508794121878,9.802188778743583,0.000188533642098915,0.013065446572510436,-3.3189089418919437e-06,,,,,,0.1323941746659014,-0.001902460115462125,0.0,0.40005613699964077,88.29333720956527,DEGRADED,4.949999999999948,4.0,4.949999999999948,3.266995315596696,VALID,0.7320028200539447,VALID,2.0084622747796614,VALID,1.9938005640371523,VALID,2.098532304876898,VALID,0.40166819612500176,VALID,crazyflie-6dof,2.0.0,65.3584294428557,0.07843011533142683,62.6431545818655,2.5279518393541487,0.07842528240524817,0.12,0.49120550613119285,false,100.0,false,65.37727756830245,0.07845273308196293,62.65253809093908,2.528330508965864,0.0784448495582473,0.12,0.49142074251106665,false,100.0,false,65.36751003986754,0.07844101204784104,62.64767570816956,2.528134288492168,0.07843205754961399,0.12,0.49130919968158615,false,100.0,false,65.34860169690315,0.07841832203628377,62.63826069231163,2.5277543474305397,0.07841243208983227,0.12,0.491093285794724,false,100.0,false,[]
1,child-f9d0c0c9a9ae419f6470a221,py-f996c906ee10788ea67a,f996c906ee10,4b81296e5dd75a57ec2747997355f69bfd8a5d1068302c364c372acc996e4530,evt-1c5d8da72f974147b3511c422797cf95,45877,Alpha,SIM,vehicle-adapter,2026-08-15T05:18:09.407768Z,4.959999999999948,4.969999999999947,499,4.959999999999948,,fast-sim-Alpha,1,home,FLYING,true,true,true,simulated,97.73279053498638,-1.2579686786650217,0.001677703613884308,0.3996362366567126,-1.2641006513026058,-0.007401178069116997,0.3999803715540756,0.13352804487350023,-0.0019574658036362047,-0.00013156265883385032,0.0006712736258643994,0.019417879657877626,8.543126915706439e-07,,,,,98.88114600727337,4.188834216744044,4.035226685399794,2.048100417939905,false,,false,modeled_transport,SIMULATED_MODEL,100.0,30.0,0.0,-0.0744715337784419,0.0010701363617781293,9.804289286313823,-0.0003695012139410621,0.013698549759521153,-3.4441434663953684e-06,,,,,,0.13355324632116145,-0.001957580319389841,0.0,0.40005588064662273,88.19806592622956,DEGRADED,4.959999999999948,4.0,4.959999999999948,3.264368767197684,VALID,0.7379656672012456,VALID,2.0102103914882186,VALID,1.9959644755121304,VALID,2.102167737729236,VALID,0.40436905539995444,VALID,crazyflie-6dof,2.0.0,65.43195466259112,0.07851834559510935,62.680083419408405,2.5292834525708194,0.07844206652037643,0.12,0.49199363766108634,false,100.0,false,65.44605085026593,0.07853526102031912,62.687092963074384,2.529566303547354,0.07846097246990134,0.12,0.4921546402151121,false,100.0,false,65.43749771027638,0.07852499725233165,62.682839979138095,2.529394686004631,0.07844881011465876,0.12,0.492056947442372,false,100.0,false,65.4233350773502,0.07850800209282023,62.67579639419948,2.529110461385579,0.07842984054334261,0.12,0.4918951926213345,false,100.0,false,[]
1,child-f9d0c0c9a9ae419f6470a221,py-f996c906ee10788ea67a,f996c906ee10,4b81296e5dd75a57ec2747997355f69bfd8a5d1068302c364c372acc996e4530,evt-6a5483fa1ec345ea9a5a649bb5cd5ba2,45878,Alpha,SIM,vehicle-adapter,2026-08-15T05:18:09.413743Z,4.969999999999947,4.979999999999947,500,4.969999999999947,,fast-sim-Alpha,1,home,FLYING,true,true,true,simulated,97.71163132269515,-1.2550735653777252,0.0018374172837383133,0.3995453437372257,-1.262753224838452,-0.00742130650623908,0.3999788544116841,0.13469403592518128,-0.002011202922698243,-0.00015171423914384086,0.0006602412496343943,0.019561209010563026,9.139202954102066e-07,,,,,98.87887147795897,4.188811460072734,4.035280731349277,2.047076382962061,false,,false,modeled_transport,SIMULATED_MODEL,100.0,30.0,0.0,-0.07512350172030488,0.0011011515861884553,9.805042684320842,-0.0011033537881613832,0.014332936084546614,-3.582630531533187e-06,,,,,,0.13471983389915246,-0.0020113264606977043,0.0,0.40005547794390717,88.10143680185321,DEGRADED,4.969999999999947,4.0,4.969999999999947,3.2605322066338416,VALID,0.7367934043242862,VALID,2.008669864337456,VALID,1.991376465030138,VALID,2.0975078817793085,VALID,0.39608497052542674,VALID,crazyflie-6dof,2.0.0,65.41373969316149,0.07849648763179379,62.671539320295324,2.528972550231863,0.0784500621575525,0.12,0.4918101366580555,false,100.0,false,65.43040267877227,0.07851648321452673,62.679827632724724,2.5293070069062806,0.07846923664974786,0.12,0.49200045363058603,false,100.0,false,65.40658820572708,0.07848790584687249,62.667981407983774,2.5288289784819167,0.07845299801525503,0.12,0.4917284603110187,false,100.0,false,65.3898523034841,0.07846782276418093,62.65965353984038,2.528492925623394,0.07843375397658257,0.12,0.49153733236240055,false,100.0,false,[]
1,child-f9d0c0c9a9ae419f6470a221,py-f996c906ee10788ea67a,f996c906ee10,4b81296e5dd75a57ec2747997355f69bfd8a5d1068302c364c372acc996e4530,evt-5307615cfcbc4622b87e35d692b652dc,45879,Alpha,SIM,vehicle-adapter,2026-08-15T05:18:09.429954Z,4.979999999999947,4.989999999999947,501,4.979999999999947,,fast-sim-Alpha,1,home,FLYING,true,true,true,simulated,97.71134582544683,-1.2526793699751657,0.0021869052668795396,0.4002750256032524,-1.2613940510766493,-0.007441950429023155,0.3999772082939906,0.13586781014087873,-0.0020627798576152777,-0.0001646117693598903,0.0006410883236773457,0.019707829590273833,9.719782282970532e-07,,,,,98.87659669516631,4.18878871477959,4.035240876276294,2.0473045133891525,false,,false,modeled_transport,SIMULATED_MODEL,100.0,30.0,0.0,-0.07577970083264904,0.001131395185650027,9.805772391947894,-0.0019154065823998702,0.014662058671218047,-3.7354111626150767e-06,,,,,,0.1358942239033363,-0.002062912342090216,0.0,0.4000549783598213,88.00389018707045,DEGRADED,4.979999999999947,4.0,4.979999999999947,3.2628138431343934,VALID,0.7364144686022542,VALID,2.0108034789521407,VALID,1.991408502360002,VALID,2.0990338389965366,VALID,0.40085439986634974,VALID,crazyflie-6dof,2.0.0,65.42805309568199,0.07851366371481838,62.679109022771605,2.5292530281726626,0.07846023605331076,0.12,0.4919745924197302,false,100.0,false,65.42233548863179,0.07850680258635814,62.67626516237408,2.5291382715554374,0.07847294089086118,0.12,0.4919092875644893,false,100.0,false,65.40209502290837,0.07848251402749004,62.66619566621991,2.5287319431305897,0.07845470445769614,0.12,0.49167812118931337,false,100.0,false,65.40773316969923,0.07848927980363907,62.66900094540049,2.5288451429027776,0.07844192367137276,0.12,0.49174251221561965,false,100.0,false,[]
1,child-f9d0c0c9a9ae419f6470a221,py-f996c906ee10788ea67a,f996c906ee10,4b81296e5dd75a57ec2747997355f69bfd8a5d1068302c364c372acc996e4530,evt-f8aec4e73c6a4e2f81067da63a980577,45880,Alpha,SIM,vehicle-adapter,2026-08-15T05:18:09.441916Z,4.989999999999947,4.999999999999947,502,4.989999999999947,,fast-sim-Alpha,1,home,FLYING,true,true,true,simulated,97.69308660595954,-1.2509922593840617,0.002301364700709644,0.39922937810060066,-1.2600230544346895,-0.007463080482847795,0.3999753749634168,0.137049245302999,-0.002111445665680692,-0.00018333305737416872,0.000614149525430463,0.019853440954558207,1.0243476319636213e-06,,,,,98.87432348239871,4.188765966951664,4.035324105138784,2.04589149085286,false,,false,modeled_transport,SIMULATED_MODEL,100.0,30.0,0.0,-0.0764402941713434,0.001160423473090479,9.80519384409214,-0.0026939834081036013,0.014561136873789578,-3.902929357391085e-06,,,,,,0.1370762829309484,-0.0021115864499731685,0.0,0.4000542903280994,87.90607052228344,DEGRADED,4.989999999999947,4.0,4.989999999999947,3.2598728132485104,VALID,0.7409931714295142,VALID,2.007790790037964,VALID,1.9940595285776497,VALID,2.0991487975364733,VALID,0.4005535167361292,VALID,crazyflie-6dof,2.0.0,65.3987519205483,0.07847850230465796,62.66499026811707,2.528735457772201,0.07846019585830381,0.12,0.4916699793545547,false,100.0,false,65.37804667425263,0.07845365600910316,62.65468541022102,2.528319623357522,0.07846357070888677,0.12,0.4914335122264093,false,100.0,false,65.36427663148625,0.0784371319577835,62.647830198989254,2.528042993366228,0.07844576138578407,0.12,0.49127626254689016,false,100.0,false,65.38489629990315,0.07846187555988378,62.658094812522435,2.528457203790432,0.07844230394953806,0.12,0.4915117367250055,false,100.0,false,[]
1,child-f9d0c0c9a9ae419f6470a221,py-f996c906ee10788ea67a,f996c906ee10,4b81296e5dd75a57ec2747997355f69bfd8a5d1068302c364c372acc996e4530,evt-f2577f128d634865af9bb56513045bac,45884,Alpha,SIM,vehicle-adapter,2026-08-15T05:18:10.115017Z,5.659999999999933,5.669999999999932,504,5.659999999999933,,fast-sim-Alpha,1,home,LANDING,true,true,true,simulated,97.63687859226776,-1.1663122322215453,0.0033474595239522086,0.4005859464849385,-1.1741759462785677,-0.008626976214613781,0.39982960408747564,0.014622143459828001,-0.0007142817994797629,5.396148947678365e-05,0.00018503108241961513,-0.01607464652996198,-3.1355412798026216e-07,,,,,98.72176096170406,4.187240365175175,4.033640347774854,2.0480002320130466,false,,false,modeled_transport,SIMULATED_MODEL,100.0,30.0,0.0,-0.009164244251679332,0.00039379057105510813,9.813527088643877,0.005259545547514806,0.4082987501492814,-8.366266304068303e-05,,,,,,0.014624030901549262,-0.0007142772268734626,0.0,0.39988127333247364,96.41795990426395,DEGRADED,5.659999999999933,4.0,5.659999999999933,3.1772349097342176,VALID,0.828833708623753,VALID,2.007306066739098,VALID,1.9926340363363162,VALID,2.102744116368061,VALID,0.3970524788973786,VALID,crazyflie-6dof,2.0.0,65.88296720497428,0.07905956064596913,62.934829416887204,2.5385646721628405,0.07883606858123095,0.12,0.4974975540487607,false,100.0,false,64.92705031411718,0.07791246037694062,62.458971359900815,2.5193702695781,0.07818431732268413,0.12,0.48657267687215094,false,100.0,false,64.92030306424809,0.0779043636770977,62.45558566020804,2.5192337026292373,0.07817754996260731,0.12,0.4864957430150644,false,100.0,false,65.8774414225049,0.07905292970700588,62.932100188382755,2.538454584900702,0.07883020708684904,0.12,0.4974342580770705,false,100.0,false,"[""ABORT:TELEMETRY_STALE""]"
1,child-f9d0c0c9a9ae419f6470a221,py-f996c906ee10788ea67a,f996c906ee10,4b81296e5dd75a57ec2747997355f69bfd8a5d1068302c364c372acc996e4530,evt-2a706223aa314f3d943f7a6f89496e55,45885,Alpha,SIM,vehicle-adapter,2026-08-15T05:18:10.175539Z,5.719999999999931,5.729999999999931,510,5.719999999999931,,fast-sim-Alpha,1,home,LANDING,true,true,true,simulated,97.60186615615402,-1.1659060501519245,0.0028754846214203763,0.4011933878909825,-1.1734782685369753,-0.008674945183510026,0.3998416586061159,0.01055877651215879,-0.0008715749838058812,0.00029065713464948546,0.00035762994431183374,-0.0017286726280297707,-6.098399496268706e-07,,,,,98.70810742959011,4.1871038253804524,4.03353400466219,2.047597609576448,false,,false,modeled_transport,SIMULATED_MODEL,100.0,30.0,0.0,-0.006068815439374393,0.0004731913406253881,9.809430977060039,0.0006970445623305384,0.10880256119482307,-6.29665179664186e-05,,,,,,0.010558792281316133,-0.0008715686003784356,0.0,0.3998422816018334,99.00674756427168,DEGRADED,5.719999999999931,4.0,5.719999999999931,3.1711247019803257,VALID,0.8257938906270659,VALID,2.0098388102269285,VALID,1.9939318038782141,VALID,2.0999967247426907,VALID,0.4004375136851915,VALID,crazyflie-6dof,2.0.0,65.85705760830962,0.07902846912997154,62.92336261303812,2.538035227873788,0.07902991933005156,0.12,0.4972063199880802,false,100.0,false,64.92947248753981,0.07791536698504777,62.46150920636468,2.519406213663924,0.07793812896990127,0.12,0.48660575643233095,false,100.0,false,64.92782646085156,0.07791339175302188,62.4606832983472,2.5193729003831913,0.07792258375662808,0.12,0.48658698742974515,false,100.0,false,65.85637883898364,0.07902765460678036,62.92302722695491,2.5380216999620746,0.07901556478140599,0.12,0.49719854572629174,false,100.0,false,"[""ABORT:TELEMETRY_STALE""]"
1,child-f9d0c0c9a9ae419f6470a221,py-f996c906ee10788ea67a,f996c906ee10,4b81296e5dd75a57ec2747997355f69bfd8a5d1068302c364c372acc996e4530,evt-f84f03b9e48f45f685cea28c5d035b07,45886,Alpha,SIM,vehicle-adapter,2026-08-15T05:18:10.233495Z,5.77999999999993,5.78999999999993,516,5.77999999999993,,fast-sim-Alpha,1,home,LANDING,true,true,true,simulated,97.55126853174876,-1.162913929897076,0.0038638929123326927,0.3984116109980437,-1.1728909229731863,-0.008733062663584019,0.3998608120173796,0.008910702584601034,-0.0010271963154576446,0.0002875870773910713,0.0002579763084839588,-0.004527000580182029,-4.483987716976344e-06,,,,,98.69446519190485,4.186967373434197,4.03359714618934,2.044936363275231,false,,false,modeled_transport,SIMULATED_MODEL,100.0,30.0,0.0,-0.005291809299854074,0.0005667328962938654,9.802850932968894,-0.0032171122420830353,-0.13580256725098344,-4.272578586380051e-05,,,,,,0.008910797298477463,-0.0010271563941459199,0.0,0.3998649226788372,98.66416950934727,DEGRADED,5.77999999999993,4.0,5.77999999999993,3.1763296720409206,VALID,0.8300129691020086,VALID,2.008666160680166,VALID,1.9952107545291724,VALID,2.0994903760353436,VALID,0.40242158551306667,VALID,crazyflie-6dof,2.0.0,65.46528803142958,0.0785583456377155,62.7302695782568,2.530286363505446,0.07876551431804311,0.12,0.49276371848984,false,100.0,false,65.19749526383093,0.07823699431659711,62.59679636530626,2.524902591796946,0.0780949804532477,0.12,0.48970392092077736,false,100.0,false,65.19696618604962,0.07823635942325954,62.59653207537475,2.524891931405811,0.07808203126596774,0.12,0.48969787957982663,false,100.0,false,65.4659112780067,0.07855909353360804,62.73057952689217,2.530298865584757,0.07875382478334511,0.12,0.492770844284787,false,100.0,false,"[""ABORT:TELEMETRY_STALE""]"
